Date,Adj Close,Close,High,Low,Open,Volume,Corrected_Adj_Close
2011-12-23,12.073854446411133,14.404643058776855,14.413928985595703,14.267499923706055,14.274642944335938,269399200,12.25920834668988
2011-12-27,12.169650077819824,14.518928527832031,14.610357284545898,14.393570899963379,14.396429061889648,265076000,12.356474601584225
2011-12-28,12.053197860717773,14.380000114440918,14.58035659790039,14.333571434020996,14.53178596496582,228662000,12.238234647787834
2011-12-29,12.127437591552734,14.468570709228516,14.487500190734863,14.303929328918457,14.407142639160156,215978000,12.313614082909192
2011-12-30,12.123845100402832,14.464285850524902,14.510000228881836,14.410357475280762,14.411070823669434,179662000,12.309966440999496
2012-01-03,12.310344696044922,14.686785697937012,14.73214340209961,14.60714340209961,14.621429443359375,302220800,12.49932911798865
2012-01-04,12.37650203704834,14.765713691711426,14.8100004196167,14.617142677307129,14.64285659790039,260022000,12.566502085049304
2012-01-05,12.513907432556152,14.929642677307129,14.948213577270508,14.738213539123535,14.819643020629883,271269600,12.706016883655336
2012-01-06,12.644723892211914,15.085714340209961,15.098214149475098,14.972143173217773,14.991786003112793,318292800,12.838841595201616
2012-01-09,12.624664306640625,15.061785697937012,15.276785850524902,15.048213958740234,15.196429252624512,394024400,12.818474061374026
2012-01-10,12.669867515563965,15.115714073181152,15.214285850524902,15.053570747375488,15.211071014404297,258196400,12.864371215310223
2012-01-11,12.649212837219238,15.091071128845215,15.101785659790039,14.975357055664062,15.09571361541748,215084800,12.843399453037808
2012-01-12,12.61448860168457,15.049642562866211,15.103570938110352,14.95535659790039,15.081428527832031,212587200,12.808142142293471
2012-01-13,12.567192077636719,14.993213653564453,15.016071319580078,14.952142715454102,14.989286422729492,226021600,12.760119537337422
2012-01-17,12.713573455810547,15.16785717010498,15.213929176330566,15.105713844299316,15.149999618530273,242897200,12.908748114986208
2012-01-18,12.845593452453613,15.325357437133789,15.338213920593262,15.225000381469727,15.248571395874023,276791200,13.04279483982955
2012-01-19,12.804879188537598,15.276785850524902,15.406070709228516,15.232500076293945,15.362500190734863,261738400,13.001455543729545
2012-01-20,12.581855773925781,15.010713577270508,15.26785659790039,14.991070747375488,15.267499923706055,413974400,12.775008345939353
2012-01-23,12.794699668884277,15.264642715454102,15.301786422729492,15.08214282989502,15.095356941223145,306062400,12.991119751389729
2012-01-24,12.58515453338623,15.014642715454102,15.182143211364746,14.983928680419922,15.182143211364746,547638000,12.778357746885899
2012-01-25,13.370955467224121,15.952142715454102,16.230356216430664,15.84749984741211,16.229999542236328,958314000,13.576222041978971
2012-01-26,13.310188293457031,15.879643440246582,16.028213500976562,15.82642936706543,16.01285743713379,323985200,13.514521990255083
2012-01-27,13.389518737792969,15.974286079406738,16.01714324951172,15.848929405212402,15.869285583496094,299709200,13.595070289861164
2012-01-30,13.56104850769043,16.17892837524414,16.21071434020996,15.90678596496582,15.918213844299316,379341200,13.769233329192634
2012-01-31,13.664923667907715,16.3028564453125,16.365713119506836,16.18107032775879,16.27107048034668,391683600,13.874703147203236
2012-02-01,13.656238555908203,16.292499542236328,16.392499923706055,16.269643783569336,16.37178611755371,270046000,13.865884704179187
2012-02-02,13.6242094039917,16.25428581237793,16.327499389648438,16.213571548461914,16.282142639160156,186796400,13.833363851103233
2012-02-03,13.76071548461914,16.417142868041992,16.428571701049805,16.270000457763672,16.332143783569336,286599600,13.971965528838322
2012-02-06,13.889141082763672,16.570356369018555,16.606428146362305,16.364286422729492,16.37071418762207,249412800,14.102362675142338
2012-02-07,14.034623146057129,16.743928909301758,16.77678680419922,16.59214210510254,16.616071701049805,316223600,14.250078131920182
2012-02-08,14.269615173339844,17.0242862701416,17.028213500976562,16.774999618530273,16.803571701049805,407890000,14.488677680643923
2012-02-09,14.76325511932373,17.61321449279785,17.741071701049805,17.162857055664062,17.170000076293945,884214800,14.989895827087953
2012-02-10,14.77074146270752,17.622142791748047,17.77214241027832,17.448213577270508,17.534286499023438,631302000,14.997497098389017
2012-02-13,15.045549392700195,17.950000762939453,17.993928909301758,17.75321388244629,17.840356826782227,517216000,15.276523790656636
2012-02-14,15.250909805297852,18.19499969482422,18.198570251464844,17.928571701049805,18.023571014404297,460398400,15.485036829750394
2012-02-15,14.897963523864746,17.773929595947266,18.796070098876953,17.746070861816406,18.36642837524414,1506120000,15.126672231395972
2012-02-16,15.033872604370117,17.936071395874023,18.03178596496582,17.379642486572266,17.553571701049805,944552000,15.264667744056608
2012-02-17,15.031171798706055,17.932857513427734,18.1346435546875,17.867856979370117,17.96821403503418,535805200,15.26192547649933
2012-02-21,15.41225528717041,18.387500762939453,18.387500762939453,18.00428581237793,18.10285758972168,605595200,15.64885923516797
2012-02-22,15.35806655883789,18.322856903076172,18.410356521606445,18.18107032775879,18.32428550720215,483302400,15.593838619040865
2012-02-23,15.458353042602539,18.4424991607666,18.493928909301758,18.196428298950195,18.395713806152344,568027600,15.695664668401035
2012-02-24,15.638568878173828,18.657499313354492,18.674999237060547,18.522857666015625,18.559642791748047,415072000,15.878647119071369
2012-02-27,15.738846778869629,18.777143478393555,18.875,18.43857192993164,18.618213653564453,547582000,15.9804644535982
2012-02-28,16.027729034423828,19.12178611755371,19.12178611755371,18.780357360839844,18.855714797973633,600387200,16.27378153591182
2012-02-29,16.23817253112793,19.37285614013672,19.5575008392334,19.132143020629883,19.341428756713867,952011200,16.48745569297178
2012-03-01,16.29893684387207,19.445356369018555,19.578929901123047,19.241785049438477,19.577499389648438,683270000,16.54915283975122
2012-03-02,16.3201961517334,19.470714569091797,19.5285701751709,19.375713348388672,19.437143325805664,431712400,16.57073851361661
2012-03-05,15.960370063781738,19.04142951965332,19.5528564453125,18.78571319580078,19.479286193847656,809124400,16.205388492183733
2012-03-06,15.873558044433594,18.937856674194336,19.06035614013672,18.43642807006836,18.7021427154541,810238800,16.117243762850663
2012-03-07,15.886430740356445,18.953214645385742,19.20642852783203,18.689285278320312,19.171428680419922,798520800,16.130314076229233
2012-03-08,16.224700927734375,19.356786727905273,19.392499923706055,19.00428581237793,19.096071243286133,516457200,16.473777277889123
2012-03-09,16.319894790649414,19.47035789489746,19.562143325805664,19.396785736083984,19.436071395874023,418919200,16.570432526134937
2012-03-12,16.524356842041016,19.71428680419922,19.71428680419922,19.53571319580078,19.606428146362305,407282400,16.778033412672567
2012-03-13,17.00632095336914,20.28928565979004,20.292142868041992,19.84821319580078,19.91214370727539,690855200,17.267396480831383
2012-03-14,17.649328231811523,21.056428909301758,21.239999771118164,20.549999237060547,20.644643783569336,1418844000,17.920274998611287
2012-03-15,17.528989791870117,20.912857055664062,21.42892837524414,20.662500381469727,21.414642333984375,1159718000,17.798089161942052
2012-03-16,17.529287338256836,20.9132137298584,21.042856216430664,20.64285659790039,20.882856369018555,825487600,17.798391276164462
2012-03-19,17.99418830871582,21.467857360839844,21.491785049438477,21.037500381469727,21.370357513427734,901236000,18.270429255645745
2012-03-20,18.139677047729492,21.641429901123047,21.674999237060547,21.124286651611328,21.41107177734375,816662000,18.4181514906273
2012-03-21,18.03609848022461,21.51785659790039,21.77321434020996,21.47892951965332,21.52642822265625,644042000,18.31298281852429
2012-03-22,17.941497802734375,21.405000686645508,21.58928680419922,21.26892852783203,21.349285125732422,623870800,18.216929862093668
2012-03-23,17.8430118560791,21.287500381469727,21.492856979370117,21.22857093811035,21.44607162475586,430488800,18.116931991105016
2012-03-26,18.17020606994629,21.6778564453125,21.683929443359375,21.259286880493164,21.421070098876953,595742000,18.449149184498594
2012-03-27,18.39472770690918,21.945714950561523,22.010000228881836,21.645000457763672,21.6492862701416,607129600,18.677117604863813
2012-03-28,18.488718032836914,22.057857513427734,22.194643020629883,21.796785354614258,22.084999084472656,655460400,18.772550839812567
2012-03-29,18.256423950195312,21.78071403503418,22.020000457763672,21.686786651611328,21.885000228881836,608238400,18.536690653701655
2012-03-30,17.947786331176758,21.412500381469727,21.805713653564453,21.354999542236328,21.741785049438477,731038000,18.22331492998656
2012-04-02,18.518943786621094,22.093929290771484,22.098928451538086,21.442142486572266,21.493928909301758,598351600,18.80324060957256
2012-04-03,18.83896255493164,22.4757137298584,22.578929901123047,22.232500076293945,22.4035701751709,834559600,19.128172202294895
2012-04-04,18.688989639282227,22.296785354614258,22.352142333984375,22.03571319580078,22.298213958740234,572980800,18.97589695105123
2012-04-05,18.969480514526367,22.63142967224121,22.66642951965332,22.264286041259766,22.39214324951172,641298000,19.26069383130395
2012-04-09,19.045814514160156,22.72249984741211,22.851428985595703,22.332143783569336,22.361785888671875,597536800,19.338199685759974
2012-04-10,18.812625885009766,22.444286346435547,23.0,22.35714340209961,22.854642868041992,889725200,19.101431220352197
2012-04-11,18.745567321777344,22.364286422729492,22.745357513427734,22.262142181396484,22.7214298248291,696614800,19.03334319579097
2012-04-12,18.642887115478516,22.241785049438477,22.547500610351562,22.16071319580078,22.321428298950195,614336800,18.92908667624409
2012-04-13,18.117816925048828,21.6153564453125,22.310714721679688,21.55392837524414,22.289642333984375,859644800,18.39595577842819
2012-04-16,17.36644172668457,20.718929290771484,21.795713424682617,20.65178680419922,21.787857055664062,1050786800,17.633045711542227
2012-04-17,18.25163459777832,21.774999618530273,21.78571319580078,20.425357818603516,20.676429748535156,1025528000,18.531827776698602
2012-04-18,18.210918426513672,21.726428985595703,22.15178680419922,21.52535629272461,21.91857147216797,954531200,18.490486543968967
2012-04-19,17.58525848388672,20.979999542236328,21.59749984741211,20.875713348388672,21.43642807006836,834719200,17.855221672681594
2012-04-20,17.152402877807617,20.463571548461914,21.23642921447754,20.372142791748047,21.12071418762207,1030985200,17.41572100762813
2012-04-23,17.114078521728516,20.417856216430664,20.59535789489746,19.87928581237793,20.378929138183594,966529200,17.376808308455573
2012-04-24,16.772220611572266,20.010000228881836,20.274642944335938,19.821428298950195,20.09321403503418,1076149200,17.029702306460063
2012-04-25,18.260608673095703,21.78571319580078,22.071428298950195,21.64285659790039,21.98714256286621,905777600,18.540939619111725
2012-04-26,18.191755294799805,21.703571319580078,21.953214645385742,21.504642486572266,21.938213348388672,536068400,18.471029226067873
2012-04-27,18.051054000854492,21.53571319580078,21.6492862701416,21.446428298950195,21.609643936157227,406722400,18.328167931459742
2012-04-30,17.48169708251953,20.856428146362305,21.371429443359375,20.821428298950195,21.350000381469727,506144800,17.750070430245263
2012-05-01,17.426313400268555,20.79035758972168,21.312856674194336,20.758214950561523,20.889286041259766,610999200,17.693836515654436
2012-05-02,17.54155921936035,20.9278564453125,20.97857093811035,20.67357063293457,20.722856521606445,427389200,17.810851551209318
2012-05-03,17.417030334472656,20.779285430908203,21.121429443359375,20.725000381469727,21.08928680419922,390549600,17.684410939241115
2012-05-04,16.920997619628906,20.1875,20.65571403503418,20.184642791748047,20.610000610351562,529992400,17.18076329092519
2012-05-07,17.047626495361328,20.338571548461914,20.456071853637695,20.043928146362305,20.053571701049805,460118400,17.30933613211695
2012-05-08,17.008708953857422,20.292142868041992,20.41071319580078,19.95464324951172,20.34214210510254,497252000,17.269821141129203
2012-05-09,17.038646697998047,20.327856063842773,20.499286651611328,20.030357360839844,20.132143020629883,480704000,17.300218479814937
2012-05-10,17.078760147094727,20.375713348388672,20.567142486572266,20.301429748535156,20.520713806152344,333200000,17.340947737581224
2012-05-11,16.96471405029297,20.239643096923828,20.516786575317383,20.155357360839844,20.178571701049805,399546000,17.225150842064146
2012-05-14,16.710554122924805,19.93642807006836,20.268213272094727,19.91428565979004,20.091785430908203,352626400,16.967089133865233
2012-05-15,16.55938148498535,19.756071090698242,20.114999771118164,19.70535659790039,20.051786422729492,476336000,16.813595742583765
2012-05-16,16.347137451171875,19.502857208251953,19.88892936706543,19.322856903076172,19.787500381469727,560896000,16.598093407152287
2012-05-17,15.869370460510254,18.932857513427734,19.553571701049805,18.932857513427734,19.475357055664062,717220000,16.112991892496147
2012-05-18,15.877148628234863,18.942142486572266,19.407499313354492,18.6492862701416,19.06999969482422,732292400,16.12088946813073
2012-05-21,16.802152633666992,20.045713424682617,20.05500030517578,19.073213577270508,19.08928680419922,631106000,17.060093835256904
2012-05-22,16.67313575744629,19.891786575317383,20.49571418762207,19.735000610351562,20.3410701751709,694870400,16.929096333767326
2012-05-23,17.0799617767334,20.37714385986328,20.457143783569336,19.758214950561523,19.91071319580078,584897600,17.342167814248658
2012-05-24,16.923099517822266,20.190000534057617,20.58928680419922,20.043928146362305,20.56678581237793,496230000,17.18289745677838
2012-05-25,16.832393646240234,20.081785202026367,20.20892906188965,19.945356369018555,20.163928985595703,328507200,17.090799098053942
2012-05-29,17.131141662597656,20.438213348388672,20.5,20.18964385986328,20.389286041259766,380508800,17.394133397133107
2012-05-30,17.337697982788086,20.684642791748047,20.71392822265625,20.234285354614258,20.328571319580078,529429600,17.603860703005402
2012-05-31,17.294591903686523,20.633214950561523,20.76785659790039,20.409286499023438,20.740713119506836,491674400,17.560092873348317
2012-06-01,16.793472290039062,20.035356521606445,20.451786041259766,20.018571853637695,20.3271427154541,520987600,17.05128023380693
2012-06-04,16.892271041870117,20.153213500976562,20.26785659790039,19.58928680419922,20.053571701049805,556995600,17.15159571205504
2012-06-05,16.84855079650879,20.101070404052734,20.23107147216797,19.940357208251953,20.04535675048828,388214400,17.107204287656828
2012-06-06,17.10689926147461,20.409286499023438,20.49464225769043,20.196428298950195,20.27750015258789,401455600,17.369518834525074
2012-06-07,17.11467933654785,20.41857147216797,20.61857032775879,20.375,20.61750030517578,379766800,17.377418346789288
2012-06-08,17.372119903564453,20.7257137298584,20.735000610351562,20.321428298950195,20.41428565979004,347516400,17.63881105795325
2012-06-11,17.098222732543945,20.398929595947266,21.01785659790039,20.379642486572266,20.989999771118164,591264800,17.36070910633436
2012-06-12,17.247596740722656,20.5771427154541,20.593570709228516,20.239286422729492,20.516429901123047,435380400,17.512376255873942
2012-06-13,17.127857208251953,20.43428611755371,20.65999984741211,20.37071418762207,20.518571853637695,293580000,17.390798520908792
2012-06-14,17.10899543762207,20.411785125732422,20.48214340209961,20.259286880493164,20.40142822265625,345573200,17.37164719048937
2012-06-15,17.18682098388672,20.504642486572266,20.52214241027832,20.3410701751709,20.39285659790039,335255200,17.450667489316714
2012-06-18,17.535573959350586,20.920713424682617,20.996070861816406,20.370357513427734,20.391429901123047,440412000,17.804774407427725
2012-06-19,17.58437156677246,20.97892951965332,21.071428298950195,20.825000762939453,20.83571434020996,361404400,17.854321139903252
2012-06-20,17.534378051757812,20.919286727905273,21.04464340209961,20.742856979370117,21.00749969482422,358943200,17.803560140649186
2012-06-21,17.29279899597168,20.631071090698242,21.007856369018555,20.62285614013672,20.908571243286133,326351200,17.558272441495326
2012-06-22,17.425411224365234,20.78928565979004,20.792499542236328,20.55071449279785,20.68000030517578,284471600,17.692920489839047
2012-06-25,17.086246490478516,20.3846435546875,20.707143783569336,20.370357513427734,20.617856979370117,304382400,17.34854900888229
2012-06-26,17.123964309692383,20.429643630981445,20.517499923706055,20.26178550720215,20.40464210510254,276536400,17.38684585983224
2012-06-27,17.197900772094727,20.51785659790039,20.597856521606445,20.42571449279785,20.53571319580078,202997200,17.46191737084229
2012-06-28,17.034753799438477,20.323213577270508,20.5,20.20035743713379,20.416786193847656,282836400,17.296265818738384
2012-06-29,17.482282638549805,20.85714340209961,20.85714340209961,20.508928298950195,20.64285659790039,421500800,17.750664975541934
2012-07-02,17.73734474182129,21.161428451538086,21.195356369018555,20.842857360839844,20.883214950561523,400092000,18.009642709556235
2012-07-03,17.94359588623047,21.407499313354492,21.428571701049805,21.21428680419922,21.24571418762207,241712800,18.219060154687597
2012-07-05,18.258817672729492,21.783571243286133,21.94071388244629,21.41607093811035,21.448570251464844,484383200,18.539121123888364
2012-07-06,18.13727569580078,21.63857078552246,21.729999542236328,21.485000610351562,21.681785583496094,418930400,18.415713273922062
2012-07-09,18.377052307128906,21.92464256286621,21.924999237060547,21.57535743713379,21.617856979370117,379405600,18.659170858074777
2012-07-10,18.207021713256836,21.721786499023438,22.138214111328125,21.618213653564453,22.070356369018555,511957600,18.486530009633153
2012-07-11,18.0938720703125,21.5867862701416,21.7021427154541,21.329286575317383,21.64714241027832,469322000,18.371643330042566
2012-07-12,17.928321838378906,21.389286041259766,21.552499771118164,21.167142868041992,21.437143325805664,428041600,18.203551624603794
2012-07-13,18.110036849975586,21.60607147216797,21.68535614013672,21.428571701049805,21.5339298248291,311427200,18.388056266163975
2012-07-16,18.168109893798828,21.675357818603516,21.843570709228516,21.60785675048828,21.61142921447754,301260400,18.447020828534296
2012-07-17,18.169008255004883,21.676429748535156,21.83928680419922,21.54107093811035,21.813928604125977,293624800,18.44793298109042
2012-07-18,18.148658752441406,21.652143478393555,21.726428985595703,21.555713653564453,21.663928985595703,252700000,18.427271079558942
2012-07-19,18.38993263244629,21.940000534057617,21.97678565979004,21.64285659790039,21.83142852783203,436861600,18.67224891797187
2012-07-20,18.089977264404297,21.582143783569336,21.944286346435547,21.560714721679688,21.89392852783203,397471200,18.367688732336383
2012-07-23,18.075910568237305,21.565357208251953,21.639286041259766,20.989643096923828,21.22857093811035,487975600,18.353406088808907
2012-07-24,17.988792419433594,21.461429595947266,21.7742862701416,21.375356674194336,21.692142486572266,565132400,18.264950530420087
2012-07-25,17.211965560913086,20.534643173217773,20.742856979370117,20.35714340209961,20.516429901123047,877312800,17.47619807774014
2012-07-26,17.20928192138672,20.531429290771484,20.72857093811035,20.3700008392334,20.705713272094727,406632800,17.47347323984954
2012-07-27,17.517009735107422,20.898571014404297,20.922500610351562,20.413928985595703,20.53607177734375,403936400,17.785925191230717
2012-07-30,17.812482833862305,21.25107192993164,21.408571243286133,20.99357032775879,21.104286193847656,379142400,18.08593429723372
2012-07-31,18.28335952758789,21.812856674194336,21.8464298248291,21.525714874267578,21.543928146362305,462327600,18.564039737348438
2012-08-01,18.165117263793945,21.671785354614258,22.014286041259766,21.53571319580078,21.99678611755371,384501600,18.4439822566435
2012-08-02,18.19445037841797,21.706785202026367,21.81035614013672,21.4375,21.530000686645508,332158400,18.473765683736257
2012-08-03,18.43124008178711,21.989286422729492,22.070714950561523,21.841428756713867,21.91535758972168,344920800,18.714190505887068
2012-08-06,18.636302947998047,22.233928680419922,22.31678581237793,21.97357177734375,22.046070098876953,302103200,18.922401430758416
2012-08-07,18.58720588684082,22.175357818603516,22.321428298950195,22.072856903076172,22.241785049438477,290446800,18.87255064743085
2012-08-08,18.555774688720703,22.13785743713379,22.281429290771484,22.03928565979004,22.121070861816406,244706000,18.840636927744164
2012-08-09,18.661596298217773,22.168928146362305,22.20464324951172,22.064285278320312,22.066070556640625,221642400,18.94808307629304
2012-08-10,18.690763473510742,22.203571319580078,22.205713272094727,22.0964298248291,22.096786499023438,194938800,18.977698016607917
2012-08-13,18.940292358398438,22.5,22.5,22.258928298950195,22.26392936706543,278832400,19.231057588063138
2012-08-14,18.99109649658203,22.56035614013672,22.8075008392334,22.50749969482422,22.56678581237793,340169200,19.28264165491031
2012-08-15,18.96524429321289,22.52964210510254,22.64285659790039,22.41964340209961,22.546428680419922,257342400,19.256392576893845
2012-08-16,19.13089370727539,22.726428985595703,22.74142837524414,22.51785659790039,22.543214797973633,254534000,19.42458498707342
2012-08-17,19.48475456237793,23.146785736083984,23.149642944335938,22.81464385986328,22.85714340209961,442761200,19.783878199335835
2012-08-20,19.99704360961914,23.75535774230957,23.75535774230957,23.21071434020996,23.214643478393555,613384800,20.304031741995445
2012-08-21,19.7237606048584,23.430713653564453,24.10285758972168,23.226070404052734,23.957857131958008,812719600,20.026553385117687
2012-08-22,20.108875274658203,23.888214111328125,23.89285659790039,23.146785736083984,23.372142791748047,565322800,20.417580210511115
2012-08-23,19.921276092529297,23.66535758972168,23.924999237060547,23.612499237060547,23.789642333984375,420128800,20.22710106653978
2012-08-24,19.93902015686035,23.68642807006836,23.90999984741211,23.412500381469727,23.55392837524414,437340400,20.245117531995525
2012-08-27,20.313615798950195,24.13142967224121,24.31678581237793,24.05500030517578,24.285356521606445,427008400,20.62546384497485
2012-08-28,20.287155151367188,24.100000381469727,24.14642906188965,23.952499389648438,24.106428146362305,267416800,20.598596982106145
2012-08-29,20.24717140197754,24.052499771118164,24.202499389648438,24.02142906188965,24.116071701049805,202806800,20.557999415154754
2012-08-30,19.958559036254883,23.70964241027832,23.983928680419922,23.673213958740234,23.95142936706543,302699600,20.264956365933898
2012-08-31,19.999740600585938,23.75857162475586,23.878570556640625,23.47321319580078,23.83035659790039,338321200,20.30677013629346
2012-09-04,20.292268753051758,24.10607147216797,24.11214256286621,23.73214340209961,23.777143478393555,367892000,20.60378908614644
2012-09-05,20.149768829345703,23.936786651611328,24.155357360839844,23.91428565979004,24.127500534057617,336375200,20.45910154979642
2012-09-06,20.331350326538086,24.15250015258789,24.22464370727539,23.957143783569336,24.041786193847656,391196400,20.64347062728244
2012-09-07,20.45671844482422,24.301429748535156,24.374286651611328,24.1346435546875,24.2160701751709,329666400,20.770763356288214
2012-09-10,19.92458724975586,23.669286727905273,24.403213500976562,23.64642906188965,24.301786422729492,487998000,20.230463055578927
2012-09-11,19.859947204589844,23.592500686645508,23.93214225769043,23.446428298950195,23.753929138183594,503983200,20.16483067738961
2012-09-12,20.13653564453125,23.921070098876953,23.924999237060547,23.428571701049805,23.816070556640625,712233200,20.445665213417623
2012-09-13,20.53307342529297,24.39214324951172,24.48214340209961,24.098928451538086,24.19178581237793,598360000,20.84829051367018
2012-09-14,20.782611846923828,24.68857192993164,24.89214324951172,24.5674991607666,24.641429901123047,600474000,21.101659768273553
2012-09-17,21.038148880004883,24.992143630981445,24.992856979370117,24.8075008392334,24.97678565979004,398031200,21.361119723065936
2012-09-18,21.102191925048828,25.068214416503906,25.083213806152344,24.872142791748047,24.99571418762207,373503200,21.4261459361808
2012-09-19,21.10790252685547,25.075000762939453,25.142499923706055,24.984643936157227,25.009286880493164,326874800,21.431944205295547
2012-09-20,21.005687713623047,24.953571319580078,25.00214385986328,24.77214241027832,24.969999313354492,336568400,21.328160223378596
2012-09-21,21.04747200012207,25.00321388244629,25.18107032775879,24.977142333984375,25.086071014404297,571589200,21.370585968701505
2012-09-24,20.76787757873535,24.671070098876953,24.825714111328125,24.39285659790039,24.53071403503418,639766400,21.08669930437528
2012-09-25,20.249277114868164,24.05500030517578,24.742143630981445,24.03571319580078,24.580713272094727,518789600,20.560137454267206
2012-09-26,19.997940063476562,23.75642967224121,24.024642944335938,23.614286422729492,23.88357162475586,576503200,20.304941957921944
2012-09-27,20.483177185058594,24.332857131958008,24.36321449279785,23.58392906188965,23.72464370727539,594090000,20.79762828252729
2012-09-28,20.055662155151367,23.825000762939453,24.32535743713379,23.8125,24.241071701049805,535110800,20.363550180440185
2012-10-01,19.82386016845703,23.54964256286621,24.16964340209961,23.446428298950195,23.969999313354492,543594800,20.128189644774032
2012-10-02,19.881593704223633,23.618213653564453,23.798213958740234,23.237499237060547,23.636070251464844,627992400,20.186809487070065
2012-10-03,20.18644142150879,23.980356216430664,23.9950008392334,23.66535758972168,23.7450008392334,424281200,20.496337127708667
2012-10-04,20.046648025512695,23.814285278320312,24.08035659790039,23.769643783569336,23.97321319580078,370725600,20.354397668804815
2012-10-05,19.619441986083984,23.306785583496094,23.78571319580078,23.260000228881836,23.757143020629883,594006000,19.920633300717913
2012-10-08,19.185914993286133,22.791786193847656,23.12714385986328,22.71821403503418,23.10285758972168,637994000,19.48045094203439
2012-10-09,19.116165161132812,22.70892906188965,22.874643325805664,22.269643783569336,22.808929443359375,838597200,19.40963033306404
2012-10-10,19.26828956604004,22.8896427154541,23.03499984741211,22.75,22.847856521606445,510356000,19.5640901025313
2012-10-11,18.883163452148438,22.43214225769043,23.114286422729492,22.43214225769043,23.08928680419922,546081200,19.173051657360084
2012-10-12,18.93157196044922,22.489643096923828,22.692142486572266,22.332143783569336,22.484285354614258,460014800,19.222203317390917
2012-10-15,19.083393096923828,22.670000076293945,22.68321418762207,22.280357360839844,22.58392906188965,432502000,19.376355162746872
2012-10-16,19.53525733947754,23.206785202026367,23.225000381469727,22.53571319580078,22.69178581237793,549771600,19.835156278701334
2012-10-17,19.37952423095703,23.021785736083984,23.313928604125977,23.0,23.17392921447754,389037600,19.677032405972515
2012-10-18,19.019657135009766,22.59428596496582,22.930713653564453,22.5,22.842500686645508,476624400,19.311640747002574
2012-10-19,18.33420753479004,21.780000686645508,22.563213348388672,21.77214241027832,22.537500381469727,744086000,18.61566834667712
2012-10-22,19.061447143554688,22.64392852783203,22.692142486572266,21.812856674194336,21.872142791748047,546730800,19.354072302214377
2012-10-23,18.44002914428711,21.90571403503418,22.639286041259766,21.8464298248291,22.53571319580078,707145600,18.723114495226
2012-10-24,18.54434585571289,22.02964210510254,22.376785278320312,21.808570861816406,22.194286346435547,558527200,18.829032642996143
2012-10-25,18.3251895904541,21.769285202026367,22.21428680419922,21.626785278320312,22.14285659790039,656325600,18.606511961782488
2012-10-26,18.158628463745117,21.571428298950195,21.928571701049805,21.10714340209961,21.765356063842773,1018432800,18.437393842639366
2012-10-31,17.897676467895508,21.261428833007812,21.498571395874023,20.989286422729492,21.24571418762207,510003200,18.17243579632502
2012-11-01,17.934350967407227,21.30500030517578,21.53571319580078,21.22035789489746,21.364999771118164,361298000,18.209673310866894
2012-11-02,17.34088706970215,20.600000381469727,21.319643020629883,20.52678680419922,21.28178596496582,599373600,17.607098747748175
2012-11-05,17.575984954833984,20.87928581237793,20.991785049438477,20.628570556640625,20.84000015258789,529135600,17.845805779416427
2012-11-06,17.522781372070312,20.816070556640625,21.097856521606445,20.717500686645508,21.07964324951172,374917200,17.791785432493654
2012-11-07,16.85230255126953,19.928571701049805,20.519285202026367,19.84821319580078,20.494285583496094,793648800,17.111013638140697
2012-11-08,16.240726470947266,19.20535659790039,20.07964324951172,19.11750030517578,20.022499084472656,1056146000,16.49004884004748
2012-11-09,16.521896362304688,19.537857055664062,19.817142486572266,19.06142807006836,19.30071449279785,929913600,16.77553516044878
2012-11-12,16.39415740966797,19.38678550720215,19.803571701049805,19.237499237060547,19.79107093811035,515802000,16.645835200811867
2012-11-13,16.39627456665039,19.389286041259766,19.65999984741211,19.15571403503418,19.24678611755371,532949200,16.647984859702103
2012-11-14,16.21445655822754,19.174285888671875,19.551786422729492,19.1492862701416,19.48214340209961,477170400,16.46337564014186
2012-11-15,15.87439250946045,18.77214241027832,19.26785659790039,18.665000915527344,19.197500228881836,789910800,16.11809103831416
2012-11-16,15.936606407165527,18.845714569091797,18.928571701049805,18.0625,18.757143020629883,1266893600,16.181260023613042
2012-11-19,17.085765838623047,20.20464324951172,20.26785659790039,19.281429290771484,19.311071395874023,823317600,17.348060978215315
2012-11-20,16.9401912689209,20.032499313354492,20.426786422729492,19.806428909301758,20.425357818603516,642754000,17.200251594900376
2012-11-21,16.964052200317383,20.060714721679688,20.263214111328125,19.878570556640625,20.15178680419922,373002000,17.224478831582243
2012-11-23,17.26002311706543,20.41071319580078,20.428571701049805,20.092857360839844,20.256071090698242,272826400,17.524993397918895
2012-11-26,17.804555892944336,21.054643630981445,21.071428298950195,20.489643096923828,20.56785774230957,630579600,18.07788566448793
2012-11-27,17.661102294921875,20.885000228881836,21.086429595947266,20.717857360839844,21.055356979370117,533330000,17.93222981332249
2012-11-28,17.605525970458984,20.819286346435547,20.921428680419922,20.437856674194336,20.616785049438477,520864400,17.875800299138945
2012-11-29,17.799413681030273,21.04857063293457,21.22321319580078,20.90178680419922,21.079286575317383,514698800,18.072664511003175
2012-11-30,17.676198959350586,20.902856826782227,21.014286041259766,20.809999465942383,20.956785202026367,391319600,17.947558236850625
2012-12-03,17.70367431640625,20.93535614013672,21.2353572845459,20.91071319580078,21.201786041259766,364280000,17.97545538668294
2012-12-04,17.391399383544922,20.566070556640625,20.7785701751709,20.43321418762207,20.7785701751709,557068400,17.658386510261828
2012-12-05,16.272140502929688,19.24250030517578,20.33035659790039,19.241785049438477,20.318214416503906,1044638000,16.521945130067486
2012-12-06,16.5273494720459,19.544286727905273,19.761070251464844,18.522499084472656,18.890714645385742,1177212400,16.78107198456336
2012-12-07,16.10482406616211,19.04464340209961,19.828571319580078,18.928571701049805,19.764286041259766,787040800,16.352060105590553
2012-12-10,16.00123405456543,18.922143936157227,19.232500076293945,18.627857208251953,18.75,630484400,16.24687981370976
2012-12-11,16.35067367553711,19.335357666015625,19.62714385986328,19.19178581237793,19.27750015258789,592345600,16.601683918487876
2012-12-12,16.278486251831055,19.25,19.571428298950195,19.15250015258789,19.563213348388672,487144000,16.528388296849304
2012-12-13,15.997305870056152,18.917499542236328,19.20142936706543,18.7785701751709,18.969642639160156,625259600,16.242891324985035
2012-12-14,15.396302223205566,18.206785202026367,18.504642486572266,18.056428909301758,18.383928298950195,1009579200,15.632661264935587
2012-12-17,15.669320106506348,18.52964210510254,18.571428298950195,17.901071548461914,18.176071166992188,757607200,15.909870430294658
2012-12-18,16.12445640563965,19.06785774230957,19.10357093811035,18.58035659790039,18.75,625685200,16.371993834380834
2012-12-19,15.895233154296875,18.796785354614258,19.060714721679688,18.76785659790039,18.98107147216797,449369200,16.139251621975582
2012-12-20,15.756912231445312,18.633214950561523,18.935714721679688,18.531429290771484,18.928571701049805,481689600,15.998807241146743
2012-12-21,15.684417724609375,18.547500610351562,18.559642791748047,18.222856521606445,18.302499771118164,596268400,15.925199822137609
2012-12-24,15.709795951843262,18.577499389648438,18.72321319580078,18.52535629272461,18.58392906188965,175753200,15.950967647690808
2012-12-26,15.493242263793945,18.321428298950195,18.552143096923828,18.25428581237793,18.53571319580078,302436400,15.73108949760844
2012-12-27,15.555463790893555,18.395000457763672,18.4375,18.023571014404297,18.340713500976562,455120400,15.794266229425848
2012-12-28,15.390264511108398,18.199642181396484,18.374286651611328,18.14714241027832,18.22464370727539,354278400,15.62653086383915
2012-12-31,16.07221031188965,19.006071090698242,19.121429443359375,18.178571701049805,18.233213424682617,659492400,16.318945675532742
2013-01-02,16.581396102905273,19.608213424682617,19.821428298950195,19.343929290771484,19.779285430908203,560518000,16.835948321782972
2013-01-03,16.372108459472656,19.360713958740234,19.631071090698242,19.321428298950195,19.567142486572266,352965200,16.623447762279305
2013-01-04,15.916068077087402,18.821428298950195,19.236785888671875,18.77964210510254,19.177499771118164,594333600,16.160406395748108
2013-01-07,15.822443962097168,18.71071434020996,18.9035701751709,18.399999618530273,18.64285659790039,484156400,16.06534499368848
2013-01-08,15.865025520324707,18.761070251464844,18.996070861816406,18.616071701049805,18.90035629272461,458707200,16.108580250197083
2013-01-09,15.61707592010498,18.467857360839844,18.750356674194336,18.428213119506836,18.66071319580078,407604400,15.8568242080762
2013-01-10,15.810664176940918,18.696786880493164,18.882856369018555,18.411428451538086,18.876785278320312,601146000,16.053384369088384
2013-01-11,15.713713645935059,18.582143783569336,18.761428833007812,18.536428451538086,18.60714340209961,350506800,15.954945484952562
2013-01-14,15.153489112854004,17.91964340209961,18.125,17.80392837524414,17.952856063842773,734207600,15.386120566410568
2013-01-15,14.675395965576172,17.354286193847656,17.82107162475586,17.26357078552246,17.796428680419922,876772400,14.900687888087552
2013-01-16,15.284561157226562,18.074642181396484,18.194286346435547,17.58928680419922,17.665714263916016,690804800,15.519204786327382
2013-01-17,15.181573867797852,17.952856063842773,18.241071701049805,17.929643630981445,18.225357055664062,453678400,15.414636469409938
2013-01-18,15.100634574890137,17.85714340209961,17.93642807006836,17.72857093811035,17.804285049438477,472922800,15.33245462271024
2013-01-22,15.244695663452148,18.02750015258789,18.13857078552246,17.736785888671875,18.020000457763672,461546400,15.478727290413103
2013-01-23,15.523755073547363,18.357500076293945,18.392499923706055,18.02750015258789,18.171785354614258,861509600,15.762070730127874
2013-01-24,13.605670928955078,16.08928680419922,16.633214950561523,16.08035659790039,16.428571701049805,1460852400,13.81454077940624
2013-01-25,13.284932136535645,15.710000038146973,16.293928146362305,15.535714149475098,16.131786346435547,1208026400,13.488878108998255
2013-01-28,13.585436820983887,16.065357208251953,16.186071395874023,15.566429138183594,15.636786460876465,785517600,13.793996043967427
2013-01-29,13.840332984924316,16.366785049438477,16.435714721679688,16.14714241027832,16.375,571158000,14.052805291203844
2013-01-30,13.79684066772461,16.315357208251953,16.52142906188965,16.23214340209961,16.321428298950195,417155200,14.008645294046515
2013-01-31,13.756379127502441,16.267499923706055,16.402856826782227,16.249286651611328,16.320714950561523,319334400,13.967562601372597
2013-02-01,13.69990062713623,16.200714111328125,16.40999984741211,16.012500762939453,16.396785736083984,539484400,13.910217061373663
2013-02-04,13.358626365661621,15.79714298248291,16.283571243286133,15.785714149475098,16.211071014404297,477117200,13.563703668045193
2013-02-05,13.827351570129395,16.351428985595703,16.419286727905273,15.793571472167969,15.858928680419922,573347600,14.039624589936318
2013-02-06,13.812548637390137,16.33392906188965,16.66071319580078,16.163570404052734,16.302499771118164,593706400,14.024594407371334
2013-02-07,14.223251342773438,16.722143173217773,16.78571319580078,16.218570709228516,16.54464340209961,704580800,14.441602087577357
2013-02-08,14.428597450256348,16.963571548461914,17.100357055664062,16.72321319580078,16.928571701049805,633158400,14.650100601948882
2013-02-11,14.578968048095703,17.140356063842773,17.319286346435547,16.90178680419922,17.01785659790039,517490400,14.80277964047058
2013-02-12,14.213529586791992,16.71071434020996,17.22785758972168,16.704999923706055,17.125356674194336,609053200,14.431731086348943
2013-02-13,14.186493873596191,16.67892837524414,16.915714263916016,16.54357147216797,16.686071395874023,475207600,14.404280329646538
2013-02-14,14.173733711242676,16.663928985595703,16.84428596496582,16.5721435546875,16.59000015258789,355275200,14.391324277416189
2013-02-15,13.978410720825195,16.43428611755371,16.79142951965332,16.42571449279785,16.74464225769043,391745200,14.193002751754749
2013-02-19,13.973246574401855,16.428213119506836,16.526071548461914,16.20892906188965,16.467857360839844,435783600,14.187759327029239
2013-02-20,13.634842872619629,16.030357360839844,16.346071243286133,16.0285701751709,16.346071243286133,476302400,13.84416056129519
2013-02-21,13.550090789794922,15.930713653564453,16.041786193847656,15.8149995803833,15.928570747375488,447182400,13.758107391963433
2013-02-22,13.69438362121582,16.100357055664062,16.128570556640625,15.949999809265137,16.04464340209961,330654800,13.904615360166444
2013-02-25,13.451059341430664,15.814286231994629,16.25428581237793,15.806071281433105,16.20892906188965,372579200,13.65755564490036
2013-02-26,13.63848876953125,16.034643173217773,16.126428604125977,15.630714416503906,15.850713729858398,501499600,13.84786242883455
2013-02-27,13.504828453063965,15.8774995803833,16.158571243286133,15.737500190734863,16.015356063842773,587350400,13.71215020250868
2013-02-28,13.408534049987793,15.764286041259766,15.995356559753418,15.764286041259766,15.858928680419922,322515200,13.614377518965867
2013-03-01,13.076510429382324,15.373929023742676,15.649286270141602,15.356429100036621,15.64285659790039,552448400,13.277256779346994
2013-03-04,12.759977340698242,15.001786231994629,15.29285717010498,14.964285850524902,15.278571128845215,582755600,12.955864377275022
2013-03-05,13.096861839294434,15.397856712341309,15.542499542236328,15.026785850524902,15.052857398986816,638433600,13.297920617508103
2013-03-06,12.930391311645508,15.202142715454102,15.54464340209961,15.15821361541748,15.518214225769043,460250000,13.128894488272447
2013-03-07,13.079848289489746,15.377857208251953,15.428929328918457,15.037857055664062,15.160714149475098,468473600,13.280645881200972
2013-03-08,13.114479064941406,15.418571472167969,15.551071166992188,15.307499885559082,15.350000381469727,391482000,13.315808297093398
2013-03-11,13.301301956176758,15.638214111328125,15.678929328918457,15.183570861816406,15.348214149475098,474236000,13.50549923280498
2013-03-12,13.01453971862793,15.301071166992188,15.674285888671875,15.270357131958008,15.557143211364746,465911600,13.214334714326043
2013-03-13,13.01210880279541,15.298213958740234,15.51785659790039,15.191429138183594,15.301786422729492,405549200,13.21186647986153
2013-03-14,13.13817024230957,15.446429252624512,15.522856712341309,15.373213768005371,15.458213806152344,303875600,13.339863173738117
2013-03-15,13.477189064025879,15.845000267028809,15.865357398986816,15.616070747375488,15.64035701751709,643960800,13.684086502528112
2013-03-18,13.843538284301758,16.275714874267578,16.33785629272461,15.757143020629883,15.766071319580078,606197200,14.056059797298479
2013-03-19,13.806175231933594,16.231786727905273,16.463214874267578,16.01785659790039,16.41071319580078,526775200,14.018123159459867
2013-03-20,13.732962608337402,16.145713806152344,16.343929290771484,16.056785583496094,16.336429595947266,308660800,13.94378659939472
2013-03-21,13.752705574035645,16.168928146362305,16.356428146362305,16.075000762939453,16.079286575317383,383255600,13.96383265270359
2013-03-22,14.031572341918945,16.49678611755371,16.503570556640625,16.1825008392334,16.235000610351562,395105200,14.246980492825646
2013-03-25,14.08230209350586,16.556428909301758,16.7839298248291,16.492143630981445,16.596071243286133,501135600,14.298489031117215
2013-03-26,14.00818157196045,16.46928596496582,16.637142181396484,16.447500228881836,16.62285614013672,294294000,14.223230635347784
2013-03-27,13.732962608337402,16.145713806152344,16.314285278320312,16.09749984741211,16.302143096923828,331237200,13.94378659939472
2013-03-28,13.446810722351074,15.809286117553711,16.136428833007812,15.772143363952637,16.065000534057617,442839600,13.653241802397654
2013-04-01,13.029120445251465,15.318214416503906,15.846428871154785,15.276429176330566,15.782142639160156,389732000,13.229139279539032
2013-04-02,13.055852890014648,15.349642753601074,15.647856712341309,15.228570938110352,15.271429061889648,529519200,13.256282112130133
2013-04-03,13.1226806640625,15.428214073181152,15.617142677307129,15.368213653564453,15.406070709228516,363216000,13.324135804506028
2013-04-04,12.99297046661377,15.275713920593262,15.535714149475098,15.1875,15.491429328918457,358447600,13.192434338145638
2013-04-05,12.855666160583496,15.114286422729492,15.176786422729492,14.988571166992188,15.160714149475098,383695200,13.053022180910041
2013-04-08,12.947099685668945,15.221785545349121,15.26785659790039,15.088929176330566,15.173213958740234,300829200,13.145859363838644
2013-04-09,12.970491409301758,15.249285697937012,15.303570747375488,15.098214149475098,15.227143287658691,306614000,13.169610189631321
2013-04-10,13.235077857971191,15.560357093811035,15.609286308288574,15.214642524719238,15.289285659790039,375928000,13.438258483707244
2013-04-11,13.193767547607422,15.511786460876465,15.642499923706055,15.399999618530273,15.489999771118164,328364400,13.3963139908476
2013-04-12,13.056159973144531,15.350000381469727,15.505356788635254,15.3246431350708,15.505356788635254,238613200,13.2565939095007
2013-04-15,12.753902435302734,14.994643211364746,15.28178596496582,14.983928680419922,15.25,317520000,12.949696211900783
2013-04-16,12.948015213012695,15.222857475280762,15.23607063293457,15.020357131958008,15.056071281433105,305771200,13.14678894606145
2013-04-17,12.23597240447998,14.385713577270508,15.021429061889648,14.21821403503418,15.009642601013184,945056000,12.423815087107949
2013-04-18,11.90941333770752,14.001786231994629,14.492500305175781,13.919285774230957,14.463929176330566,666299200,12.092242791381443
2013-04-19,11.863240242004395,13.947500228881836,14.271429061889648,13.753570556640625,13.856071472167969,609274400,12.045360861277961
2013-04-22,12.110511779785156,14.238213539123535,14.364286422729492,13.973929405212402,14.022856712341309,429920400,12.29642843156508
2013-04-23,12.337126731872559,14.504643440246582,14.585000038146973,14.243213653564453,14.428214073181152,664238400,12.526522302950152
2013-04-24,12.316773414611816,14.480713844299316,14.83035659790039,14.01785659790039,14.055000305175781,969651200,12.505856528159411
2013-04-25,12.405473709106445,14.585000038146973,14.783571243286133,14.535714149475098,14.686785697937012,384837600,12.595918520827015
2013-04-26,12.673404693603516,14.899999618530273,14.956070899963379,14.58035659790039,14.63607120513916,764097600,12.867962694960625
2013-04-29,13.065875053405762,15.361429214477539,15.486429214477539,15.0,15.016071319580078,640326400,13.266458132525404
2013-04-30,13.45045280456543,15.813570976257324,15.901785850524902,15.431071281433105,15.539285659790039,691538400,13.65693979667775
2013-05-01,13.344437599182129,15.688928604125977,15.89035701751709,15.51392936706543,15.873571395874023,506909200,13.54929708022134
2013-05-02,13.53368854522705,15.911429405212402,16.02107048034668,15.736785888671875,15.777856826782227,421828400,13.741453345452987
2013-05-03,13.669172286987305,16.070714950561523,16.186786651611328,16.04107093811035,16.118213653564453,361300800,13.879016989705942
2013-05-06,13.995118141174316,16.453929901123047,16.507143020629883,16.225357055664062,16.27535629272461,496641600,14.209966659006131
2013-05-07,13.932843208312988,16.380714416503906,16.633928298950195,16.203571319580078,16.60607147216797,483753200,14.146735701559061
2013-05-08,14.09019660949707,16.56571388244629,16.620357513427734,16.278928756713867,16.394285202026367,472598000,14.30650474115928
2013-05-09,13.967273712158203,16.313213348388672,16.53571319580078,16.270713806152344,16.421785354614258,398487600,14.181694771340249
2013-05-10,13.85107707977295,16.177499771118164,16.418214797973633,16.088571548461914,16.35607147216797,334852000,14.063714325914392
2013-05-13,13.905202865600586,16.240713119506836,16.35357093811035,16.125,16.125356674194336,316948800,14.118671033263679
2013-05-14,13.572505950927734,15.852143287658691,16.257143020629883,15.791070938110352,16.20892906188965,447118000,13.780866663385117
2013-05-15,13.113527297973633,15.316070556640625,15.75,15.084285736083984,15.684286117553711,741613600,13.314841918907605
2013-05-16,13.288742065429688,15.520713806152344,15.637499809265137,14.960714340209961,15.115714073181152,603204000,13.492746526685869
2013-05-17,13.24837589263916,15.473570823669434,15.717499732971191,15.393214225769043,15.680356979370117,427904400,13.451760665493492
2013-05-20,13.54407024383545,15.818928718566895,15.921428680419922,15.360713958740234,15.4253568649292,451578400,13.751994420533672
2013-05-21,13.444082260131836,15.702142715454102,15.90999984741211,15.507143020629883,15.648214340209961,456022000,13.65047145371073
2013-05-22,13.495756149291992,15.762499809265137,16.012500762939453,15.650713920593262,15.858928680419922,443038400,13.702938623669567
2013-05-23,13.519912719726562,15.790714263916016,15.934286117553711,15.563928604125977,15.569643020629883,353021200,13.727466037944213
2013-05-24,13.611952781677246,15.898214340209961,15.916428565979004,15.727143287658691,15.744643211364746,276166800,13.820919069095426
2013-05-28,13.49850845336914,15.765713691711426,16.11107063293457,15.744643211364746,16.06785774230957,386145200,13.705733180226876
2013-05-29,13.605841636657715,15.891071319580078,15.98214340209961,15.692856788635254,15.714285850524902,330576400,13.8147141077582
2013-05-30,13.808572769165039,16.127857208251953,16.23214340209961,15.875356674194336,15.916070938110352,353519600,14.020557502905838
2013-05-31,13.752004623413086,16.061786651611328,16.325000762939453,16.053571701049805,16.16071319580078,384302800,13.963120941314255
2013-06-03,13.78227710723877,16.097143173217773,16.15571403503418,15.802857398986816,16.09749984741211,372352400,13.993858158500203
2013-06-04,13.739163398742676,16.046785354614258,16.229642868041992,15.978214263916016,16.18642807006836,292728800,13.950082582324594
2013-06-05,13.610733032226562,15.896785736083984,16.097143173217773,15.846785545349121,15.916070938110352,290589600,13.8196805944465
2013-06-06,13.407384872436523,15.659285545349121,15.964285850524902,15.501786231994629,15.909643173217773,416934000,13.613210699613283
2013-06-07,13.509825706481934,15.778928756713867,15.829999923706055,15.456070899963379,15.589285850524902,404535600,13.717224172141492
2013-06-10,13.4205322265625,15.674642562866211,16.038570404052734,15.600000381469727,15.883213996887207,450153200,13.626559887658694
2013-06-11,13.38109016418457,15.628570556640625,15.812856674194336,15.475713729858398,15.562143325805664,286112400,13.586512323522463
2013-06-12,13.215658187866211,15.435357093811035,15.758929252624512,15.410714149475098,15.696429252624512,265227200,13.418540689120801
2013-06-13,13.330938339233398,15.569999694824219,15.612142562866211,15.3125,15.446429252624512,285832400,13.53559058400904
2013-06-14,13.150219917297363,15.358928680419922,15.581786155700684,15.303570747375488,15.550000190734863,271866000,13.352097831430976
2013-06-17,13.209847450256348,15.428570747375488,15.560713768005371,15.369999885559082,15.408571243286133,259414400,13.412640746950434
2013-06-18,13.202813148498535,15.420356750488281,15.532142639160156,15.364643096923828,15.412857055664062,195025600,13.40549845687188
2013-06-19,12.934643745422363,15.10714340209961,15.416428565979004,15.10714340209961,15.407142639160156,310940000,13.133212204034416
2013-06-20,12.7462797164917,14.8871431350708,15.213570594787598,14.827500343322754,14.975000381469727,357310800,12.941956471581113
2013-06-21,12.644147872924805,14.76785659790039,15.0,14.574999809265137,14.946070671081543,481118400,12.838256733053102
2013-06-24,12.309011459350586,14.376428604125977,14.595000267028809,14.216071128845215,14.550000190734863,480746000,12.49797541387669
2013-06-25,12.311762809753418,14.379643440246582,14.563928604125977,14.243928909301758,14.489286422729492,314162800,12.500769002119181
2013-06-26,12.172327995300293,14.21678638458252,14.456786155700684,14.130714416503906,14.425000190734863,367724000,12.359193629585931
2013-06-27,12.041144371032715,14.063570976257324,14.335356712341309,14.055000305175781,14.258929252624512,337246000,12.225996116835713
2013-06-28,12.12523365020752,14.161786079406738,14.295356750488281,13.888214111328125,13.977143287658691,578516400,12.311376307370752
2013-07-01,12.513276100158691,14.614999771118164,14.723929405212402,14.329285621643066,14.381786346435547,391053600,12.705375859247527
2013-07-02,12.796734809875488,14.946070671081543,15.05821418762207,14.623929023742676,14.64142894744873,469865200,12.99318613520584
2013-07-03,12.86737060546875,15.028571128845215,15.106429100036621,14.908928871154785,15.03071403503418,240928800,13.064906308639717
2013-07-05,12.764017105102539,14.907856941223145,15.117500305175781,14.833929061889648,15.01392936706543,274024800,12.95996615883315
2013-07-08,12.691545486450195,14.823213577270508,15.035714149475098,14.666070938110352,15.003929138183594,298138400,12.886381979379586
2013-07-09,12.91476821899414,15.083929061889648,15.125,14.656429290771484,14.771429061889648,352584400,13.1130315549662
2013-07-10,12.865229606628418,15.026070594787598,15.171428680419922,14.9375,14.985713958740234,281405600,13.062732441879094
2013-07-11,13.065825462341309,15.260356903076172,15.29464340209961,15.041786193847656,15.10535717010498,326292400,13.266407780155003
2013-07-12,13.041971206665039,15.232500076293945,15.349642753601074,15.121786117553711,15.273214340209961,279563200,13.242187321676846
2013-07-15,13.070409774780273,15.265713691711426,15.409285545349121,15.171428680419922,15.178929328918457,241917200,13.271062469472737
2013-07-16,13.15480899810791,15.364286422729492,15.382499694824219,15.14892864227295,15.232856750488281,216538000,13.356757362322787
2013-07-17,13.158171653747559,15.368213653564453,15.436429023742676,15.293571472167969,15.346428871154785,198990400,13.360171640361967
2013-07-18,13.202510833740234,15.420000076293945,15.531070709228516,15.378929138183594,15.477856636047363,218878800,13.405191501075391
2013-07-19,12.99427318572998,15.176786422729492,15.499285697937012,15.155357360839844,15.467857360839844,268721600,13.193757056183506
2013-07-22,13.035860061645508,15.225357055664062,15.348214149475098,15.195357322692871,15.337857246398926,207796400,13.235982360339621
2013-07-23,12.812026023864746,14.963929176330566,15.248571395874023,14.95392894744873,15.214285850524902,369395600,13.00871209495632
2013-07-24,13.470070838928223,15.732500076293945,15.878213882446289,15.545000076293945,15.676071166992188,591936800,13.676859000745802
2013-07-25,13.408604621887207,15.660714149475098,15.764286041259766,15.564642906188965,15.739286422729492,229493600,13.614449174262209
2013-07-26,13.484750747680664,15.749643325805664,15.751428604125977,15.5121431350708,15.546428680419922,200152400,13.691764270699595
2013-07-29,13.692680358886719,15.992500305175781,16.07107162475586,15.721428871154785,15.742856979370117,248057600,13.9028859499061
2013-07-30,13.861778259277344,16.190000534057617,16.326786041259766,16.043928146362305,16.06999969482422,309422400,14.074579786458244
2013-07-31,13.83762264251709,16.161785125732422,16.33357048034668,16.051071166992188,16.249643325805664,322957600,14.050053340498415
2013-08-01,13.964522361755371,16.309999465942383,16.314285278320312,16.187856674194336,16.27678680419922,206250800,14.178901183097755
2013-08-02,14.14371109008789,16.519285202026367,16.530357360839844,16.30928611755371,16.357500076293945,274783600,14.360840758711882
2013-08-05,14.355005264282227,16.766071319580078,16.809642791748047,16.50535774230957,16.596071243286133,318855600,14.575378652587197
2013-08-06,14.226577758789062,16.616071701049805,16.853214263916016,16.506071090698242,16.71500015258789,334857600,14.44497956965355
2013-08-07,14.2183256149292,16.606428146362305,16.678571701049805,16.491785049438477,16.564285278320312,298858000,14.4366007415557
2013-08-08,14.190006256103516,16.464643478393555,16.575000762939453,16.355356216430664,16.566429138183594,255777200,14.407846633111738
2013-08-09,13.988085746765137,16.230356216430664,16.44499969482422,16.201786041259766,16.3799991607666,266865200,14.202826305557208
2013-08-12,14.385458946228027,16.691429138183594,16.737499237060547,16.30821418762207,16.316429138183594,364434000,14.606299849588074
2013-08-13,15.069089889526367,17.484643936157227,17.66642951965332,16.7160701751709,16.819286346435547,881941200,15.300425673560518
2013-08-14,15.343955993652344,17.803571701049805,18.008928298950195,17.621429443359375,17.781429290771484,756372400,15.579511433031877
2013-08-15,15.325793266296387,17.782499313354492,17.94285774230957,17.46714210510254,17.729286193847656,490294000,15.561069877372162
2013-08-16,15.461844444274902,17.940357208251953,17.962142944335938,17.816429138183594,17.862499237060547,362306000,15.699209668940295
2013-08-19,15.628360748291016,18.13357162475586,18.347856521606445,18.0,18.012142181396484,510518400,15.86828227728709
2013-08-20,15.423062324523926,17.895357131958008,18.234643936157227,17.886428833007812,18.203929901123047,358688400,15.659832178656336
2013-08-21,15.46276569366455,17.941429138183594,18.112499237060547,17.899999618530273,17.9853572845459,335879600,15.700145061051993
2013-08-22,15.481241226196289,17.96285629272461,18.056785583496094,17.792856216430664,18.03499984741211,244207600,15.718904223971167
2013-08-23,15.42151927947998,17.893571853637695,17.97678565979004,17.83392906188965,17.973928451538086,222731600,15.658265445284982
2013-08-26,15.481544494628906,17.963214874267578,18.2214298248291,17.875,17.883928298950195,330965600,15.719212148082471
2013-08-27,15.038923263549805,17.449642181396484,17.946786880493164,17.367856979370117,17.78571319580078,424188800,15.269795939319083
2013-08-28,15.110026359558105,17.532142639160156,17.707143783569336,17.35714340209961,17.35714340209961,307608000,15.341990587012516
2013-08-29,15.134645462036133,17.560714721679688,17.73214340209961,17.54035758972168,17.558929443359375,239657600,15.366987633972641
2013-08-30,14.996755599975586,17.400714874267578,17.605356216430664,17.375,17.571428298950195,272297200,15.226980931440375
2013-09-03,15.038617134094238,17.44928550720215,17.878570556640625,17.405357360839844,17.610713958740234,331928800,15.269485110263332
2013-09-04,15.349810600280762,17.81035614013672,17.937143325805664,17.724285125732422,17.841428756713867,345032800,15.585455917683754
2013-09-05,15.244535446166992,17.688213348388672,17.88142967224121,17.6299991607666,17.866071701049805,236367600,15.478564613524112
2013-09-06,15.33534049987793,17.79357147216797,17.834999084472656,17.498214721679688,17.801429748535156,359525600,15.570763676989353
2013-09-09,15.580041885375977,18.077499389648438,18.139999389648438,17.981428146362305,18.03571319580078,340687200,15.819221638848909
2013-09-10,15.225143432617188,17.665714263916016,18.123214721679688,17.48214340209961,18.078571319580078,743195600,15.458874900067316
2013-09-11,14.396235466003418,16.703929901123047,16.917499542236328,16.600357055664062,16.67892837524414,898696400,14.617241807002346
2013-09-12,14.549517631530762,16.881786346435547,16.97857093811035,16.643213272094727,16.73214340209961,404051200,14.772877110655527
2013-09-13,14.309734344482422,16.60357093811035,16.851070404052734,16.5964298248291,16.762142181396484,298835600,14.529412748299105
2013-09-16,13.85481071472168,16.075714111328125,16.48607063293457,15.972143173217773,16.46428680419922,543706800,14.06750527841677
2013-09-17,14.01486587524414,16.261428833007812,16.418214797973633,15.98214340209961,15.998571395874023,399380800,14.230017553889079
2013-09-18,14.302971839904785,16.595714569091797,16.655357360839844,16.4521427154541,16.542142868041992,456862000,14.522546427942945
2013-09-19,14.537513732910156,16.867856979370117,16.993928909301758,16.758928298950195,16.810714721679688,404541200,14.760688932073807
2013-09-20,14.387001037597656,16.693214416503906,17.0910701751709,16.64285659790039,17.071428298950195,699302800,14.607865614644613
2013-09-23,15.102023124694824,17.522857666015625,17.74678611755371,17.235713958740234,17.717857360839844,762106800,15.333864489081494
2013-09-24,15.054622650146484,17.467857360839844,17.695356369018555,17.422143936157227,17.674285888671875,364344400,15.285736337810564
2013-09-25,14.821614265441895,17.197500228881836,17.48714256286621,17.19392967224121,17.4714298248291,316957200,15.0491508839029
2013-09-26,14.96597671508789,17.364999771118164,17.448570251464844,17.282142639160156,17.35714340209961,237221600,15.195729539087438
2013-09-27,14.859169006347656,17.241071701049805,17.309642791748047,17.16857147216797,17.277856826782227,228040400,15.087282153019412
2013-09-30,14.674488067626953,17.02678680419922,17.2021427154541,16.943214416503906,17.04464340209961,260156400,14.899766052383269
2013-10-01,15.019536018371582,17.427143096923828,17.46928596496582,17.084999084472656,17.087499618530273,353883600,15.250111067436364
2013-10-02,15.068782806396484,17.484285354614258,17.564285278320312,17.27678680419922,17.343929290771484,289184000,15.300113876189952
2013-10-03,14.879487991333008,17.2646427154541,17.58392906188965,17.169286727905273,17.518213272094727,322753200,15.107913068476797
2013-10-04,14.867791175842285,17.25107192993164,17.30714225769043,17.092857360839844,17.28071403503418,258868400,15.096036687265643
2013-10-07,15.013070106506348,17.41964340209961,17.594642639160156,17.33392906188965,17.37714385986328,312292400,15.243545892987802
2013-10-08,14.803454399108887,17.176429748535156,17.522857666015625,17.16214370727539,17.49785614013672,290917200,15.03071223318763
2013-10-09,14.977365493774414,17.37821388244629,17.421070098876953,17.08142852783203,17.308570861816406,301725200,15.20729315461321
2013-10-10,15.071249008178711,17.48714256286621,17.584999084472656,17.394285202026367,17.547143936157227,278602800,15.302617938302634
2013-10-11,15.168818473815918,17.600357055664062,17.637142181396484,17.3271427154541,17.392499923706055,267738800,15.401685258753666
2013-10-14,15.268240928649902,17.715713500976562,17.770713806152344,17.47678565979004,17.493928909301758,261898000,15.502634014891061
2013-10-15,15.349492073059082,17.809999465942383,17.928571701049805,17.6971435546875,17.768213272094727,320073600,15.585132500535403
2013-10-16,15.42428970336914,17.896785736083984,17.947500228881836,17.82964324951172,17.885356903076172,251101200,15.661078399823783
2013-10-17,15.528636932373047,18.01785659790039,18.027856826782227,17.845714569091797,17.856428146362305,253593200,15.76702753366802
2013-10-18,15.663763999938965,18.17464256286621,18.187856674194336,18.061071395874023,18.07107162475586,290542000,15.904229028180008
2013-10-21,16.047597885131836,18.6200008392334,18.725000381469727,18.268571853637695,18.27750015258789,398106800,16.293955406776327
2013-10-22,16.001739501953125,18.56678581237793,18.873214721679688,18.14392852783203,18.800357818603516,534063600,16.247393020561933
2013-10-23,16.158397674560547,18.748571395874023,18.773929595947266,18.53571319580078,18.53571319580078,313723200,16.406456158661708
2013-10-24,16.372331619262695,18.99678611755371,19.016786575317383,18.6589298248291,18.75,384764800,16.623674347946114
2013-10-25,16.18918228149414,18.784286499023438,19.043928146362305,18.753929138183594,18.9757137298584,337792000,16.43771336090354
2013-10-28,16.30984115600586,18.924285888671875,18.96428680419922,18.686071395874023,18.894285202026367,550440800,16.560224551350757
2013-10-29,15.90354061126709,18.452856063842773,19.258928298950195,18.376428604125977,19.15250015258789,635807200,16.147686612332723
2013-10-30,16.15655517578125,18.746429443359375,18.84000015258789,18.46500015258789,18.5575008392334,354163600,16.404585374438312
2013-10-31,16.088836669921875,18.667856216430664,18.83892822265625,18.616785049438477,18.75,275696400,16.335827276024812
2013-11-01,16.006656646728516,18.572500228881836,18.742856979370117,18.4228572845459,18.71500015258789,274890000,16.25238565175025
2013-11-04,16.213499069213867,18.8125,18.815000534057617,18.528928756713867,18.610713958740234,244627600,16.462403452067175
2013-11-05,16.17348861694336,18.766071319580078,18.88892936706543,18.678571701049805,18.735000610351562,265213200,16.42177877230095
2013-11-06,16.12766456604004,18.604286193847656,18.7450008392334,18.507143020629883,18.719642639160156,223375600,16.375251245419914
2013-11-07,15.866668701171875,18.303213119506836,18.68535614013672,18.299285888671875,18.556428909301758,262620400,16.110248656624055
2013-11-08,16.11652183532715,18.591428756713867,18.611785888671875,18.306785583496094,18.377857208251953,279316800,16.36393745511652
2013-11-11,16.069765090942383,18.537500381469727,18.631071090698242,18.37178611755371,18.57107162475586,227452400,16.316462916346
2013-11-12,16.099496841430664,18.571786880493164,18.711429595947266,18.46428680419922,18.48821449279785,204276800,16.346651099031604
2013-11-13,16.11868667602539,18.593929290771484,18.65178680419922,18.46285629272461,18.5,197220800,16.366135529747527
2013-11-14,16.351816177368164,18.862857818603516,18.902856826782227,18.638214111328125,18.671785354614258,282419200,16.60284395963675
2013-11-15,16.253665924072266,18.749643325805664,18.89607048034668,18.731786727905273,18.806428909301758,317920400,16.503186935463127
2013-11-18,16.0567569732666,18.522499084472656,18.828214645385742,18.507143020629883,18.749643325805664,244944000,16.30325510226364
2013-11-19,16.08525276184082,18.555356979370117,18.692142486572266,18.49892807006836,18.536785125732422,208938800,16.332188348948456
2013-11-20,15.94438362121582,18.39285659790039,18.586429595947266,18.368928909301758,18.543928146362305,193916800,16.18915663093281
2013-11-21,16.134475708007812,18.61214256286621,18.614643096923828,18.34535789489746,18.485713958740234,262026800,16.38216694983166
2013-11-22,16.09299087524414,18.564285278320312,18.648571014404297,18.51892852783203,18.554285049438477,223725600,16.340045255360792
2013-11-25,16.21497344970703,18.704999923706055,18.781070709228516,18.60714340209961,18.60785675048828,229311600,16.46390046677182
2013-11-26,16.514041900634766,19.049999237060547,19.147857666015625,18.71428680419922,18.718570709228516,401382800,16.76756011962896
2013-11-27,16.902904510498047,19.498571395874023,19.5,19.049999237060547,19.153928756713867,363448400,17.162392422247
2013-11-29,17.215904235839844,19.859643936157227,19.940357208251953,19.56464385986328,19.624286651611328,318127600,17.48019721792783
2013-12-02,17.066059112548828,19.686786651611328,20.15464210510254,19.672143936157227,19.928571701049805,472544800,17.328051720869432
2013-12-03,17.533246994018555,20.2257137298584,20.22785758972168,19.917142868041992,19.939285278320312,450968000,17.802411719278098
2013-12-04,17.492380142211914,20.178571701049805,20.328214645385742,20.029285430908203,20.196428298950195,377809600,17.760917492807625
2013-12-05,17.582162857055664,20.282142639160156,20.540714263916016,20.22892951965332,20.451786041259766,447580000,17.852078522790734
2013-12-06,17.33820343017578,20.000713348388672,20.241071701049805,19.984643936157227,20.206785202026367,344352400,17.604373909857575
2013-12-09,17.536657333374023,20.229642868041992,20.34214210510254,20.032142639160156,20.032142639160156,320493600,17.805874413058046
2013-12-10,17.509410858154297,20.198213577270508,20.281429290771484,20.042856216430664,20.127857208251953,278269600,17.778209658781435
2013-12-11,17.379690170288086,20.04857063293457,20.391786575317383,19.988929748535156,20.25,359718800,17.646497540958073
2013-12-12,17.354299545288086,20.019285202026367,20.19071388244629,20.00107192993164,20.07642936706543,262290000,17.620717127312272
2013-12-13,17.165138244628906,19.801071166992188,20.10285758972168,19.773929595947266,20.10178565979004,332822000,17.428651883673275
2013-12-16,17.260177612304688,19.91071319580078,20.09428596496582,19.821786880493164,19.8221435546875,282592800,17.52515026491899
2013-12-17,17.182472229003906,19.82107162475586,19.979999542236328,19.76357078552246,19.850357055664062,229902400,17.44625197375839
2013-12-18,17.051820755004883,19.67035675048828,19.694643020629883,19.242856979370117,19.632143020629883,565863200,17.313594780675178
2013-12-19,16.856462478637695,19.44499969482422,19.64285659790039,19.418928146362305,19.625,320308800,17.115237427365567
2013-12-20,16.997638702392578,19.60785675048828,19.70035743713379,19.457857131958008,19.479642868041992,436413600,17.25858094275178
2013-12-23,17.64996910095215,20.3603572845459,20.382856369018555,20.09857177734375,20.28571319580078,501306400,17.920925706167253
2013-12-24,17.575048446655273,20.273929595947266,20.424285888671875,20.215356826782227,20.353214263916016,167554800,17.844854894267684
2013-12-26,17.458328247070312,20.139286041259766,20.33928680419922,20.12071418762207,20.28928565979004,204008000,17.72634284400816
2013-12-27,17.340364456176758,20.00321388244629,20.157499313354492,19.98214340209961,20.136428833007812,225884400,17.606568111229322
2013-12-30,17.167922973632812,19.804285049438477,20.00321388244629,19.7257137298584,19.909286499023438,253629600,17.431479362934308
2013-12-31,17.36915397644043,20.036428451538086,20.045713424682617,19.78571319580078,19.791786193847656,223084400,17.635799598877288
2014-01-02,17.124881744384766,19.754642486572266,19.89392852783203,19.71500015258789,19.845714569091797,234684800,17.387777378684675
2014-01-03,16.748727798461914,19.320714950561523,19.774999618530273,19.301071166992188,19.7450008392334,392467600,17.005848839296952
2014-01-06,16.840055465698242,19.426071166992188,19.5285701751709,19.05714225769043,19.194643020629883,412610800,17.098578539281046
2014-01-07,16.719621658325195,19.28714370727539,19.498571395874023,19.211429595947266,19.440000534057617,317209200,16.976295871130265
2014-01-08,16.825510025024414,19.409286499023438,19.484285354614258,19.238929748535156,19.243213653564453,258529600,17.083809801716225
2014-01-09,16.610639572143555,19.161428451538086,19.53071403503418,19.11964225769043,19.5285701751709,279148800,16.86564072728308
2014-01-10,16.499801635742188,19.033571243286133,19.314285278320312,18.96821403503418,19.27964210510254,304976000,16.753101242805077
2014-01-13,16.58618927001953,19.133214950561523,19.375,18.924285888671875,18.925357818603516,378492800,16.84081507204528
2014-01-14,16.916215896606445,19.51392936706543,19.526071548461914,19.2021427154541,19.222143173217773,332561600,17.175908160440663
2014-01-15,17.25584602355957,19.90571403503418,20.007143020629883,19.7021427154541,19.768571853637695,391638800,17.520752179027344
2014-01-16,17.15956687927246,19.79464340209961,19.887500762939453,19.702856063842773,19.81785774230957,229278000,17.42299498852158
2014-01-17,16.739126205444336,19.309642791748047,19.716785430908203,19.282142639160156,19.695714950561523,426739600,16.99609984573528
2014-01-21,16.99918556213379,19.609643936157227,19.645357131958008,19.30071449279785,19.32107162475586,328526800,17.260151549382396
2014-01-22,17.074735641479492,19.696786880493164,19.903213500976562,19.56464385986328,19.675357818603516,379985200,17.336861449060144
2014-01-23,17.21930503845215,19.863571166992188,19.875,19.457500457763672,19.640714645385742,403239200,17.48365022855963
2014-01-24,16.906307220458984,19.502500534057617,19.843570709228516,19.45535659790039,19.78571319580078,429354800,17.165847369508427
2014-01-27,17.0434627532959,19.66071319580078,19.814285278320312,19.491071701049805,19.645357131958008,554878800,17.305108469632817
2014-01-28,15.681221961975098,18.08928680419922,18.39285659790039,17.93107032775879,18.170000076293945,1065523200,15.921954999191128
2014-01-29,15.503199577331543,17.883928298950195,18.120357513427734,17.807857513427734,17.998214721679688,502810000,15.741199672596263
2014-01-30,15.47316837310791,17.849285125732422,18.08928680419922,17.739286422729492,17.947856903076172,678501600,15.710707439058618
2014-01-31,15.498560905456543,17.878570556640625,17.911785125732422,17.626785278320312,17.684999465942383,464797200,15.73648978933405
2014-02-03,15.527347564697266,17.911785125732422,18.133214950561523,17.832143783569336,17.95035743713379,401464000,15.76571837203757
2014-02-04,15.752119064331055,18.171070098876953,18.19499969482422,17.955713272094727,18.066070556640625,376681200,15.99394049088443
2014-02-05,15.869767189025879,18.306785583496094,18.402856826782227,18.08035659790039,18.091428756713867,328344800,16.11339471145936
2014-02-06,15.96226978302002,18.30392837524414,18.33928680419922,18.136070251464844,18.216428756713867,257765200,16.207317375296054
2014-02-07,16.185575485229492,18.559999465942383,18.676071166992188,18.47785758972168,18.62071418762207,370280400,16.43405119427161
2014-02-10,16.475543975830078,18.892499923706055,18.999643325805664,18.5,18.523571014404297,345559200,16.728471187159997
2014-02-11,16.692630767822266,19.141429901123047,19.20535659790039,18.91071319580078,18.95035743713379,282256800,16.948890625224188
2014-02-12,16.69138526916504,19.139999389648438,19.270000457763672,19.044286727905273,19.176786422729492,308100800,16.947626006075247
2014-02-13,16.956430435180664,19.44392967224121,19.45892906188965,19.078571319580078,19.094999313354492,307398000,17.216740059577386
2014-02-14,16.94272804260254,19.428213119506836,19.499286651611328,19.328929901123047,19.37392807006836,272924400,17.2028273123094
2014-02-18,17.005014419555664,19.499643325805664,19.68535614013672,19.48607063293457,19.5,260251600,17.266069889534258
2014-02-19,16.736541748046875,19.19178581237793,19.53178596496582,19.08392906188965,19.45535659790039,313768000,16.993475712585486
2014-02-20,16.542818069458008,18.969642639160156,19.178571701049805,18.89285659790039,19.035356521606445,305858000,16.796778050869513
2014-02-21,16.359060287475586,18.758928298950195,19.091785430908203,18.735713958740234,19.028213500976562,278784800,16.610199278974697
2014-02-24,16.430700302124023,18.8410701751709,18.92571449279785,18.65785789489746,18.683929443359375,288909600,16.682939087909215
2014-02-25,16.259708404541016,18.645000457763672,18.9132137298584,18.60714340209961,18.906429290771484,231952000,16.509322178133644
2014-02-26,16.113018035888672,18.47678565979004,18.75,18.41428565979004,18.70035743713379,276217200,16.36037986648466
2014-02-27,16.434432983398438,18.84535789489746,18.885000228881836,18.430356979370117,18.46928596496582,301882000,16.686729072096778
2014-02-28,16.389896392822266,18.794286727905273,19.02678680419922,18.64714241027832,18.895713806152344,371968800,16.64150877021656
2014-03-03,16.43723487854004,18.84857177734375,18.951786041259766,18.671785354614258,18.693571090698242,238781200,16.689573981024488
2014-03-04,16.545621871948242,18.972856521606445,19.022857666015625,18.848928451538086,18.96428680419922,259140000,16.799624896426852
2014-03-05,16.580509185791016,19.01285743713379,19.09821319580078,18.897499084472656,18.961429595947266,200062800,16.835047789004626
2014-03-06,16.530359268188477,18.95535659790039,19.087142944335938,18.860713958740234,19.028213500976562,185488800,16.784127986120836
2014-03-07,16.520702362060547,18.944286346435547,18.999286651611328,18.787500381469727,18.967500686645508,220729600,16.77432283029987
2014-03-10,16.535659790039062,18.961429595947266,19.047500610351562,18.869285583496094,18.8700008392334,178584000,16.78950987986495
2014-03-11,16.696672439575195,19.14607048034668,19.240713119506836,19.02107048034668,19.123214721679688,279224400,16.952994343411945
2014-03-12,16.712873458862305,19.164642333984375,19.191070556640625,19.0,19.089643478393555,199326400,16.969444075496337
2014-03-13,16.52724266052246,18.951786041259766,19.273571014404297,18.898571014404297,19.194286346435547,257742800,16.780963533304035
2014-03-14,16.34162139892578,18.738929748535156,18.960357666015625,18.678571701049805,18.885356903076172,237199200,16.592492674259887
2014-03-17,16.40546226501465,18.812143325805664,18.927499771118164,18.780357360839844,18.8464298248291,199544800,16.65731360463388
2014-03-18,16.550601959228516,18.97857093811035,18.99892807006836,18.757143020629883,18.782142639160156,209647200,16.804681436392986
2014-03-19,16.546247482299805,18.97357177734375,19.15142822265625,18.89285659790039,19.009286880493164,224756000,16.800260110945768
2014-03-20,16.466514587402344,18.882143020629883,19.023929595947266,18.83392906188965,18.92464256286621,208398400,16.71930318248758
2014-03-21,16.596391677856445,19.031070709228516,19.0625,18.797500610351562,18.997499465942383,374046400,16.851174103940668
2014-03-24,16.793224334716797,19.256786346435547,19.303571701049805,19.109285354614258,19.229286193847656,355700800,17.051028471954922
2014-03-25,16.97386360168457,19.46392822265625,19.491071701049805,19.27107048034668,19.33928680419922,282293200,17.234440854403307
2014-03-26,16.811601638793945,19.277856826782227,19.60714340209961,19.2450008392334,19.518571853637695,299768000,17.06968789844811
2014-03-27,16.739343643188477,19.19499969482422,19.33928680419922,19.11142921447754,19.286428451538086,222031600,16.9963206215132
2014-03-28,16.720657348632812,19.17357063293457,19.24785614013672,19.08035659790039,19.2257137298584,200564000,16.977347461019814
2014-03-31,16.71692657470703,19.169286727905273,19.31464385986328,19.140356063842773,19.258214950561523,168669200,16.97355941346188
2014-04-01,16.86985206604004,19.344642639160156,19.352500915527344,19.17035675048828,19.205713272094727,200760000,17.128832567374097
2014-04-02,16.897871017456055,19.376785278320312,19.40999984741211,19.295000076293945,19.37071418762207,180420800,17.1572816566512
2014-04-03,16.780763626098633,19.24250030517578,19.375,19.20142936706543,19.335357666015625,162344000,17.038376470576615
2014-04-04,16.563690185546875,18.99357032775879,19.28571319580078,18.94928550720215,19.278928756713867,275251200,16.81797058891984
2014-04-07,16.303625106811523,18.695356369018555,18.96071434020996,18.63892936706543,18.85785675048828,289850400,16.553913075383836
2014-04-08,16.302684783935547,18.694286346435547,18.790000915527344,18.524999618530273,18.756786346435547,243888400,16.55295831697583
2014-04-09,16.516971588134766,18.940000534057617,18.94607162475586,18.643571853637695,18.665714263916016,206169600,16.770534782741937
2014-04-10,16.303937911987305,18.695714950561523,19.00857162475586,18.684642791748047,18.952856063842773,239652000,16.554230682643293
2014-04-11,16.18340492248535,18.5575008392334,18.672500610351562,18.46928596496582,18.53571319580078,271717600,16.43184730975171
2014-04-14,16.247875213623047,18.63142967224121,18.648571014404297,18.471786499023438,18.639286041259766,205674000,16.497307327903883
2014-04-15,16.13201904296875,18.498571395874023,18.6299991607666,18.26178550720215,18.581071853637695,266490000,16.379672570867132
2014-04-16,16.164710998535156,18.53607177734375,18.6103572845459,18.36214256286621,18.501785278320312,214765600,16.412866402739805
2014-04-17,16.34940528869629,18.74785614013672,18.84857177734375,18.542856216430664,18.571428298950195,284334400,16.600396059783364
2014-04-21,16.543445587158203,18.97035789489746,19.0049991607666,18.71285629272461,18.762142181396484,182548800,16.79741520201806
2014-04-22,16.559953689575195,18.989286422729492,18.993928909301758,18.803571701049805,18.868213653564453,202563200,16.81417673147302
2014-04-23,16.343490600585938,18.741071701049805,18.968929290771484,18.730356216430664,18.895000457763672,394940000,16.594390571298113
2014-04-24,17.683364868164062,20.27750015258789,20.35714340209961,20.026071548461914,20.293214797973633,759911600,17.954834154373707
2014-04-25,17.81324005126953,20.426429748535156,20.428213119506836,20.141429901123047,20.161785125732422,390275200,18.086703139197166
2014-04-28,18.503103256225586,21.217500686645508,21.27678680419922,20.448213577270508,20.457143783569336,669485600,18.787156900488394
2014-04-29,18.448287963867188,21.15464210510254,21.28499984741211,21.05392837524414,21.204999923706055,337377600,18.731500101527555
2014-04-30,18.378515243530273,21.074642181396484,21.408214569091797,21.064285278320312,21.165714263916016,456640800,18.660656253001637
2014-05-01,18.42182159423828,21.124286651611328,21.242856979370117,20.941429138183594,21.14285659790039,244048000,18.70462742876996
2014-05-02,18.45608139038086,21.163570404052734,21.2214298248291,21.061071395874023,21.155000686645508,191514400,18.739413170199185
2014-05-05,18.717071533203125,21.46285629272461,21.46428680419922,21.071428298950195,21.07642936706543,287067200,19.00440994910615
2014-05-06,18.513071060180664,21.22892951965332,21.586071014404297,21.22892951965332,21.492856979370117,374564400,18.797277726939186
2014-05-07,18.448287963867188,21.15464210510254,21.331785202026367,20.9903564453125,21.258928298950195,282864400,18.731500101527555
2014-05-08,18.415401458740234,20.999643325805664,21.22892951965332,20.94285774230957,21.008928298950195,230297200,18.698108733432537
2014-05-09,18.338674545288086,20.91214370727539,20.9375,20.726070404052734,20.876428604125977,291597600,18.620203933272556
2014-05-12,18.56698989868164,21.172500610351562,21.2021427154541,20.97857093811035,20.981786727905273,213208800,18.85202430997353
2014-05-13,18.596113204956055,21.205713272094727,21.233570098876953,21.0964298248291,21.14285659790039,159737200,18.88159470780689
2014-05-14,18.599559783935547,21.20964241027832,21.33571434020996,21.13357162475586,21.158214569091797,166404000,18.885094197549826
2014-05-15,18.44139862060547,21.029285430908203,21.30714225769043,21.001428604125977,21.239286422729492,230846000,18.724504995300947
2014-05-16,18.713563919067383,21.339643478393555,21.340356826782227,20.907142639160156,21.022499084472656,276256400,19.00084848721503
2014-05-19,18.9352970123291,21.592500686645508,21.690357208251953,21.333213806152344,21.35178565979004,317755200,19.225985555059957
2014-05-20,18.939056396484375,21.596786499023438,21.657142639160156,21.45464324951172,21.589643478393555,234836000,19.22980265206235
2014-05-21,18.989166259765625,21.653928756713867,21.667856216430664,21.50214385986328,21.565357208251953,196859600,19.280681785723896
2014-05-22,19.019235610961914,21.688213348388672,21.780357360839844,21.575000762939453,21.66428565979004,200760000,19.311212751854157
2014-05-23,19.234086990356445,21.93321418762207,21.95464324951172,21.659643173217773,21.6875,232209600,19.529362459990995
2014-05-27,19.594253540039062,22.343929290771484,22.352142333984375,21.986785888671875,21.99571418762207,348866000,19.89505816981298
2014-05-28,19.54351806640625,22.28607177734375,22.493928909301758,22.277856826782227,22.35785675048828,315481600,19.84354382163252
2014-05-29,19.899616241455078,22.692142486572266,22.745357513427734,22.42035675048828,22.423213958740234,376474000,20.205108700451913
2014-05-30,19.825084686279297,22.60714340209961,23.006071090698242,22.46071434020996,22.78499984741211,564020800,20.129432960997036
2014-06-02,19.6888427734375,22.451786041259766,22.672500610351562,22.23214340209961,22.641429901123047,369350800,19.99109950646582
2014-06-03,19.967266082763672,22.769285202026367,22.812143325805664,22.4375,22.44499969482422,292709200,20.2737970801987
2014-06-04,20.195274353027344,23.029285430908203,23.13892936706543,22.71821403503418,22.765714645385742,335482000,20.505305659529107
2014-06-05,20.274511337280273,23.11964225769043,23.19178581237793,22.95035743713379,23.078571319580078,303805600,20.585759064283277
2014-06-06,20.218759536743164,23.05607032775879,23.259286880493164,23.016786575317383,23.21071434020996,349938400,20.529151380173694
2014-06-09,20.542285919189453,23.424999237060547,23.469999313354492,22.9375,23.174999237060547,301660000,20.857644434787158
2014-06-10,20.662874221801758,23.5625,23.762500762939453,23.392499923706055,23.6825008392334,251108000,20.980083969938033
2014-06-11,20.57737159729004,23.46500015258789,23.690000534057617,23.36750030517578,23.532499313354492,182724000,20.89326873684654
2014-06-12,20.233177185058594,23.072500228881836,23.530000686645508,22.975000381469727,23.510000228881836,218996000,20.543790363553246
2014-06-13,20.011741638183594,22.81999969482422,23.110000610351562,22.719999313354492,23.049999237060547,218100000,20.318955409930734
2014-06-16,20.21343994140625,23.049999237060547,23.1875,22.862499237060547,22.877500534057617,142244000,20.52375012013327
2014-06-17,20.1871337890625,23.020000457763672,23.174999237060547,22.950000762939453,23.077499389648438,118904000,20.49704012426466
2014-06-18,20.20905303955078,23.045000076293945,23.072500228881836,22.837499618530273,23.0674991607666,134056000,20.519295871982326
2014-06-19,20.13890266418457,22.96500015258789,23.075000762939453,22.834999084472656,23.072500228881836,142112000,20.4480685707895
2014-06-20,19.93062973022461,22.727500915527344,23.137500762939453,22.725000381469727,22.962499618530273,403592000,20.236598298249444
2014-06-23,19.913082122802734,22.707500457763672,22.905000686645508,22.649999618530273,22.829999923706055,174776000,20.218781305645674
2014-06-24,19.792503356933594,22.56999969482422,22.934999465942383,22.547500610351562,22.6875,156144000,20.09635145364295
2014-06-25,19.81005096435547,22.59000015258789,22.674999237060547,22.412500381469727,22.552499771118164,147476000,20.11416844624672
2014-06-26,19.928434371948242,22.725000381469727,22.762500762939453,22.450000762939453,22.592500686645508,130516000,20.23436923754434
2014-06-27,20.165205001831055,22.9950008392334,23.0,22.6924991607666,22.704999923706055,256116000,20.474774693398846
2014-06-30,20.373485565185547,23.232500076293945,23.4325008392334,23.022499084472656,23.024999618530273,197929200,20.686252712457424
2014-07-01,20.502826690673828,23.3799991607666,23.517499923706055,23.282499313354492,23.3799991607666,152892000,20.817579440984247
2014-07-02,20.49405860900879,23.3700008392334,23.514999389648438,23.272499084472656,23.467500686645508,113860000,20.808676754571255
2014-07-03,20.614635467529297,23.50749969482422,23.524999618530273,23.299999237060547,23.417499542236328,91567200,20.931104669944347
2014-07-07,21.039955139160156,23.99250030517578,23.997499465942383,23.524999618530273,23.53499984741211,225872000,21.362953711326345
2014-07-08,20.904029846191406,23.837499618530273,24.200000762939453,23.479999542236328,24.0674991607666,260888000,21.22494173731385
2014-07-09,20.91279411315918,23.84749984741211,23.987499237060547,23.690000534057617,23.860000610351562,145744000,21.23384055046758
2014-07-10,20.8360652923584,23.760000228881836,23.887500762939453,23.3799991607666,23.440000534057617,158744000,21.15593381367797
2014-07-11,20.875526428222656,23.80500030517578,23.97249984741211,23.71500015258789,23.84000015258789,136072000,21.19600074411051
2014-07-14,21.145183563232422,24.112499237060547,24.22249984741211,23.912500381469727,23.96500015258789,171240000,21.469797568060034
2014-07-15,20.89745330810547,23.829999923706055,24.212499618530273,23.75749969482422,24.200000762939453,181911600,21.2182642383467
2014-07-16,20.77906036376953,23.69499969482422,24.274999618530273,23.684999465942383,24.24250030517578,213585200,21.09805376390092
2014-07-17,20.408559799194336,23.272499084472656,23.81999969482422,23.142499923706055,23.75749969482422,229192000,20.721865394739023
2014-07-18,20.70233154296875,23.607500076293945,23.684999465942383,23.2549991607666,23.405000686645508,199952000,21.020147027111314
2014-07-21,20.59490966796875,23.485000610351562,23.75,23.43000030517578,23.747499465942383,156316000,20.911076046302153
2014-07-22,20.76590347290039,23.68000030517578,23.72249984741211,23.530000686645508,23.670000076293945,220788000,21.084694892707358
2014-07-23,21.30742645263672,24.297500610351562,24.469999313354492,23.792499542236328,23.854999542236328,371672000,21.63453115771892
2014-07-24,21.272342681884766,24.25749969482422,24.329999923706055,24.104999542236328,24.260000228881836,182916000,21.59890879228917
2014-07-25,21.41265106201172,24.417499542236328,24.459999084472656,24.15999984741211,24.212499618530273,173876000,21.741371141193348
2014-07-28,21.708620071411133,24.7549991607666,24.809999465942383,24.387500762939453,24.454999923706055,221272000,22.04188377090037
2014-07-29,21.568307876586914,24.594999313354492,24.860000610351562,24.5625,24.832500457763672,172572000,21.89941754873693
2014-07-30,21.517885208129883,24.537500381469727,24.674999237060547,24.417499542236328,24.610000610351562,132040000,21.848220807815927
2014-07-31,20.958837509155273,23.899999618530273,24.362499237060547,23.832500457763672,24.290000915527344,227372000,21.280590789756165
2014-08-01,21.07503318786621,24.032499313354492,24.155000686645508,23.702499389648438,23.725000381469727,194044000,21.398570266867207
2014-08-04,20.95664405822754,23.897499084472656,24.145000457763672,23.792499542236328,24.092500686645508,159832000,21.278363665680693
2014-08-05,20.85360336303711,23.780000686645508,23.920000076293945,23.59000015258789,23.84000015258789,223732000,21.173741123133585
2014-08-06,20.818525314331055,23.739999771118164,23.8700008392334,23.677499771118164,23.6875,154232000,21.138124567592723
2014-08-07,20.816322326660156,23.6200008392334,23.987499237060547,23.524999618530273,23.732500076293945,186844000,21.135887760369098
2014-08-08,20.87360382080078,23.684999465942383,23.704999923706055,23.31999969482422,23.565000534057617,167460000,21.19404862144262
2014-08-11,21.14902114868164,23.997499465942383,24.020000457763672,23.709999084472656,23.8174991607666,146340000,21.473694066877293
2014-08-12,21.144609451293945,23.99250030517578,24.219999313354492,23.90250015258789,24.010000228881836,135180000,21.46921464254115
2014-08-13,21.424419403076172,24.309999465942383,24.309999465942383,24.010000228881836,24.037500381469727,127664000,21.753320146015657
2014-08-14,21.481700897216797,24.375,24.392499923706055,24.200000762939453,24.332500457763672,112464000,21.811481007089178
2014-08-15,21.587459564208984,24.4950008392334,24.547500610351562,24.21500015258789,24.475000381469727,195804000,21.918863246860237
2014-08-18,21.84744644165039,24.790000915527344,24.842500686645508,24.4950008392334,24.622499465942383,190288000,22.18284135858138
2014-08-19,22.1492919921875,25.13249969482422,25.170000076293945,24.829999923706055,24.852500915527344,277596000,22.489320744181036
2014-08-20,22.15810203552246,25.142499923706055,25.272499084472656,24.987499237060547,25.110000610351562,210796000,22.498266036445905
2014-08-21,22.160308837890625,25.145000457763672,25.235000610351562,25.02750015258789,25.142499923706055,133912000,22.500506716928793
2014-08-22,22.323345184326172,25.329999923706055,25.36750030517578,25.047500610351562,25.072500228881836,176736000,22.666045944514114
2014-08-25,22.371822357177734,25.385000228881836,25.542499542236328,25.31999969482422,25.447500228881836,161080000,22.715267323211656
2014-08-26,22.22860336303711,25.22249984741211,25.375,25.21500015258789,25.354999542236328,132608000,22.569849677490808
2014-08-27,22.501813888549805,25.532499313354492,25.642499923706055,25.174999237060547,25.2549991607666,209476000,22.847254442442594
2014-08-28,22.52824592590332,25.5625,25.69499969482422,25.389999389648438,25.397499084472656,273840000,22.874092255866834
2014-08-29,22.583332061767578,25.625,25.725000381469727,25.549999237060547,25.71500015258789,178380000,22.930024056235254
2014-09-02,22.75959014892578,25.825000762939453,25.934999465942383,25.68000030517578,25.764999389648438,214256000,23.108988000421586
2014-09-03,21.79897689819336,24.735000610351562,25.799999237060547,24.645000457763672,25.774999618530273,501684000,22.133627726402363
2014-09-04,21.618309020996094,24.530000686645508,25.022499084472656,24.447500228881836,24.712499618530273,342872000,21.950186294509518
2014-09-05,21.805580139160156,24.74250030517578,24.84749984741211,24.577499389648438,24.700000762939453,233828000,22.140332338184347
2014-09-08,21.671186447143555,24.59000015258789,24.827499389648438,24.512500762939453,24.825000762939453,185426800,22.003875477765416
2014-09-09,21.589664459228516,24.497499465942383,25.770000457763672,24.03499984741211,24.770000457763672,759385200,21.921101990713495
2014-09-10,22.252843856811523,25.25,25.27750015258789,24.440000534057617,24.502500534057617,403478400,22.59446230346921
2014-09-11,22.347583770751953,25.357500076293945,25.360000610351562,24.905000686645508,25.102500915527344,249412400,22.690656633862883
2014-09-12,22.39825439453125,25.415000915527344,25.547500610351562,25.270000457763672,25.302499771118164,250504400,22.742105136635896
2014-09-15,22.39164924621582,25.407499313354492,25.762500762939453,25.360000610351562,25.702499389648438,245266000,22.73539858822428
2014-09-16,22.222000122070312,25.21500015258789,25.315000534057617,24.72249984741211,24.950000762939453,267632400,22.563145065708824
2014-09-17,22.380638122558594,25.395000457763672,25.450000762939453,25.147499084472656,25.3174991607666,243706000,22.724218425365418
2014-09-18,22.426904678344727,25.447500228881836,25.587499618530273,25.389999389648438,25.482500076293945,149197600,22.77119525032081
2014-09-19,22.244029998779297,25.239999771118164,25.587499618530273,25.125,25.572500228881836,283609600,22.585513137945078
2014-09-22,22.26605987548828,25.264999389648438,25.53499984741211,25.145000457763672,25.450000762939453,211153600,22.60788121018133
2014-09-23,22.614179611206055,25.65999984741211,25.735000610351562,25.135000228881836,25.149999618530273,253608800,22.9613451672549
2014-09-24,22.418087005615234,25.4375,25.712499618530273,25.299999237060547,25.540000915527344,240687200,22.762242211537416
2014-09-25,21.56322479248047,24.467500686645508,25.177499771118164,24.43000030517578,25.127500534057617,400368000,21.894256430770728
2014-09-26,22.197765350341797,25.1875,25.1875,24.600000381469727,24.63249969482422,249482000,22.538538249619315
2014-09-29,22.0567569732666,25.02750015258789,25.110000610351562,24.657499313354492,24.662500381469727,199065200,22.39536515764062
2014-09-30,22.197765350341797,25.1875,25.385000228881836,25.13249969482422,25.202499389648438,221056400,22.538538249619315
2014-10-01,21.851858139038086,24.795000076293945,25.172500610351562,24.674999237060547,25.147499084472656,205965200,22.187320782917524
2014-10-02,22.010486602783203,24.975000381469727,25.05500030517578,24.510000228881836,24.8174991607666,191031200,22.34838445942596
2014-10-03,21.94879150390625,24.905000686645508,25.052499771118164,24.760000228881836,24.860000610351562,173878400,22.285742237386668
2014-10-06,21.94879150390625,24.905000686645508,25.162500381469727,24.854999542236328,24.987499237060547,148204800,22.285742237386668
2014-10-07,21.757118225097656,24.6875,25.030000686645508,24.6825008392334,24.857500076293945,168376800,22.09112645252385
2014-10-08,22.208776473999023,25.200000762939453,25.27750015258789,24.577499389648438,24.690000534057617,229618800,22.549718412478178
2014-10-09,22.257251739501953,25.2549991607666,25.594999313354492,25.15250015258789,25.385000228881836,309506000,22.59893785454609
2014-10-10,22.193357467651367,25.1825008392334,25.50749969482422,25.075000762939453,25.172500610351562,265326400,22.534062698542435
2014-10-13,21.99065399169922,24.952499389648438,25.44499969482422,24.952499389648438,25.332500457763672,214333600,22.328247384524442
2014-10-14,21.757118225097656,24.6875,25.1299991607666,24.642499923706055,25.09749984741211,254754400,22.09112645252385
2014-10-15,21.49052619934082,24.385000228881836,24.787500381469727,23.795000076293945,24.49250030517578,403734400,21.820441792391094
2014-10-16,21.20850944519043,24.065000534057617,24.43000030517578,23.852500915527344,23.887500762939453,288618000,21.5340956084337
2014-10-17,21.5191593170166,24.417499542236328,24.75,24.202499389648438,24.375,272718800,21.84951447640933
2014-10-20,21.97964096069336,24.940000534057617,24.989999771118164,24.55500030517578,24.579999923706055,310069200,22.317065285035945
2014-10-21,22.576719284057617,25.61750030517578,25.7549991607666,25.3174991607666,25.7549991607666,378495600,22.923309761305116
2014-10-22,22.6912899017334,25.747499465942383,26.02750015258789,25.649999618530273,25.709999084472656,273052400,23.03963922997068
2014-10-23,23.09669303894043,26.207500457763672,26.262500762939453,25.907499313354492,26.020000457763672,284298800,23.4512659847474
2014-10-24,23.182615280151367,26.30500030517578,26.372499465942383,26.13249969482422,26.295000076293945,188215600,23.53850727635768
2014-10-27,23.15838050842285,26.27750015258789,26.3700008392334,26.174999237060547,26.212499618530273,136750800,23.51390046026817
2014-10-28,23.51750946044922,26.684999465942383,26.684999465942383,26.337499618530273,26.350000381469727,192243600,23.878542643570974
2014-10-29,23.649707794189453,26.834999084472656,26.842500686645508,26.59000015258789,26.662500381469727,210751600,24.012770443284804
2014-10-30,23.57038688659668,26.7450008392334,26.837499618530273,26.475000381469727,26.739999771118164,162619200,23.932231826826875
2014-10-31,23.79511260986328,27.0,27.010000228881836,26.802499771118164,27.002500534057617,178557200,24.160407466562596
2014-11-03,24.103578567504883,27.350000381469727,27.575000762939453,27.002500534057617,27.05500030517578,209130400,24.473608893610912
2014-11-04,23.927318572998047,27.149999618530273,27.372499465942383,26.93000030517578,27.34000015258789,166297600,24.294643012794946
2014-11-05,23.984601974487305,27.21500015258789,27.325000762939453,27.032499313354492,27.274999618530273,149743600,24.352805810498097
2014-11-06,24.053197860717773,27.174999237060547,27.197500228881836,26.950000762939453,27.149999618530273,139874000,24.422454758541786
2014-11-07,24.12179183959961,27.252500534057617,27.329999923706055,27.137500762939453,27.1875,134766000,24.492101769955845
2014-11-10,24.08196258544922,27.207500457763672,27.332500457763672,27.167499542236328,27.2549991607666,108782000,24.45166107000455
2014-11-11,24.274473190307617,27.424999237060547,27.4375,27.100000381469727,27.174999237060547,109769200,24.64712703527531
2014-11-12,24.617456436157227,27.8125,27.857500076293945,27.342500686645508,27.344999313354492,187769600,24.99537564875302
2014-11-13,24.964874267578125,28.204999923706055,28.362499237060547,27.899999618530273,27.950000762939453,238091600,25.348126926122436
2014-11-14,25.265819549560547,28.545000076293945,28.547500610351562,27.802499771118164,28.287500381469727,176254400,25.653692222536332
2014-11-17,25.22377586364746,28.497499465942383,29.31999969482422,28.325000762939453,28.5674991607666,186986800,25.61100309558363
2014-11-18,25.551267623901367,28.86750030517578,28.922500610351562,28.47249984741211,28.485000610351562,176896000,25.943522403199616
2014-11-19,25.374242782592773,28.667499542236328,28.934999465942383,28.450000762939453,28.860000610351562,167476800,25.763779933901684
2014-11-20,25.737146377563477,29.077499389648438,29.21500015258789,28.712499618530273,28.727500915527344,173582000,26.13225470724393
2014-11-21,25.772544860839844,29.11750030517578,29.392499923706055,29.00749969482422,29.377500534057617,228717200,26.16819661656277
2014-11-24,26.250511169433594,29.657499313354492,29.6924991607666,29.155000686645508,29.212499618530273,189803200,26.653500509015338
2014-11-25,26.022592544555664,29.399999618530273,29.9375,29.362499237060547,29.767499923706055,275361600,26.422082951277584
2014-11-26,26.332386016845703,29.75,29.774999618530273,29.457500457763672,29.485000610351562,163073200,26.736632272548967
2014-11-28,26.31689453125,29.732500076293945,29.850000381469727,29.512500762939453,29.8174991607666,99257600,26.720902966687248
2014-12-01,25.46275520324707,28.767499923706055,29.8125,27.8174991607666,29.702499389648438,335256000,25.85365116855065
2014-12-02,25.365388870239258,28.657499313354492,28.9375,28.1875,28.375,237395600,25.754790099155304
2014-12-03,25.653059005737305,28.982500076293945,29.087499618530273,28.77750015258789,28.9375,172253600,26.046876453338523
2014-12-04,25.55569076538086,28.872499465942383,29.299999237060547,28.822500228881836,28.9424991607666,168178000,25.948013447313546
2014-12-05,25.447267532348633,28.75,29.020000457763672,28.65999984741211,28.997499465942383,153275600,25.837925735948193
2014-12-08,24.87193489074707,28.100000381469727,28.662500381469727,27.905000686645508,28.524999618530273,230659600,25.25376077410028
2014-12-09,25.252540588378906,28.530000686645508,28.575000762939453,27.337499618530273,27.547500610351562,240832000,25.64020940704639
2014-12-10,24.772354125976562,27.987499237060547,28.712499618530273,27.885000228881836,28.602500915527344,178261200,25.152651277703523
2014-12-11,24.699331283569336,27.905000686645508,28.450000762939453,27.834999084472656,28.065000534057617,165606800,25.078507412286644
2014-12-12,24.281108856201172,27.4325008392334,27.967500686645508,27.395000457763672,27.614999771118164,224112400,24.65386456976102
2014-12-15,23.94919204711914,27.0575008392334,27.899999618530273,26.587499618530273,27.674999237060547,268872400,24.31685228140147
2014-12-16,23.62169647216797,26.6875,27.540000915527344,26.565000534057617,26.592500686645508,243162800,23.98432910052622
2014-12-17,24.21030616760254,27.352500915527344,27.459999084472656,26.704999923706055,26.780000686645508,213647200,24.581974941234442
2014-12-18,24.927257537841797,28.162500381469727,28.162500381469727,27.665000915527344,27.967500686645508,236024800,25.309932716542924
2014-12-19,24.734743118286133,27.94499969482422,28.309999465942383,27.915000915527344,28.065000534057617,353719200,25.1144628780129
2014-12-22,24.991422653198242,28.235000610351562,28.372499465942383,27.99250030517578,28.040000915527344,180670000,25.37508287395416
2014-12-23,24.902908325195312,28.135000228881836,28.332500457763672,28.114999771118164,28.3075008392334,104113600,25.285209702675562
2014-12-24,24.785634994506836,28.002500534057617,28.177499771118164,28.002500534057617,28.145000457763672,57918400,25.166136029823093
2014-12-26,25.22377586364746,28.497499465942383,28.6299991607666,28.002500534057617,28.024999618530273,134884000,25.61100309558363
2014-12-29,25.20606803894043,28.477500915527344,28.6924991607666,28.424999237060547,28.447500228881836,110395600,25.59302342609087
2014-12-30,24.89848518371582,28.1299991607666,28.479999542236328,28.02750015258789,28.40999984741211,119526000,25.280718658561636
2014-12-31,24.424945831298828,27.594999313354492,28.282499313354492,27.552499771118164,28.204999923706055,165613600,24.79990968348226
2015-01-02,24.192602157592773,27.332500457763672,27.860000610351562,26.837499618530273,27.84749984741211,212818400,24.563999145000945
2015-01-05,23.511058807373047,26.5625,27.162500381469727,26.352500915527344,27.072500228881836,257142000,23.87199296215946
2015-01-06,23.51327133178711,26.565000534057617,26.857500076293945,26.157499313354492,26.635000228881836,263188400,23.87423945253124
2015-01-07,23.84298324584961,26.9375,27.049999237060547,26.674999237060547,26.799999237060547,160423600,24.20901299703753
2015-01-08,24.75908088684082,27.97249984741211,28.037500381469727,27.174999237060547,27.3075008392334,237458000,25.139174272102476
2015-01-09,24.785634994506836,28.002500534057617,28.3125,27.552499771118164,28.167499542236328,214798000,25.166136029823093
2015-01-12,24.17490005493164,27.3125,28.157499313354492,27.200000762939453,28.149999618530273,198603200,24.54602528539708
2015-01-13,24.38954734802246,27.55500030517578,28.200000762939453,27.227500915527344,27.857500076293945,268367600,24.763967774163415
2015-01-14,24.29660415649414,27.450000762939453,27.622499465942383,27.125,27.260000228881836,195826400,24.669597748881998
2015-01-15,23.637189865112305,26.704999923706055,27.514999389648438,26.665000915527344,27.5,240056000,24.00006034301757
2015-01-16,23.453527450561523,26.497499465942383,26.895000457763672,26.299999237060547,26.75749969482422,314053200,23.8135784026043
2015-01-20,24.0576229095459,27.18000030517578,27.24250030517578,26.625,26.959999084472656,199599600,24.426947739285346
2015-01-21,24.241289138793945,27.387500762939453,27.764999389648438,27.0674991607666,27.237499237060547,194303600,24.61343355295788
2015-01-22,24.87193489074707,28.100000381469727,28.11750030517578,27.43000030517578,27.565000534057617,215185600,25.25376077410028
2015-01-23,25.000282287597656,28.2450008392334,28.4375,27.88249969482422,28.075000762939453,185859200,25.384078518589433
2015-01-26,25.026830673217773,28.274999618530273,28.59000015258789,28.200000762939453,28.434999465942383,222460000,25.411034466421157
2015-01-27,24.15056610107422,27.28499984741211,28.1200008392334,27.25749969482422,28.104999542236328,382274800,24.521317764566763
2015-01-28,25.515865325927734,28.827499389648438,29.530000686645508,28.827499389648438,29.407499313354492,585908400,25.907576620621512
2015-01-29,26.31025505065918,29.725000381469727,29.797500610351562,28.889999389648438,29.079999923706055,337745600,26.714161558942276
2015-01-30,25.92523765563965,29.290000915527344,30.0,29.212499618530273,29.600000381469727,334982000,26.32323350166002
2015-02-02,26.250511169433594,29.657499313354492,29.792499542236328,29.020000457763672,29.512500762939453,250956400,26.653500509015338
2015-02-03,26.254945755004883,29.662500381469727,29.772499084472656,29.40250015258789,29.625,207662800,26.65800317290705
2015-02-04,26.456300735473633,29.889999389648438,30.127500534057617,29.577499389648438,29.625,280598800,26.862449289776034
2015-02-05,26.64513397216797,29.985000610351562,30.0575008392334,29.8125,30.0049991607666,168984800,27.054181433118526
2015-02-06,26.420757293701172,29.732500076293945,30.0625,29.612499237060547,30.0049991607666,174826400,26.82636019660525
2015-02-09,26.596263885498047,29.93000030517578,29.959999084472656,29.607500076293945,29.637500762939453,155559200,27.00456110871703
2015-02-10,27.10721778869629,30.5049991607666,30.537500381469727,30.040000915527344,30.042499542236328,248034000,27.52335901063505
2015-02-11,27.742572784423828,31.219999313354492,31.229999542236328,30.625,30.6924991607666,294247200,28.168467770336008
2015-02-12,28.09357261657715,31.614999771118164,31.8700008392334,31.392499923706055,31.514999389648438,297898000,28.52485603815215
2015-02-13,28.231313705444336,31.770000457763672,31.81999969482422,31.412500381469727,31.81999969482422,217088800,28.664711683573213
2015-02-17,28.397926330566406,31.957500457763672,32.220001220703125,31.729999542236328,31.872499465942383,252609600,28.833882091716365
2015-02-18,28.595643997192383,32.18000030517578,32.19499969482422,31.862499237060547,31.907499313354492,179566800,29.03463505587933
2015-02-19,28.535661697387695,32.11249923706055,32.25749969482422,32.08250045776367,32.119998931884766,149449600,28.973731927248537
2015-02-20,28.768922805786133,32.375,32.375,32.01250076293945,32.154998779296875,195793600,29.210573984582286
2015-02-23,29.546466827392578,33.25,33.25,32.415000915527344,32.505001068115234,283896400,30.00005461000343
2015-02-24,29.362075805664062,33.04249954223633,33.400001525878906,32.79249954223633,33.23500061035156,276912400,29.812832877071177
2015-02-25,28.611194610595703,32.1974983215332,32.900001525878906,32.037498474121094,32.88999938964844,298846800,29.050424397259604
2015-02-26,28.97330665588379,32.60499954223633,32.717498779296875,31.65250015258789,32.1974983215332,365150000,29.41809546930505
2015-02-27,28.537891387939453,32.1150016784668,32.64250183105469,32.060001373291016,32.5,248059200,28.975995847286992
2015-03-02,28.677841186523438,32.272499084472656,32.56999969482422,32.07500076293945,32.3125,192386800,29.11809410982057
2015-03-03,28.737825393676758,32.34000015258789,32.380001068115234,32.022499084472656,32.2400016784668,151265200,29.178999175081
2015-03-04,28.555662155151367,32.1349983215332,32.38999938964844,32.08000183105469,32.275001525878906,126665200,28.99403942555757
2015-03-05,28.08247184753418,31.602500915527344,32.1875,31.440000534057617,32.14500045776367,226068400,28.51358485370064
2015-03-06,28.124679565429688,31.649999618530273,32.342498779296875,31.565000534057617,32.099998474121094,291368400,28.556440530801595
2015-03-09,28.24464225769043,31.78499984741211,32.39250183105469,31.264999389648438,31.989999771118164,354114000,28.678244851433554
2015-03-10,27.66037940979004,31.127500534057617,31.80500030517578,30.950000762939453,31.602500915527344,275426400,28.085012589654028
2015-03-11,27.15609359741211,30.559999465942383,31.1924991607666,30.52750015258789,31.1875,275756000,27.57298514492544
2015-03-12,27.647050857543945,31.112499237060547,31.225000381469727,30.407499313354492,30.577499389648438,193450800,28.071479421793686
2015-03-13,27.45600128173828,30.897499084472656,31.350000381469727,30.645000457763672,31.100000381469727,207309200,27.877496914820156
2015-03-16,27.758121490478516,31.237499237060547,31.237499237060547,30.717500686645508,30.969999313354492,143497200,28.18425517508665
2015-03-17,28.222429275512695,31.760000228881836,31.829999923706055,31.412500381469727,31.475000381469727,204092400,28.655690862752742
2015-03-18,28.540109634399414,32.11750030517578,32.290000915527344,31.592500686645508,31.75,261083600,28.978248147547664
2015-03-19,28.324615478515625,31.875,32.3125,31.850000381469727,32.1875,183238000,28.75944579522523
2015-03-20,27.969175338745117,31.475000381469727,32.099998474121094,31.290000915527344,32.0625,274780400,28.39854905362848
2015-03-23,28.26018714904785,31.802499771118164,31.962499618530273,31.6299991607666,31.780000686645508,150838800,28.694028382924937
2015-03-24,28.14468002319336,31.672500610351562,32.0099983215332,31.639999389648438,31.8075008392334,131369200,28.57674802911063
2015-03-25,27.409345626831055,30.844999313354492,31.704999923706055,30.844999313354492,31.635000228881836,206620800,27.83012501742007
2015-03-26,27.600393295288086,31.059999465942383,31.219999313354492,30.649999618530273,30.690000534057617,190291600,28.02410558776397
2015-03-27,27.380470275878906,30.8125,31.174999237060547,30.727500915527344,31.142499923706055,158184800,27.800806381438715
2015-03-30,28.07358741760254,31.592500686645508,31.600000381469727,31.0,31.012500762939453,188398800,28.504564032880165
2015-03-31,27.642606735229492,31.107500076293945,31.622499465942383,31.09000015258789,31.522499084472656,168362400,28.06696707475382
2015-04-01,27.602617263793945,31.0625,31.280000686645508,30.774999618530273,31.204999923706055,162485600,28.026363697913535
2015-04-02,27.84032440185547,31.329999923706055,31.389999389648438,31.047500610351562,31.25749969482422,128880400,28.267720038916785
2015-04-06,28.291297912597656,31.837499618530273,31.877500534057617,31.082500457763672,31.11750030517578,148776000,28.72561674883364
2015-04-07,27.993606567382812,31.502500534057617,32.029998779296875,31.4950008392334,31.90999984741211,140049200,28.423355342569966
2015-04-08,27.902530670166016,31.399999618530273,31.600000381469727,31.24250030517578,31.462499618530273,149316800,28.330881277697145
2015-04-09,28.115795135498047,31.639999389648438,31.645000457763672,31.165000915527344,31.462499618530273,129936000,28.54741970998112
2015-04-10,28.235759735107422,31.774999618530273,31.802499771118164,31.315000534057617,31.487499237060547,160752000,28.669225967242713
2015-04-13,28.180217742919922,31.712499618530273,32.14250183105469,31.65250015258789,32.092498779296875,145460400,28.612831312392522
2015-04-14,28.058032989501953,31.575000762939453,31.822500228881836,31.477500915527344,31.75,102098400,28.488770818240628
2015-04-15,28.164669036865234,31.69499969482422,31.782499313354492,31.502500534057617,31.602500915527344,115881600,28.59704390764188
2015-04-16,28.029155731201172,31.542499542236328,31.774999618530273,31.52750015258789,31.56999969482422,113476000,28.459450245629643
2015-04-17,27.713695526123047,31.1875,31.53499984741211,31.114999771118164,31.387500762939453,207828000,28.139147197725023
2015-04-20,28.34683609008789,31.899999618530273,32.029998779296875,31.292499542236328,31.392499923706055,188217200,28.78200753042457
2015-04-21,28.193552017211914,31.727500915527344,32.04999923706055,31.667499542236328,32.025001525878906,129740400,28.626370290141757
2015-04-22,28.573429107666016,32.154998779296875,32.217498779296875,31.579999923706055,31.747499465942383,150618000,29.012079130568885
2015-04-23,28.80669593811035,32.41749954223633,32.60499954223633,32.03499984741211,32.07500076293945,183083600,29.24892699779153
2015-04-24,28.942201614379883,32.56999969482422,32.657501220703125,32.307498931884766,32.622501373291016,178103600,29.38651291328524
2015-04-27,29.46870994567871,33.162498474121094,33.282501220703125,32.787498474121094,33.07749938964844,387816800,29.921104029842798
2015-04-28,29.004413604736328,32.63999938964844,33.6349983215332,32.39250183105469,33.6150016784668,475696000,29.44967996195449
2015-04-29,28.577877044677734,32.15999984741211,32.897499084472656,32.07500076293945,32.540000915527344,253544400,29.016595350868016
2015-04-30,27.802560806274414,31.287500381469727,32.15999984741211,31.145000457763672,32.15999984741211,332781600,28.229376708855696
2015-05-01,28.646732330322266,32.23749923706055,32.532501220703125,31.325000762939453,31.524999618530273,234050400,29.086507680541498
2015-05-04,28.591205596923828,32.17499923706055,32.64250183105469,32.064998626708984,32.375,203953200,29.030128518728358
2015-05-05,27.94696044921875,31.450000762939453,32.11249923706055,31.44499969482422,32.037498474121094,197085600,28.375993128318033
2015-05-06,27.771455764770508,31.252500534057617,31.6875,30.84000015258789,31.639999389648438,288564000,28.197794152835883
2015-05-07,27.9432315826416,31.315000534057617,31.520000457763672,31.0049991607666,31.1924991607666,175763600,28.372207017389734
2015-05-08,28.469711303710938,31.905000686645508,31.905000686645508,31.52750015258789,31.670000076293945,222201600,28.906769084502827
2015-05-11,28.179697036743164,31.579999923706055,31.889999389648438,31.407499313354492,31.84749984741211,168143200,28.612302612503303
2015-05-12,28.07931137084961,31.467500686645508,31.719999313354492,31.204999923706055,31.399999618530273,192640000,28.51037585840233
2015-05-13,28.11054039001465,31.502500534057617,31.797500610351562,31.467500686645508,31.537500381469727,138776800,28.542084295348143
2015-05-14,28.766395568847656,32.23749923706055,32.23749923706055,31.790000915527344,31.852500915527344,180814000,29.208007950321417
2015-05-15,28.726247787475586,32.192501068115234,32.372501373291016,32.0525016784668,32.26750183105469,152832000,29.16724383322177
2015-05-18,29.04302215576172,32.54750061035156,32.68000030517578,32.09000015258789,32.095001220703125,203531600,29.488881218942044
2015-05-19,29.016250610351562,32.51750183105469,32.720001220703125,32.40999984741211,32.67250061035156,178532800,29.461698685443512
2015-05-20,29.0140323638916,32.51499938964844,32.744998931884766,32.334999084472656,32.5,145819600,29.45944638518284
2015-05-21,29.310712814331055,32.84749984741211,32.907501220703125,32.45750045776367,32.51750183105469,158921600,29.76068137774217
2015-05-22,29.567270278930664,33.1349983215332,33.24250030517578,32.849998474121094,32.900001525878906,182384000,30.021177429387052
2015-05-26,28.915861129760742,32.404998779296875,33.227500915527344,32.279998779296875,33.150001525878906,282790400,29.35976805808328
2015-05-27,29.455720901489258,33.0099983215332,33.064998626708984,32.51250076293945,32.584999084472656,183332800,29.907915582056745
2015-05-28,29.397714614868164,32.94499969482422,32.98749923706055,32.775001525878906,32.96500015258789,122933200,29.849018801723506
2015-05-29,29.063093185424805,32.56999969482422,32.86249923706055,32.474998474121094,32.807498931884766,203538000,29.50926037254742
2015-06-01,29.121089935302734,32.6349983215332,32.84749984741211,32.51250076293945,32.56999969482422,128451200,29.56814746973251
2015-06-02,28.991716384887695,32.4900016784668,32.665000915527344,32.33000183105469,32.46500015258789,134670400,29.436787818501962
2015-06-03,29.02740478515625,32.529998779296875,32.73500061035156,32.474998474121094,32.665000915527344,123934000,29.473024095524693
2015-06-04,28.857860565185547,32.34000015258789,32.64500045776367,32.227500915527344,32.39500045776367,153800400,29.30087708763893
2015-06-05,28.69947624206543,32.162498474121094,32.42250061035156,32.09000015258789,32.375,142507200,29.14006129972324
2015-06-08,28.50985336303711,31.950000762939453,32.3025016784668,31.707500457763672,32.224998474121094,210699200,28.947527391713578
2015-06-09,28.425081253051758,31.854999542236328,32.02000045776367,31.405000686645508,31.674999237060547,224301600,28.8614538877707
2015-06-10,28.75078773498535,32.220001220703125,32.334999084472656,31.962499618530273,31.979999542236328,156349200,29.192160510052215
2015-06-11,28.686092376708984,32.147499084472656,32.54499816894531,32.119998931884766,32.29499816894531,141563600,29.126471969603603
2015-06-12,28.369321823120117,31.792499542236328,32.08250045776367,31.77750015258789,32.04750061035156,147544800,28.804838457142594
2015-06-15,28.313539505004883,31.729999542236328,31.809999465942383,31.427499771118164,31.524999618530273,175955600,28.748199786958917
2015-06-16,28.465242385864258,31.899999618530273,31.962499618530273,31.592500686645508,31.75749969482422,125976400,28.90223156127776
2015-06-17,28.398313522338867,31.825000762939453,31.969999313354492,31.684999465942383,31.93000030517578,131672400,28.83427522753143
2015-06-18,28.527700424194336,31.969999313354492,32.07749938964844,31.80500030517578,31.8075008392334,141628800,28.965648435169392
2015-06-19,28.242156982421875,31.649999618530273,31.954999923706055,31.600000381469727,31.927499771118164,218867600,28.675721423024566
2015-06-22,28.46746826171875,31.90250015258789,32.01499938964844,31.770000457763672,31.872499465942383,136157200,28.904491608056954
2015-06-23,28.338085174560547,31.75749969482422,31.90250015258789,31.719999313354492,31.8700008392334,121075600,28.773122273678254
2015-06-24,28.57901382446289,32.02750015258789,32.45000076293945,31.780000686645508,31.802499771118164,221123600,29.017749582127998
2015-06-25,28.442928314208984,31.875,32.29999923706055,31.875,32.21500015258789,127752400,28.87957493122651
2015-06-26,28.275617599487305,31.6875,31.997499465942383,31.627500534057617,31.917499542236328,176267200,28.709695716638468
2015-06-29,27.780378341674805,31.13249969482422,31.61750030517578,31.1200008392334,31.364999771118164,196645600,28.206853706248975
2015-06-30,27.98114585876465,31.357500076293945,31.530000686645508,31.21500015258789,31.392499923706055,177482800,28.41070334119166
2015-07-01,28.242156982421875,31.649999618530273,31.735000610351562,31.497499465942383,31.725000381469727,120955200,28.675721423024566
2015-07-02,28.20646095275879,31.610000610351562,31.672500610351562,31.4424991607666,31.607500076293945,108844000,28.63947739948331
2015-07-06,28.10831069946289,31.5,31.5575008392334,31.212499618530273,31.235000610351562,112241600,28.539820375309688
2015-07-07,28.03915786743164,31.422500610351562,31.537500381469727,30.9424991607666,31.47249984741211,187787200,28.469605931413792
2015-07-08,27.343137741088867,30.642499923706055,31.15999984741211,30.635000228881836,31.1200008392334,243046400,27.762900729674197
2015-07-09,26.785436630249023,30.017499923706055,31.014999389648438,29.80500030517578,30.962499618530273,314380000,27.19663797213381
2015-07-10,27.50153350830078,30.81999969482422,30.962499618530273,30.302499771118164,30.485000610351562,245418000,27.923728137367675
2015-07-13,28.0324649810791,31.415000915527344,31.440000534057617,31.079999923706055,31.25749969482422,165762000,28.46281029803916
2015-07-14,28.02130699157715,31.40250015258789,31.592500686645508,31.260000228881836,31.510000228881836,127072400,28.451481014698718
2015-07-15,28.291242599487305,31.704999923706055,31.787500381469727,31.395000457763672,31.43000030517578,134596800,28.725560586574346
2015-07-16,28.668241500854492,32.127498626708984,32.14250183105469,31.837499618530273,31.934999465942383,144889600,29.108347052888533
2015-07-17,28.915861129760742,32.404998779296875,32.404998779296875,32.07749938964844,32.27000045776367,184658800,29.35976805808328
2015-07-20,29.462411880493164,33.01750183105469,33.24250030517578,32.67499923706055,32.74250030517578,235600800,29.914709278801748
2015-07-21,29.167951583862305,32.6875,33.22999954223633,32.58000183105469,33.212501525878906,307025600,29.615728523132724
2015-07-22,27.934301376342773,31.30500030517578,31.375,30.497499465942383,30.497499465942383,461802400,28.363139717458118
2015-07-23,27.92092514038086,31.290000915527344,31.772499084472656,31.264999389648438,31.549999237060547,203998000,28.34955813385701
2015-07-24,27.7736873626709,31.125,31.434999465942383,30.975000381469727,31.329999923706055,168649200,28.20006000950397
2015-07-27,27.387752532958984,30.6924991607666,30.90250015258789,30.530000686645508,30.772499084472656,177822000,27.80820043336928
2015-07-28,27.523834228515625,30.844999313354492,30.977500915527344,30.637500762939453,30.844999313354492,134472400,27.946371211011506
2015-07-29,27.436832427978516,30.747499465942383,30.875,30.5674991607666,30.787500381469727,148046800,27.85803378703017
2015-07-30,27.298521041870117,30.592500686645508,30.642499923706055,30.427499771118164,30.579999923706055,134513200,27.717599089349484
2015-07-31,27.05982780456543,30.325000762939453,30.65999984741211,30.227500915527344,30.649999618530273,171540000,27.47524151082709
2015-08-03,26.421810150146484,29.610000610351562,30.642499923706055,29.3799991607666,30.375,279904000,26.827429216161477
2015-08-04,25.574100494384766,28.65999984741211,29.424999237060547,28.3125,29.354999542236328,496554400,25.966705796510453
2015-08-05,25.743637084960938,28.850000381469727,29.360000610351562,28.024999618530273,28.237499237060547,397250400,26.138845057877692
2015-08-06,25.799673080444336,28.782499313354492,29.125,28.530000686645508,28.99250030517578,211612000,26.195741299802272
2015-08-07,25.887056350708008,28.8799991607666,29.0625,28.625,28.645000457763672,154681600,26.284466049709778
2015-08-10,26.828248977661133,29.93000030517578,29.997499465942383,29.13249969482422,29.13249969482422,219806400,27.240107560827745
2015-08-11,25.432157516479492,28.372499465942383,29.545000076293945,28.332500457763672,29.452499389648438,388331200,25.822583756012644
2015-08-12,25.824310302734375,28.809999465942383,28.854999542236328,27.407499313354492,28.13249969482422,404870000,26.220756744743888
2015-08-13,25.80414390563965,28.787500381469727,29.100000381469727,28.635000228881836,29.010000228881836,194143200,26.20028075965697
2015-08-14,25.98565673828125,28.989999771118164,29.077499389648438,28.502500534057617,28.579999923706055,171718000,26.38458011847628
2015-08-17,26.254579544067383,29.290000915527344,29.412500381469727,28.875,29.010000228881836,163538800,26.65763134001793
2015-08-18,26.10666275024414,29.125,29.360000610351562,29.002500534057617,29.107500076293945,138242800,26.50744377551631
2015-08-19,25.77277183532715,28.752500534057617,29.1299991607666,28.670000076293945,29.024999618530273,193146000,26.168427075488843
2015-08-20,25.24391746520996,28.162500381469727,28.587499618530273,27.907499313354492,28.520000457763672,274006400,25.631453904485344
2015-08-21,23.69992446899414,26.440000534057617,27.975000381469727,26.412500381469727,27.607500076293945,513102000,24.063758028205676
2015-08-24,23.108320236206055,25.780000686645508,27.200000762939453,23.0,23.717500686645508,648825200,23.463071678977027
2015-08-25,23.24726104736328,25.934999465942383,27.77750015258789,25.875,27.77750015258789,414406400,23.60414546443589
2015-08-26,24.580612182617188,27.422500610351562,27.47249984741211,26.262500762939453,26.772499084472656,387098400,24.957965774173996
2015-08-27,25.30443000793457,28.229999542236328,28.309999465942383,27.5049991607666,28.0575008392334,338464400,25.692895416153515
2015-08-28,25.387331008911133,28.322500228881836,28.327499389648438,27.885000228881836,28.042499542236328,212657600,25.777069086428536
2015-08-31,25.26856231689453,28.190000534057617,28.63249969482422,28.0,28.00749969482422,224917200,25.656477095945487
2015-09-01,24.139148712158203,26.93000030517578,27.969999313354492,26.84000015258789,27.537500381469727,307383600,24.50972509959653
2015-09-02,25.17444610595703,28.084999084472656,28.084999084472656,27.282499313354492,27.5575008392334,247555200,25.5609160434411
2015-09-03,24.732988357543945,27.592500686645508,28.19499969482422,27.510000228881836,28.122499465942383,212935600,25.112681178752524
2015-09-04,24.48649024963379,27.3174991607666,27.612499237060547,27.127500534057617,27.24250030517578,199985200,24.862398911780716
2015-09-08,25.167728424072266,28.077499389648438,28.139999389648438,27.579999923706055,27.9375,219374400,25.554095233881267
2015-09-09,24.683692932128906,27.537500381469727,28.5049991607666,27.4424991607666,28.440000534057617,340043200,25.062628985943352
2015-09-10,25.225994110107422,28.142499923706055,28.31999969482422,27.475000381469727,27.5674991607666,251571200,25.613255395844302
2015-09-11,25.59349822998047,28.552499771118164,28.552499771118164,27.940000534057617,27.947500228881836,199662000,25.986401319856142
2015-09-14,25.840002059936523,28.827499389648438,29.22249984741211,28.71500015258789,29.145000457763672,233453600,26.236689396716844
2015-09-15,26.057371139526367,29.06999969482422,29.13249969482422,28.604999542236328,28.982500076293945,173364800,26.4573954559664
2015-09-16,26.08650016784668,29.102500915527344,29.135000228881836,28.860000610351562,29.0625,148694000,26.486971663688657
2015-09-17,25.528518676757812,28.479999542236328,29.122499465942383,28.43000030517578,28.915000915527344,256450400,25.920424221592533
2015-09-18,25.423189163208008,28.362499237060547,28.575000762939453,27.967500686645508,28.052499771118164,297141200,25.813477723488415
2015-09-21,25.817596435546875,28.802499771118164,28.842500686645508,28.415000915527344,28.417499542236328,200888000,26.213939808443318
2015-09-22,25.411985397338867,28.350000381469727,28.545000076293945,28.1299991607666,28.344999313354492,201384800,25.802101961036833
2015-09-23,25.61815071105957,28.579999923706055,28.68000030517578,28.325000762939453,28.407499313354492,143026800,26.01143225783481
2015-09-24,25.770536422729492,28.75,28.875,28.092500686645508,28.3125,200878000,26.16615734556149
2015-09-25,25.705543518066406,28.677499771118164,29.172500610351562,28.5049991607666,29.110000610351562,224607600,26.100166690890468
2015-09-28,25.196857452392578,28.110000610351562,28.642499923706055,28.110000610351562,28.462499618530273,208436000,25.58367144160352
2015-09-29,24.43943214416504,27.264999389648438,28.377500534057617,26.96500015258789,28.207500457763672,293461600,24.814618385528522
2015-09-30,24.717302322387695,27.575000762939453,27.885000228881836,27.1825008392334,27.542499542236328,265892000,25.09675433666846
2015-10-01,24.55596160888672,27.395000457763672,27.405000686645508,26.827499389648438,27.267499923706055,255716400,24.932936772824963
2015-10-02,24.735227584838867,27.594999313354492,27.752500534057617,26.887500762939453,27.002500534057617,232079200,25.114954781939137
2015-10-05,24.82486915588379,27.69499969482422,27.842500686645508,27.267499923706055,27.469999313354492,208258800,25.205972501329562
2015-10-06,24.943634033203125,27.827499389648438,27.934999465942383,27.4424991607666,27.657499313354492,192787200,25.326560618553355
2015-10-07,24.82486915588379,27.69499969482422,27.9424991607666,27.352500915527344,27.934999465942383,187062400,25.205972501329562
2015-10-08,24.53803253173828,27.375,27.547500610351562,27.052499771118164,27.547500610351562,247918400,24.914732454295024
2015-10-09,25.12514877319336,28.030000686645508,28.06999969482422,27.372499465942383,27.5,211064400,25.510861914002295
2015-10-12,25.00862693786621,27.899999618530273,28.1875,27.860000610351562,28.1825008392334,121868800,25.392551273224377
2015-10-13,25.051198959350586,27.947500228881836,28.112499237060547,27.670000076293945,27.704999923706055,132197200,25.435776846584826
2015-10-14,24.697139739990234,27.552499771118164,27.8799991607666,27.389999389648438,27.822500228881836,177849600,25.076282224840803
2015-10-15,25.066879272460938,27.96500015258789,28.024999618530273,27.622499465942383,27.732500076293945,150694000,25.451697878779996
2015-10-16,24.883127212524414,27.760000228881836,28.0,27.63249969482422,27.94499969482422,156930400,25.265124916774077
2015-10-19,25.03775405883789,27.9325008392334,27.9375,27.52750015258789,27.700000762939453,119036800,25.422125544317
2015-10-20,25.494901657104492,28.4424991607666,28.542499542236328,27.704999923706055,27.834999084472656,195871200,25.8862911243489
2015-10-21,25.492666244506836,28.440000534057617,28.895000457763672,28.424999237060547,28.5,167180800,25.884021394421552
2015-10-22,25.882572174072266,28.875,28.875,28.524999618530273,28.582500457763672,166616400,26.279913033447663
2015-10-23,26.684829711914062,29.770000457763672,29.8075008392334,29.082500457763672,29.174999237060547,237467600,27.09448656899566
2015-10-26,25.833274841308594,28.81999969482422,29.532499313354492,28.729999542236328,29.520000457763672,265335200,26.229858904008857
2015-10-27,25.669692993164062,28.637500762939453,29.135000228881836,28.497499465942383,28.850000381469727,279537600,26.063765800349117
2015-10-28,26.727399826049805,29.8174991607666,29.825000762939453,29.014999389648438,29.232500076293945,342205600,27.137710205726478
2015-10-29,27.009756088256836,30.13249969482422,30.172500610351562,29.5674991607666,29.674999237060547,204909200,27.42440110975816
2015-10-30,26.77894401550293,29.875,30.30500030517578,29.862499237060547,30.247499465942383,197461200,27.190045684870416
2015-11-02,27.15541648864746,30.295000076293945,30.34000015258789,29.90250015258789,30.200000762939453,128813200,27.57229764140649
2015-11-03,27.466907501220703,30.642499923706055,30.872499465942383,30.174999237060547,30.197500228881836,182076000,27.888570563049324
2015-11-04,27.339174270629883,30.5,30.954999923706055,30.405000686645508,30.782499313354492,179544400,27.7588764133013
2015-11-05,27.213144302368164,30.229999542236328,30.672500610351562,30.045000076293945,30.462499618530273,158210800,27.63091167381363
2015-11-06,27.24464988708496,30.264999389648438,30.452499389648438,30.155000686645508,30.27750015258789,132169200,27.662900922055915
2015-11-09,27.134374618530273,30.142499923706055,30.452499389648438,30.012500762939453,30.239999771118164,135485600,27.550932743319013
2015-11-10,26.279184341430664,29.1924991607666,29.517499923706055,29.014999389648438,29.225000381469727,236511600,26.68261386225582
2015-11-11,26.130653381347656,29.02750015258789,29.354999542236328,28.802499771118164,29.092500686645508,180872000,26.531802703013074
2015-11-12,26.04288101196289,28.93000030517578,29.204999923706055,28.912500381469727,29.065000534057617,130102400,26.442682880660875
2015-11-13,25.282207489013672,28.084999084472656,28.892499923706055,28.0674991607666,28.799999237060547,183249600,25.670331744324546
2015-11-16,25.696300506591797,28.545000076293945,28.559999465942383,27.75,27.844999313354492,152426800,26.090781783699395
2015-11-17,25.586021423339844,28.422500610351562,28.762500762939453,28.329999923706055,28.729999542236328,110467600,25.978809731703233
2015-11-18,26.396209716796875,29.322500228881836,29.372499465942383,28.875,28.940000534057617,186698800,26.80143577325628
2015-11-19,26.731531143188477,29.69499969482422,29.9375,29.190000534057617,29.40999984741211,173183200,27.141904945506887
2015-11-20,26.84856414794922,29.825000762939453,29.979999542236328,29.712499618530273,29.799999237060547,137148400,27.26073460302587
2015-11-23,26.499727249145508,29.4375,29.9325008392334,29.334999084472656,29.8174991607666,129930000,26.9065424732111
2015-11-24,26.754039764404297,29.719999313354492,29.837499618530273,29.280000686645508,29.332500457763672,171212800,27.16475911178048
2015-11-25,26.562747955322266,29.50749969482422,29.8075008392334,29.479999542236328,29.802499771118164,85553200,26.97053065284383
2015-11-27,26.51323699951172,29.452499389648438,29.602500915527344,29.399999618530273,29.572500228881836,52185600,26.920259620886373
2015-11-30,26.623510360717773,29.575000762939453,29.852500915527344,29.4375,29.497499465942383,156721200,27.03222586299364
2015-12-01,26.407461166381836,29.334999084472656,29.702499389648438,29.21500015258789,29.6875,139409600,26.812859951448633
2015-12-02,26.168907165527344,29.06999969482422,29.52750015258789,29.020000457763672,29.334999084472656,133546400,26.57064374688929
2015-12-03,25.925857543945312,28.799999237060547,29.197500228881836,28.55500030517578,29.137500762939453,166278000,26.323862906290046
2015-12-04,26.787796020507812,29.75749969482422,29.8125,28.77750015258789,28.822500228881836,231108000,27.199033582987166
2015-12-07,26.61901092529297,29.56999969482422,29.96500015258789,29.452499389648438,29.7450008392334,128336800,27.02765735369448
2015-12-08,26.607759475708008,29.5575008392334,29.649999618530273,29.21500015258789,29.3799991607666,137238000,27.01623317550213
2015-12-09,26.02037239074707,28.905000686645508,29.422500610351562,28.770000457763672,29.40999984741211,185445600,26.41982871438728
2015-12-10,26.144155502319336,29.042499542236328,29.235000610351562,28.877500534057617,29.010000228881836,116850800,26.54551210416982
2015-12-11,25.47124671936035,28.295000076293945,28.84749984741211,28.212499618530273,28.797500610351562,187544800,25.86227304366717
2015-12-14,25.313720703125,28.1200008392334,28.170000076293945,27.447500228881836,28.045000076293945,257274800,25.70232873908536
2015-12-15,24.865863800048828,27.622499465942383,28.200000762939453,27.587499618530273,27.985000610351562,213292400,25.2475964819853
2015-12-16,25.05715560913086,27.834999084472656,27.997499465942383,27.200000762939453,27.767499923706055,224954000,25.44182494092195
2015-12-17,24.526039123535156,27.2450008392334,28.0625,27.2450008392334,28.0049991607666,179091200,24.902554927176276
2015-12-18,23.862138748168945,26.50749969482422,27.3799991607666,26.452499389648438,27.227500915527344,385813200,24.2284625684201
2015-12-21,24.154706954956055,26.832500457763672,26.842500686645508,26.392499923706055,26.81999969482422,190362400,24.525522187495326
2015-12-22,24.1321964263916,26.8075008392334,26.93000030517578,26.612499237060547,26.850000381469727,131157600,24.5026660845921
2015-12-23,24.44277000427246,27.15250015258789,27.212499618530273,26.799999237060547,26.8174991607666,130629600,24.8180074873825
2015-12-24,24.31224250793457,27.00749969482422,27.25,26.987499237060547,27.25,54281600,24.685476175225293
2015-12-28,24.039934158325195,26.704999923706055,26.922500610351562,26.545000076293945,26.897499084472656,106816800,24.408987436088896
2015-12-29,24.47202491760254,27.184999465942383,27.357500076293945,26.71500015258789,26.739999771118164,123724800,24.847711512660393
2015-12-30,24.15245246887207,26.829999923706055,27.174999237060547,26.795000076293945,27.145000457763672,100855200,24.52323309127167
2015-12-31,23.68885040283203,26.315000534057617,26.75749969482422,26.204999923706055,26.752500534057617,163649200,24.05251395656899
2016-01-04,23.709104537963867,26.337499618530273,26.342500686645508,25.5,25.65250015258789,270597600,24.073079026618927
2016-01-05,23.114967346191406,25.677499771118164,26.462499618530273,25.602500915527344,26.4375,223164000,23.469820833240522
2016-01-06,22.66261863708496,25.174999237060547,25.592500686645508,24.967500686645508,25.139999389648438,273829600,23.010527813359825
2016-01-07,21.70615577697754,24.112499237060547,25.032499313354492,24.107500076293945,24.670000076293945,324377600,22.03938164541732
2016-01-08,21.820926666259766,24.239999771118164,24.77750015258789,24.190000534057617,24.637500762939453,283192000,22.15591446019412
2016-01-11,22.17426109313965,24.63249969482422,24.764999389648438,24.334999084472656,24.74250030517578,198957600,22.51467316267842
2016-01-12,22.49608612060547,24.989999771118164,25.172500610351562,24.709999084472656,25.137500762939453,196616800,22.84143874366117
2016-01-13,21.917695999145508,24.34749984741211,25.297500610351562,24.325000762939453,25.079999923706055,249758400,22.25416936451501
2016-01-14,22.397056579589844,24.8799991607666,25.1200008392334,23.934999465942383,24.489999771118164,252680400,22.740888933227726
2016-01-15,21.85918617248535,24.282499313354492,24.427499771118164,23.84000015258789,24.049999237060547,319335600,22.194761313959226
2016-01-19,21.753416061401367,24.165000915527344,24.662500381469727,23.875,24.602500915527344,212350800,22.08736745441038
2016-01-20,21.78266716003418,24.197500228881836,24.547500610351562,23.354999542236328,23.774999618530273,289337600,22.11706760642901
2016-01-21,21.67238998413086,24.075000762939453,24.469999313354492,23.735000610351562,24.264999389648438,208646000,22.00509749106248
2016-01-22,22.824649810791016,25.354999542236328,25.364999771118164,24.592500686645508,24.657499313354492,263202000,23.17504643712969
2016-01-25,22.379058837890625,24.860000610351562,25.38249969482422,24.802499771118164,25.3799991607666,207178000,22.72261489603108
2016-01-26,22.50282859802246,24.997499465942383,25.219999313354492,24.517499923706055,24.982500076293945,300308000,22.848284729406203
2016-01-27,21.024248123168945,23.354999542236328,24.157499313354492,23.334999084472656,24.010000228881836,533478800,21.34700556631634
2016-01-28,21.175025939941406,23.522499084472656,23.6299991607666,23.09749984741211,23.447500228881836,222715200,21.500098075264226
2016-01-29,21.906444549560547,24.334999084472656,24.334999084472656,23.587499618530273,23.697500228881836,257666000,22.24274518632266
2016-02-01,21.701644897460938,24.107500076293945,24.177499771118164,23.850000381469727,24.11750030517578,163774000,22.03480151634037
2016-02-02,21.26279640197754,23.6200008392334,24.010000228881836,23.56999969482422,23.854999542236328,149428800,21.58921596098679
2016-02-03,21.68364906311035,24.087499618530273,24.209999084472656,23.520000457763672,23.75,183857200,22.016529415773356
2016-02-04,21.857868194580078,24.149999618530273,24.332500457763672,23.797500610351562,23.96500015258789,185886800,22.193423102884314
2016-02-05,21.27409553527832,23.5049991607666,24.229999542236328,23.422500610351562,24.1299991607666,185672400,21.600688554919916
2016-02-08,21.498098373413086,23.752500534057617,23.924999237060547,23.260000228881836,23.282499313354492,216085600,21.828130212025545
2016-02-09,21.493576049804688,23.747499465942383,23.985000610351562,23.482500076293945,23.572500228881836,177324800,21.823538463170813
2016-02-10,21.330663681030273,23.5674991607666,24.087499618530273,23.524999618530273,23.979999542236328,169374400,21.6581251165115
2016-02-11,21.20168685913086,23.424999237060547,23.68000030517578,23.147499084472656,23.447500228881836,200298800,21.52716828424417
2016-02-12,21.267303466796875,23.497499465942383,23.625,23.252500534057617,23.547500610351562,161405600,21.593792216804477
2016-02-16,21.866931915283203,24.15999984741211,24.212499618530273,23.65250015258789,23.7549991607666,196231600,22.202625966890086
2016-02-17,22.201810836791992,24.530000686645508,24.552499771118164,24.037500381469727,24.167499542236328,179452800,22.542645841066335
2016-02-18,21.780942916870117,24.065000534057617,24.72249984741211,24.022499084472656,24.709999084472656,156084000,22.115316893242728
2016-02-19,21.731164932250977,24.010000228881836,24.190000534057617,23.950000762939453,24.0,141496800,22.06477473313695
2016-02-22,21.921239852905273,24.219999313354492,24.225000381469727,23.979999542236328,24.077499389648438,137123200,22.25776762236912
2016-02-23,21.42569923400879,23.672500610351562,24.125,23.637500762939453,24.100000381469727,127770400,21.754619624497952
2016-02-24,21.744739532470703,24.024999618530273,24.094999313354492,23.329999923706055,23.4950008392334,145022800,22.07855772621967
2016-02-25,21.894081115722656,24.190000534057617,24.190000534057617,23.8125,24.012500762939453,110330800,22.230191953055527
2016-02-26,21.928020477294922,24.227500915527344,24.5049991607666,24.145000457763672,24.299999237060547,115964400,22.26465234070677
2016-02-29,21.878238677978516,24.172500610351562,24.5575008392334,24.162500381469727,24.21500015258789,140865200,22.214106307341734
2016-03-01,22.747129440307617,25.13249969482422,25.1924991607666,24.354999542236328,24.412500381469727,201628400,23.09633599904328
2016-03-02,22.79690933227539,25.1875,25.22249984741211,24.90999984741211,25.127500534057617,132678400,23.14688009577869
2016-03-03,22.966604232788086,25.375,25.427499771118164,25.112499237060547,25.145000457763672,147822800,23.319180097405287
2016-03-04,23.308277130126953,25.752500534057617,25.9375,25.342500686645508,25.592500686645508,184220400,23.666098246326605
2016-03-07,23.050329208374023,25.467500686645508,25.707500457763672,25.239999771118164,25.59749984741211,143315600,23.404190391680835
2016-03-08,22.860261917114258,25.25749969482422,25.440000534057617,25.100000381469727,25.19499969482422,126247600,23.211205248967186
2016-03-09,22.88062858581543,25.280000686645508,25.395000457763672,25.0674991607666,25.327499389648438,108806800,23.231884580165342
2016-03-10,22.891935348510742,25.292499542236328,25.559999465942383,25.037500381469727,25.352500915527344,134054400,23.24336492061699
2016-03-11,23.138578414916992,25.565000534057617,25.56999969482422,25.375,25.559999465942383,109632800,23.493794371440742
2016-03-14,23.197404861450195,25.6299991607666,25.727500915527344,25.44499969482422,25.477500915527344,100304400,23.55352390251525
2016-03-15,23.663522720336914,26.145000457763672,26.295000076293945,25.962499618530273,25.989999771118164,160270800,24.026797451701007
2016-03-16,23.97804069519043,26.49250030517578,26.577499389648438,26.147499084472656,26.15250015258789,153214000,24.346143804567994
2016-03-17,23.939579010009766,26.450000762939453,26.61750030517578,26.239999771118164,26.3799991607666,137682800,24.307091668062014
2016-03-18,23.96672821044922,26.479999542236328,26.625,26.297500610351562,26.584999084472656,176820800,24.334657654227456
2016-03-21,23.964466094970703,26.477500915527344,26.912500381469727,26.28499984741211,26.482500076293945,142010800,24.332360811485273
2016-03-22,24.147750854492188,26.68000030517578,26.822500228881836,26.302499771118164,26.3125,129777600,24.518459299231637
2016-03-23,24.014245986938477,26.532499313354492,26.767499923706055,26.475000381469727,26.6200008392334,102814000,24.38290490822068
2016-03-24,23.910160064697266,26.417499542236328,26.5625,26.22249984741211,26.36750030517578,104532000,24.27722109263587
2016-03-28,23.80155372619629,26.297500610351562,26.547500610351562,26.264999389648438,26.5,77645600,24.16694746482596
2016-03-29,24.36497688293457,26.920000076293945,26.947500228881836,26.219999313354492,26.22249984741211,124760400,24.739020111258878
2016-03-30,24.790361404418945,27.389999389648438,27.604999542236328,27.149999618530273,27.162500381469727,182404400,25.170934998048327
2016-03-31,24.661386489868164,27.247499465942383,27.475000381469727,27.219999313354492,27.43000030517578,103553600,25.039980102410627
2016-04-01,24.88765525817871,27.497499465942383,27.5,27.049999237060547,27.19499969482422,103496000,25.2697224755177
2016-04-04,25.14334487915039,27.780000686645508,28.047500610351562,27.5674991607666,27.604999542236328,149424800,25.52933736068055
2016-04-05,24.846933364868164,27.452499389648438,27.6825008392334,27.354999542236328,27.377500534057617,106314800,25.22837543289917
2016-04-06,25.107135772705078,27.739999771118164,27.7450008392334,27.299999237060547,27.5575008392334,105616400,25.4925723837686
2016-04-07,24.559560775756836,27.135000228881836,27.604999542236328,27.030000686645508,27.487499237060547,127207600,24.936591192938366
2016-04-08,24.586713790893555,27.165000915527344,27.4424991607666,27.042499542236328,27.227500915527344,94326800,24.964161052363067
2016-04-11,24.668176651000977,27.2549991607666,27.65250015258789,27.207500457763672,27.24250030517578,117630000,25.046874503896433
2016-04-12,24.989479064941406,27.610000610351562,27.625,27.165000915527344,27.334999084472656,108929200,25.37310944836033
2016-04-13,25.351520538330078,28.010000228881836,28.084999084472656,27.700000762939453,27.700000762939453,133029200,25.740708865109433
2016-04-14,25.365083694458008,28.024999618530273,28.09749984741211,27.832500457763672,27.905000686645508,101895600,25.75448023841437
2016-04-15,24.85597801208496,27.462499618530273,28.075000762939453,27.4325008392334,28.02750015258789,187756000,25.237558930608635
2016-04-18,24.319717407226562,26.8700008392334,27.237499237060547,26.735000610351562,27.22249984741211,243286000,24.693065826748573
2016-04-19,24.190738677978516,26.727500915527344,27.0,26.5575008392334,26.969999313354492,129539600,24.56210705785161
2016-04-20,24.24051856994629,26.782499313354492,27.022499084472656,26.514999389648438,26.65999984741211,122444000,24.612651154587017
2016-04-21,23.97804069519043,26.49250030517578,26.732500076293945,26.3799991607666,26.732500076293945,126210000,24.346143804567994
2016-04-22,23.912425994873047,26.420000076293945,26.6200008392334,26.155000686645508,26.252500534057617,134732400,24.279521808637313
2016-04-25,23.776662826538086,26.270000457763672,26.412500381469727,26.127500534057617,26.25,112126400,24.141674448143437
2016-04-26,23.61148452758789,26.087499618530273,26.325000762939453,25.977500915527344,25.977500915527344,224064800,23.97396038548268
2016-04-27,22.133926391601562,24.454999923706055,24.677499771118164,23.920000076293945,24.0,458408400,22.47371925587495
2016-04-28,21.457368850708008,23.707500457763672,24.469999313354492,23.5625,24.40250015258789,328970800,21.786775422888496
2016-04-29,21.210739135742188,23.434999465942383,23.68000030517578,23.127500534057617,23.497499465942383,274126000,21.536359528472158
2016-05-02,21.188106536865234,23.40999984741211,23.520000457763672,23.100000381469727,23.49250030517578,192640400,21.513379481272555
2016-05-03,21.536561965942383,23.795000076293945,23.934999465942383,23.420000076293945,23.549999237060547,227325200,21.867184285161155
2016-05-04,21.31256103515625,23.547500610351562,23.975000381469727,23.454999923706055,23.799999237060547,164102000,21.639744564685156
2016-05-05,21.22604751586914,23.309999465942383,23.517499923706055,23.170000076293945,23.5,143562000,21.551902917889315
2016-05-06,21.107667922973633,23.18000030517578,23.362499237060547,22.962499618530273,23.342500686645508,174799600,21.431705999850955
2016-05-09,21.123607635498047,23.197500228881836,23.4424991607666,23.147499084472656,23.25,131745600,21.44789041367592
2016-05-10,21.26702308654785,23.354999542236328,23.392499923706055,23.02750015258789,23.332500457763672,134747200,21.593507532248744
2016-05-11,21.059871673583984,23.127500534057617,23.392499923706055,23.114999771118164,23.3700008392334,114876400,21.383175997931623
2016-05-12,20.565868377685547,22.584999084472656,23.19499969482422,22.36750030517578,23.18000030517578,305258800,20.881588923542918
2016-05-13,20.606842041015625,22.6299991607666,22.917499542236328,22.5,22.5,177571200,20.923191601272716
2016-05-16,21.371749877929688,23.469999313354492,23.59749984741211,22.912500381469727,23.09749984741211,245039200,21.699842055389517
2016-05-17,21.28296661376953,23.372499465942383,23.674999237060547,23.252500534057617,23.637500762939453,187667600,21.609695819332973
2016-05-18,21.526548385620117,23.639999389648438,23.802499771118164,23.47249984741211,23.540000915527344,168249600,21.857016979599223
2016-05-19,21.444597244262695,23.549999237060547,23.65999984741211,23.392499923706055,23.65999984741211,121768400,21.77380775088036
2016-05-20,21.676795959472656,23.80500030517578,23.857500076293945,23.6299991607666,23.65999984741211,128104000,22.00957110550973
2016-05-23,21.952247619628906,24.107500076293945,24.297500610351562,23.917499542236328,23.967500686645508,152074400,22.289251410277757
2016-05-24,22.28690528869629,24.475000381469727,24.522499084472656,24.209999084472656,24.30500030517578,140560800,22.629046635416827
2016-05-25,22.67845344543457,24.905000686645508,24.934999465942383,24.52750015258789,24.667499542236328,152675200,23.026605712555096
2016-05-26,22.858295440673828,25.102500915527344,25.1825008392334,24.65999984741211,24.920000076293945,225324800,23.209208583817787
2016-05-27,22.844640731811523,25.087499618530273,25.11750030517578,24.8125,24.860000610351562,145364800,23.19534425229057
2016-05-31,22.733095169067383,24.96500015258789,25.100000381469727,24.704999923706055,24.899999618530273,169228800,23.082086278219528
2016-06-01,22.414384841918945,24.614999771118164,24.885000228881836,24.582500457763672,24.7549991607666,116693200,22.758483213423947
2016-06-02,22.24592399597168,24.43000030517578,24.459999084472656,24.157499313354492,24.399999618530273,160766400,22.587436211168505
2016-06-03,22.291446685791016,24.479999542236328,24.5674991607666,24.362499237060547,24.447500228881836,114019600,22.63365775056787
2016-06-06,22.453083038330078,24.657499313354492,25.47249984741211,24.387500762939453,24.497499465942383,93170000,22.79777549200415
2016-06-07,22.54414939880371,24.75749969482422,24.967500686645508,24.739999771118164,24.8125,89638000,22.890239873728817
2016-06-08,22.523662567138672,24.735000610351562,24.889999389648438,24.670000076293945,24.7549991607666,83392400,22.869438534863917
2016-06-09,22.685283660888672,24.912500381469727,24.997499465942383,24.614999771118164,24.625,106405600,23.03354078326315
2016-06-10,22.49861717224121,24.707500457763672,24.837499618530273,24.6200008392334,24.63249969482422,126851600,22.844008651181298
2016-06-13,22.159420013427734,24.334999084472656,24.780000686645508,24.274999618530273,24.672500610351562,152082000,22.499604247520818
2016-06-14,22.186738967895508,24.364999771118164,24.6200008392334,24.1875,24.329999923706055,127727600,22.527342593723404
2016-06-15,22.11388397216797,24.28499984741211,24.602500915527344,24.25749969482422,24.454999923706055,117780800,22.45336915171404
2016-06-16,22.207223892211914,24.387500762939453,24.4375,24.017499923706055,24.112499237060547,125307200,22.548141995958673
2016-06-17,21.70184326171875,23.832500457763672,24.162500381469727,23.825000762939453,24.155000686645508,244032800,22.035002925821978
2016-06-20,21.649478912353516,23.774999618530273,24.142499923706055,23.75749969482422,24.0,137647600,21.981834695936776
2016-06-21,21.833877563476562,23.977500915527344,24.087499618530273,23.670000076293945,23.735000610351562,142185600,22.169064175387554
2016-06-22,21.751924514770508,23.887500762939453,24.22249984741211,23.837499618530273,24.0625,116876400,22.08585301003906
2016-06-23,21.877132415771484,24.024999618530273,24.072500228881836,23.8125,23.985000610351562,128960800,22.212983062155843
2016-06-24,21.262481689453125,23.350000381469727,23.665000915527344,23.162500381469727,23.227500915527344,301245600,21.588896417097704
2016-06-27,20.952871322631836,23.010000228881836,23.262500762939453,22.875,23.25,181958400,21.274533012270883
2016-06-28,21.305734634399414,23.397499084472656,23.415000915527344,23.03499984741211,23.225000381469727,161779600,21.632813367236363
2016-06-29,21.49012565612793,23.600000381469727,23.637500762939453,23.407499313354492,23.49250030517578,146124000,21.820035100168617
2016-06-30,21.763303756713867,23.899999618530273,23.9424991607666,23.575000762939453,23.610000610351562,143345600,22.09740694241668
2016-07-01,21.82931900024414,23.97249984741211,24.11750030517578,23.832500457763672,23.872499465942383,104106000,22.164435630569834
2016-07-05,21.624435424804688,23.747499465942383,23.850000381469727,23.614999771118164,23.84749984741211,110820800,21.95640674888379
2016-07-06,21.74736785888672,23.88249969482422,23.915000915527344,23.592500686645508,23.649999618530273,123796400,22.081226401850973
2016-07-07,21.8407039642334,23.985000610351562,24.125,23.905000686645508,23.924999237060547,100558400,22.175995372836347
2016-07-08,22.009172439575195,24.170000076293945,24.22249984741211,24.012500762939453,24.122499465942383,115648400,22.34705012161031
2016-07-11,22.07746124267578,24.2450008392334,24.412500381469727,24.1825008392334,24.1875,95179600,22.416387272283433
2016-07-12,22.177629470825195,24.354999542236328,24.424999237060547,24.280000686645508,24.292499542236328,96670000,22.51809325060649
2016-07-13,22.052419662475586,24.217500686645508,24.417499542236328,24.209999084472656,24.352500915527344,103568800,22.390961261860078
2016-07-14,22.489511489868164,24.697500228881836,24.747499465942383,24.329999923706055,24.34749984741211,155676000,22.83476318132365
2016-07-15,22.487232208251953,24.69499969482422,24.825000762939453,24.625,24.729999542236328,120548000,22.832448908914788
2016-07-18,22.72626304626465,24.957500457763672,25.032499313354492,24.649999618530273,24.674999237060547,145975600,23.07514927088184
2016-07-19,22.735368728637695,24.967500686645508,25.0,24.834999084472656,24.889999389648438,95119600,23.084394740739494
2016-07-20,22.755863189697266,24.989999771118164,25.114999771118164,24.934999465942383,25.0,105104000,23.105203826122917
2016-07-21,22.63520622253418,24.857500076293945,25.25,24.782499313354492,24.957500457763672,130808000,22.98269457230533
2016-07-22,22.459911346435547,24.665000915527344,24.825000762939453,24.577499389648438,24.815000534057617,113254800,22.804708626082572
2016-07-25,22.159420013427734,24.334999084472656,24.709999084472656,24.229999542236328,24.5625,161531600,22.499604247520818
2016-07-26,22.006887435913086,24.167499542236328,24.49250030517578,24.104999542236328,24.204999923706055,224959200,22.34473003931256
2016-07-27,23.436532974243164,25.737499237060547,26.087499618530273,25.6875,26.0674991607666,369379200,23.796323032593474
2016-07-28,23.75296401977539,26.084999084472656,26.112499237060547,25.704999923706055,25.707500457763672,159479200,24.117611824980198
2016-07-29,23.723371505737305,26.052499771118164,26.137500762939453,25.920000076293945,26.047500610351562,110934800,24.087565016257646
2016-08-01,24.142250061035156,26.512500762939453,26.537500381469727,26.102500915527344,26.102500915527344,152671600,24.512874059376283
2016-08-02,23.784841537475586,26.1200008392334,26.517499923706055,26.0,26.512500762939453,135266400,24.1499787160005
2016-08-03,24.083053588867188,26.447500228881836,26.459999084472656,26.1924991607666,26.202499389648438,120810400,24.452768822153395
2016-08-04,24.231834411621094,26.467500686645508,26.5,26.31999969482422,26.395000457763672,109634800,24.603833679877784
2016-08-05,24.60032844543457,26.8700008392334,26.912500381469727,26.545000076293945,26.5674991607666,162213600,24.977984714668032
2016-08-08,24.804035186767578,27.092500686645508,27.092500686645508,26.790000915527344,26.8799991607666,112148800,25.18481869587185
2016-08-09,24.904739379882812,27.202499389648438,27.235000610351562,27.002500534057617,27.0575008392334,105260800,25.287068867121175
2016-08-10,24.7193546295166,27.0,27.225000381469727,26.940000534057617,27.177499771118164,96034000,25.09883815015125
2016-08-11,24.70332145690918,26.982500076293945,27.232500076293945,26.962499618530273,27.1299991607666,109938000,25.08255884147437
2016-08-12,24.76055145263672,27.045000076293945,27.110000610351562,26.94499969482422,26.94499969482422,74641600,25.14066741354786
2016-08-15,25.05809211730957,27.3700008392334,27.385000228881836,27.020000457763672,27.03499984741211,103472800,25.442775826070697
2016-08-16,25.035207748413086,27.344999313354492,27.5575008392334,27.302499771118164,27.407499313354492,135177600,25.419540143759825
2016-08-17,24.99858856201172,27.30500030517578,27.342500686645508,27.084999084472656,27.274999618530273,101424000,25.382358791477245
2016-08-18,24.966543197631836,27.270000457763672,27.399999618530273,27.2549991607666,27.3075008392334,87938800,25.349821477049424
2016-08-19,25.03062629699707,27.34000015258789,27.422500610351562,27.09000015258789,27.1924991607666,101472400,25.414888359386538
2016-08-22,24.836078643798828,27.127500534057617,27.274999618530273,26.962499618530273,27.21500015258789,103280800,25.217354073670037
2016-08-23,24.913904190063477,27.212499618530273,27.329999923706055,27.13249969482422,27.147499084472656,85030800,25.296374372497382
2016-08-24,24.726213455200195,27.00749969482422,27.1875,26.920000076293945,27.142499923706055,94700400,25.105802270303766
2016-08-25,24.620929718017578,26.892499923706055,26.969999313354492,26.670000076293945,26.84749984741211,100344800,24.998902251310785
2016-08-26,24.47673797607422,26.735000610351562,26.987499237060547,26.577499389648438,26.852500915527344,111065200,24.852496924478206
2016-08-29,24.44926643371582,26.704999923706055,26.860000610351562,26.572500228881836,26.655000686645508,99881200,24.824603647905157
2016-08-30,24.261581420898438,26.5,26.625,26.375,26.450000762939453,99455600,24.634037355600434
2016-08-31,24.284475326538086,26.524999618530273,26.642499923706055,26.40999984741211,26.415000915527344,118649600,24.65728272105946
2016-09-01,24.42867660522461,26.6825008392334,26.700000762939453,26.405000686645508,26.53499984741211,106806000,24.80369773104019
2016-09-02,24.657550811767578,26.9325008392334,27.0,26.704999923706055,26.924999237060547,107210000,25.036085540223
2016-09-06,24.650680541992188,26.924999237060547,27.075000762939453,26.877500534057617,26.975000381469727,107521600,25.029109800292694
2016-09-07,24.80174446105957,27.09000015258789,27.190000534057617,26.767499923706055,26.957500457763672,169457200,25.182492803685207
2016-09-08,24.151721954345703,26.3799991607666,26.8174991607666,26.309999465942383,26.8125,212008000,24.522491362123056
2016-09-09,23.604686737060547,25.782499313354492,26.43000030517578,25.782499313354492,26.15999984741211,186228000,23.96705823747835
2016-09-12,24.133413314819336,26.360000610351562,26.43000030517578,25.63249969482422,25.662500381469727,181171200,24.50390165429658
2016-09-13,24.707897186279297,26.987499237060547,27.197500228881836,26.809999465942383,26.877500534057617,248704800,25.087204815958767
2016-09-14,25.582242965698242,27.9424991607666,28.25749969482422,27.149999618530273,27.1825008392334,443554800,25.97497326840453
2016-09-15,26.451993942260742,28.892499923706055,28.9325008392334,28.372499465942383,28.46500015258789,359934400,26.858076380069587
2016-09-16,26.30322265625,28.729999542236328,29.032499313354492,28.510000228881836,28.780000686645508,319547600,26.707021205493355
2016-09-19,25.996511459350586,28.395000457763672,29.045000076293945,28.3125,28.797500610351562,188092000,26.395601477705416
2016-09-20,25.994226455688477,28.392499923706055,28.530000686645508,28.127500534057617,28.262500762939453,138057200,26.393281395407666
2016-09-21,25.989648818969727,28.387500762939453,28.497499465942383,28.110000610351562,28.462499618530273,144012800,26.38863348429364
2016-09-22,26.234554290771484,28.655000686645508,28.735000610351562,28.5,28.587499618530273,124296000,26.637298665523694
2016-09-23,25.797391891479492,28.177499771118164,28.697500228881836,27.887500762939453,28.604999542236328,209924800,26.193425090763782
2016-09-26,25.836299896240234,28.219999313354492,28.34749984741211,27.887500762939453,27.90999984741211,119477600,26.232930398603376
2016-09-27,25.884366989135742,28.272499084472656,28.295000076293945,28.084999084472656,28.25,98429600,26.281735401930288
2016-09-28,26.08120346069336,28.487499237060547,28.65999984741211,28.357500076293945,28.422500610351562,118564400,26.4815936432038
2016-09-29,25.67607307434082,28.045000076293945,28.450000762939453,27.950000762939453,28.290000915527344,143548000,26.070243826464292
2016-09-30,25.87520408630371,28.262500762939453,28.342500686645508,27.950000762939453,28.114999771118164,145516400,26.27243183318371
2016-10-03,25.753894805908203,28.1299991607666,28.262500762939453,28.06999969482422,28.177499771118164,86807200,26.149260252032374
2016-10-04,25.863765716552734,28.25,28.577499389648438,28.157499313354492,28.264999389648438,118947200,26.260817865287535
2016-10-05,25.87520408630371,28.262500762939453,28.415000915527344,28.172500610351562,28.350000381469727,85812400,26.27243183318371
2016-10-06,26.067468643188477,28.47249984741211,28.584999084472656,28.282499313354492,28.424999237060547,115117200,26.46764797323209
2016-10-07,26.10638427734375,28.514999389648438,28.639999389648438,28.377500534057617,28.577499389648438,97433600,26.507161027590207
2016-10-10,26.56185531616211,29.012500762939453,29.1875,28.68000030517578,28.7549991607666,144944000,26.969624310176595
2016-10-11,26.61907386779785,29.075000762939453,29.672500610351562,29.049999237060547,29.424999237060547,256164000,27.027721262472298
2016-10-12,26.85711669921875,29.334999084472656,29.4950008392334,29.1875,29.337499618530273,150347200,27.269418450290576
2016-10-13,26.77472496032715,29.2450008392334,29.360000610351562,28.93000030517578,29.197500228881836,140769600,27.185761860126988
2016-10-14,26.923490524291992,29.407499313354492,29.542499542236328,29.282499313354492,29.469999313354492,142608800,27.33681122481433
2016-10-17,26.905181884765625,29.387500762939453,29.459999084472656,29.19499969482422,29.332500457763672,94499600,27.318221516987855
2016-10-18,26.886873245239258,29.36750030517578,29.552499771118164,29.362499237060547,29.545000076293945,98214000,27.29963180916138
2016-10-19,26.806764602661133,29.280000686645508,29.440000534057617,28.450000762939453,29.3125,80138400,27.218293364665914
2016-10-20,26.793031692504883,29.264999389648438,29.344999313354492,29.082500457763672,29.21500015258789,96503200,27.204349631323833
2016-10-21,26.687742233276367,29.149999618530273,29.227500915527344,29.06999969482422,29.202499389648438,92770800,27.09744380244196
2016-10-24,26.92807388305664,29.412500381469727,29.434999465942383,29.25,29.274999618530273,94154800,27.34146494581725
2016-10-25,27.065397262573242,29.5625,29.59000015258789,29.327499389648438,29.487499237060547,192516000,27.480896469349155
2016-10-26,26.45656967163086,28.897499084472656,28.924999237060547,28.327499389648438,28.577499389648438,264536800,26.862722354553984
2016-10-27,26.202512741088867,28.6200008392334,28.96500015258789,28.524999618530273,28.84749984741211,138248000,26.604765224355138
2016-10-28,26.028560638427734,28.43000030517578,28.802499771118164,28.362499237060547,28.467500686645508,151446800,26.428142665392496
2016-10-31,25.98736000061035,28.385000228881836,28.5575008392334,28.299999237060547,28.412500381469727,105677600,26.386309528736625
2016-11-01,25.51815414428711,27.872499465942383,28.4424991607666,27.63249969482422,28.364999771118164,175303200,25.909900576178526
2016-11-02,25.541040420532227,27.897499084472656,28.087499618530273,27.8075008392334,27.850000381469727,113326800,25.933138195119028
2016-11-03,25.267276763916016,27.457500457763672,27.864999771118164,27.387500762939453,27.7450008392334,107730400,25.6551718075743
2016-11-04,25.03951072692871,27.209999084472656,27.5625,27.02750015258789,27.13249969482422,123348000,25.42390918020701
2016-11-07,25.400707244873047,27.602500915527344,27.627500534057617,27.364999771118164,27.520000457763672,130240000,25.79065067002965
2016-11-08,25.550243377685547,27.764999389648438,27.93000030517578,27.424999237060547,27.577499389648438,97016800,25.942482433087854
2016-11-09,25.508831024169922,27.719999313354492,27.829999923706055,27.012500762939453,27.469999313354492,236705600,25.900434330542957
2016-11-10,24.797954559326172,26.947500228881836,27.772499084472656,26.457500457763672,27.772499084472656,228538000,25.178644720608716
2016-11-11,24.9451904296875,27.107500076293945,27.217500686645508,26.637500762939453,26.780000686645508,136575600,25.328140908332124
2016-11-14,24.319435119628906,26.427499771118164,26.952499389648438,26.020000457763672,26.927499771118164,204702000,24.692779205563205
2016-11-15,24.641511917114258,26.77750015258789,26.920000076293945,26.540000915527344,26.642499923706055,129058000,25.019800421657227
2016-11-16,25.304080963134766,27.497499465942383,27.5575008392334,26.649999618530273,26.674999237060547,235362000,25.69254101293107
2016-11-17,25.294878005981445,27.487499237060547,27.587499618530273,27.207500457763672,27.452499389648438,110528000,25.683196774962248
2016-11-18,25.320180892944336,27.514999389648438,27.635000228881836,27.415000915527344,27.43000030517578,113715600,25.70888810364503
2016-11-21,25.70438003540039,27.9325008392334,27.997499465942383,27.502500534057617,27.530000686645508,117058400,26.098985346815653
2016-11-22,25.720491409301758,27.950000762939453,28.104999542236328,27.850000381469727,27.987499237060547,103862000,26.115344057307396
2016-11-23,25.589345932006836,27.8075008392334,27.877500534057617,27.582500457763672,27.84000015258789,109705600,25.982185277149796
2016-11-25,25.718181610107422,27.947500228881836,27.967500686645508,27.737499237060547,27.782499313354492,45903600,26.112998798824442
2016-11-28,25.667573928833008,27.892499923706055,28.11750030517578,27.84749984741211,27.857500076293945,108776000,26.061614204829247
2016-11-29,25.64226531982422,27.864999771118164,28.00749969482422,27.517499923706055,27.69499969482422,114115200,26.03591706625757
2016-11-30,25.42601203918457,27.6299991607666,28.049999237060547,27.5674991607666,27.899999618530273,144649200,25.81634393534206
2016-12-01,25.189044952392578,27.372499465942383,27.735000610351562,27.25749969482422,27.592500686645508,148347600,25.575739006635583
2016-12-02,25.283376693725586,27.475000381469727,27.522499084472656,27.212499618530273,27.292499542236328,106112000,25.671518898288255
2016-12-05,25.101627349853516,27.27750015258789,27.50749969482422,27.0625,27.5,137298000,25.48697939739472
2016-12-06,25.294878005981445,27.487499237060547,27.59000015258789,27.297500610351562,27.375,104782000,25.683196774962248
2016-12-07,25.5433406829834,27.75749969482422,27.797500610351562,27.290000915527344,27.315000534057617,119994800,25.93547377045383
2016-12-08,25.794103622436523,28.030000686645508,28.107500076293945,27.649999618530273,27.71500015258789,108273200,26.190086341280207
2016-12-09,26.215105056762695,28.487499237060547,28.674999237060547,28.077499389648438,28.077499389648438,137610400,26.617550853177974
2016-12-12,26.065568923950195,28.325000762939453,28.75,28.122499465942383,28.322500228881836,105497600,26.46571909011977
2016-12-13,26.500383377075195,28.797500610351562,28.979999542236328,28.4375,28.459999084472656,174935200,26.90720867380411
2016-12-14,26.500383377075195,28.797500610351562,29.049999237060547,28.7450008392334,28.760000228881836,136127200,26.90720867380411
2016-12-15,26.64531707763672,28.954999923706055,29.1825008392334,28.8075008392334,28.844999313354492,186098000,27.054367349563087
2016-12-16,26.679824829101562,28.99250030517578,29.125,28.912500381469727,29.11750030517578,177404400,27.089404852844325
2016-12-19,26.833965301513672,29.15999984741211,29.344999313354492,28.9375,28.950000762939453,111117600,27.245911639831387
2016-12-20,26.905284881591797,29.237499237060547,29.375,29.170000076293945,29.184999465942383,85700000,27.31832609498792
2016-12-21,26.93058967590332,29.264999389648438,29.350000381469727,29.19499969482422,29.200000762939453,95132800,27.344019360300333
2016-12-22,26.753446578979492,29.072500228881836,29.127500534057617,28.90999984741211,29.087499618530273,104343600,27.16415681996529
2016-12-23,26.806354522705078,29.1299991607666,29.1299991607666,28.897499084472656,28.897499084472656,56998000,27.21787698929528
2016-12-27,26.976606369018555,29.315000534057617,29.450000762939453,29.122499465942383,29.1299991607666,73187600,27.390742486774087
2016-12-28,26.861572265625,29.190000534057617,29.5049991607666,29.049999237060547,29.3799991607666,83623600,27.273942417108227
2016-12-29,26.854671478271484,29.1825008392334,29.27750015258789,29.100000381469727,29.112499237060547,60158000,27.266935691103832
2016-12-30,26.64531707763672,28.954999923706055,29.299999237060547,28.857500076293945,29.162500381469727,122345200,27.054367349563087
2017-01-03,26.72123908996582,29.037500381469727,29.082500457763672,28.690000534057617,28.950000762939453,115127600,27.131454892018848
2017-01-04,26.691329956054688,29.0049991607666,29.127500534057617,28.9375,28.962499618530273,84472400,27.101086602777578
2017-01-05,26.827062606811523,29.15250015258789,29.21500015258789,28.952499389648438,28.979999542236328,88774400,27.23890297719736
2017-01-06,27.126140594482422,29.477500915527344,29.540000915527344,29.11750030517578,29.19499969482422,127007600,27.54257231320266
2017-01-09,27.374603271484375,29.747499465942383,29.857500076293945,29.485000610351562,29.487499237060547,134247600,27.79484930869424
2017-01-10,27.40220832824707,29.77750015258789,29.844999313354492,29.575000762939453,29.6924991607666,97848400,27.82287814934145
2017-01-11,27.54944610595703,29.9375,29.982500076293945,29.649999618530273,29.684999465942383,110354400,27.972376273694486
2017-01-12,27.43442153930664,29.8125,29.825000762939453,29.552499771118164,29.725000381469727,108344800,27.855585887176783
2017-01-13,27.386104583740234,29.760000228881836,29.905000686645508,29.702499389648438,29.77750015258789,104447600,27.806527185368232
2017-01-17,27.60696029663086,30.0,30.059999465942383,29.55500030517578,29.584999084472656,137759200,28.03077340358297
2017-01-18,27.604660034179688,29.997499465942383,30.125,29.927499771118164,30.0,94852000,28.02843782824817
2017-01-19,27.556344985961914,29.94499969482422,30.022499084472656,29.842500686645508,29.850000381469727,102389200,27.97938106306925
2017-01-20,27.60696029663086,30.0,30.112499237060547,29.9325008392334,30.112499237060547,130391600,28.03077340358297
2017-01-23,27.625364303588867,30.020000457763672,30.202499389648438,29.9424991607666,30.0,88200800,28.049459942890987
2017-01-24,27.600055694580078,29.99250030517578,30.024999618530273,29.875,29.887500762939453,92844000,28.02376280431931
2017-01-25,28.039474487304688,30.469999313354492,30.524999618530273,30.06999969482422,30.104999542236328,129510400,28.469927411932513
2017-01-26,28.05327606201172,30.485000610351562,30.610000610351562,30.399999618530273,30.417499542236328,105350400,28.483940863941303
2017-01-27,28.055572509765625,30.487499237060547,30.587499618530273,30.399999618530273,30.53499984741211,82251600,28.48627256601684
2017-01-30,27.981958389282227,30.407499313354492,30.407499313354492,30.165000915527344,30.232500076293945,121510000,28.4115283454144
2017-01-31,27.917537689208984,30.337499618530273,30.34749984741211,30.155000686645508,30.287500381469727,196804000,28.346118679632628
2017-02-01,29.619970321655273,32.1875,32.622501373291016,31.752500534057617,31.75749969482422,447940000,30.074686506087282
2017-02-02,29.569355010986328,32.13249969482422,32.34749984741211,31.94499969482422,31.9950008392334,134841600,30.023294165573564
2017-02-03,29.695884704589844,32.27000045776367,32.29750061035156,32.040000915527344,32.07749938964844,98029200,30.151766302024523
2017-02-06,29.974260330200195,32.5724983215332,32.625,32.224998474121094,32.282501220703125,107383600,30.434415460016634
2017-02-07,30.2595272064209,32.88249969482422,33.022499084472656,32.61249923706055,32.6349983215332,152735200,30.72406166086499
2017-02-08,30.376859664916992,33.0099983215332,33.05500030517578,32.80500030517578,32.837501525878906,92016400,30.843195369236014
2017-02-09,30.59636116027832,33.10499954223633,33.11249923706055,32.779998779296875,32.912498474121094,113399600,31.066066580412855
2017-02-10,30.527040481567383,33.029998779296875,33.23500061035156,33.01250076293945,33.1150016784668,80262000,30.995681713109445
2017-02-13,30.797372817993164,33.3224983215332,33.45500183105469,33.1875,33.27000045776367,92141600,31.270164103948286
2017-02-14,31.19710350036621,33.755001068115234,33.772499084472656,33.3125,33.36750030517578,132904800,31.676031322202878
2017-02-15,31.310327529907227,33.877498626708984,34.067501068115234,33.654998779296875,33.880001068115234,142492400,31.790993530349063
2017-02-16,31.27335548400879,33.837501525878906,33.974998474121094,33.709999084472656,33.91749954223633,90338400,31.753453901584773
2017-02-17,31.358840942382812,33.93000030517578,33.95750045776367,33.775001525878906,33.775001525878906,88792800,31.840251705009592
2017-02-21,31.585275650024414,34.17499923706055,34.1875,33.994998931884766,34.057498931884766,98028800,32.07016256489455
2017-02-22,31.680015563964844,34.27750015258789,34.279998779296875,34.02750015258789,34.10749816894531,83347600,32.166356895288224
2017-02-23,31.545997619628906,34.13249969482422,34.369998931884766,34.07500076293945,34.345001220703125,83152800,32.03028155090657
2017-02-24,31.5760440826416,34.165000915527344,34.165000915527344,33.81999969482422,33.977500915527344,87106400,32.06078927748126
2017-02-27,31.6384220123291,34.23249816894531,34.36000061035156,34.06999969482422,34.28499984741211,81029600,32.1241248129284
2017-02-28,31.652294158935547,34.247501373291016,34.36000061035156,34.17499923706055,34.27000045776367,93931600,32.13820992023353
2017-03-01,32.29923629760742,34.9474983215332,35.037498474121094,34.400001525878906,34.47249984741211,145658400,32.79508370494187
2017-03-02,32.10746383666992,34.7400016784668,35.06999969482422,34.689998626708984,35.0,104844000,32.600367215338245
2017-03-03,32.296932220458984,34.94499969482422,34.95750045776367,34.647499084472656,34.69499969482422,84432400,32.7927442563478
2017-03-06,32.19525909423828,34.834999084472656,34.942501068115234,34.650001525878906,34.842498779296875,87000000,32.689510277246015
2017-03-07,32.23685836791992,34.880001068115234,34.994998931884766,34.6974983215332,34.76499938964844,69785200,32.73174816949473
2017-03-08,32.11670684814453,34.75,34.95000076293945,34.70500183105469,34.73749923706055,74828800,32.609752122529315
2017-03-09,32.04275131225586,34.66999816894531,34.6974983215332,34.26250076293945,34.685001373291016,88623600,32.534661245222956
2017-03-10,32.149051666259766,34.78499984741211,34.84000015258789,34.65999984741211,34.8125,78451200,32.64259348780917
2017-03-13,32.16291809082031,34.79999923706055,34.85749816894531,34.70500183105469,34.712501525878906,69686800,32.65667278522542
2017-03-14,32.11439514160156,34.747501373291016,34.912498474121094,34.709999084472656,34.82500076293945,61236400,32.60740492741673
2017-03-15,32.45405197143555,35.1150016784668,35.1875,34.75749969482422,34.852500915527344,102767200,32.95227605881825
2017-03-16,32.50718688964844,35.17250061035156,35.255001068115234,35.064998626708984,35.18000030517578,76928000,33.00622668707431
2017-03-17,32.34543991088867,34.997501373291016,35.25,34.97249984741211,35.25,175540000,32.84199662111944
2017-03-20,32.68510818481445,35.3650016784668,35.375,35.057498931884766,35.099998474121094,86168000,33.18687937229874
2017-03-21,32.31078338623047,34.959999084472656,35.70000076293945,34.932498931884766,35.52750015258789,158119600,32.806808060727
2017-03-22,32.67585754394531,35.35499954223633,35.400001525878906,34.939998626708984,34.962501525878906,103440800,33.177486718589144
2017-03-23,32.560325622558594,35.22999954223633,35.39500045776367,35.15250015258789,35.314998626708984,81385200,33.06018118858964
2017-03-24,32.49563980102539,35.15999984741211,35.435001373291016,35.087501525878906,35.375,89582400,32.994502331289176
2017-03-27,32.55109786987305,35.220001220703125,35.30500030517578,34.654998779296875,34.84749984741211,94300400,33.05081177443561
2017-03-28,33.22578048706055,35.95000076293945,36.0099983215332,35.154998779296875,35.227500915527344,133499200,33.73585190049495
2017-03-29,33.299705505371094,36.029998779296875,36.122501373291016,35.79750061035156,35.91999816894531,116760000,33.810911791727214
2017-03-30,33.25580596923828,35.98249816894531,36.125,35.875,36.04750061035156,84829200,33.7663383241437
2017-03-31,33.19343185424805,35.915000915527344,36.067501068115234,35.752498626708984,35.93000030517578,78646800,33.703006661955826
2017-04-03,33.20266342163086,35.92499923706055,36.029998779296875,35.76250076293945,35.9275016784668,79942800,33.712379949369115
2017-04-04,33.44990158081055,36.192501068115234,36.22249984741211,35.79249954223633,35.8125,79565600,33.96341362863769
2017-04-05,33.2765998840332,36.005001068115234,36.3650016784668,35.95249938964844,36.05500030517578,110871600,33.78745146037917
2017-04-06,33.19343185424805,35.915000915527344,36.130001068115234,35.86249923706055,36.0724983215332,84596000,33.703006661955826
2017-04-07,33.119483947753906,35.834999084472656,36.04499816894531,35.817501068115234,35.932498931884766,66688800,33.62792353116799
2017-04-10,33.08020782470703,35.79249954223633,35.970001220703125,35.724998474121094,35.900001525878906,75733600,33.58804445380964
2017-04-11,32.724388122558594,35.407501220703125,35.837501525878906,35.01499938964844,35.73500061035156,121517600,33.22676232291635
2017-04-12,32.76365280151367,35.45000076293945,35.537498474121094,35.252498626708984,35.400001525878906,81400000,33.26662978049691
2017-04-13,32.590370178222656,35.26250076293945,35.595001220703125,35.26250076293945,35.477500915527344,71291600,33.0906869785347
2017-04-17,32.77058029174805,35.45750045776367,35.470001220703125,35.217498779296875,35.369998931884766,66328400,33.27366361931614
2017-04-18,32.625030517578125,35.29999923706055,35.5099983215332,35.27750015258789,35.352500915527344,58790000,33.1258794121864
2017-04-19,32.5048828125,35.16999816894531,35.5,35.11249923706055,35.470001220703125,69313600,33.00388723848025
2017-04-20,32.91153335571289,35.61000061035156,35.72999954223633,35.290000915527344,35.30500030517578,93278400,33.41678054903554
2017-04-21,32.87226104736328,35.567501068115234,35.66999816894531,35.462501525878906,35.61000061035156,69283600,33.37690534493645
2017-04-24,33.18879699707031,35.90999984741211,35.98749923706055,35.79499816894531,35.875,68537200,33.69830065195288
2017-04-25,33.39443588256836,36.13249969482422,36.224998474121094,35.967498779296875,35.977500915527344,75486000,33.90709643897274
2017-04-26,33.19804000854492,35.91999816894531,36.150001525878906,35.845001220703125,36.11750030517578,80164800,33.70768555914395
2017-04-27,33.223445892333984,35.9474983215332,36.040000915527344,35.82749938964844,35.97999954223633,56985200,33.73348146582679
2017-04-28,33.19110107421875,35.912498474121094,36.07500076293945,35.817501068115234,36.022499084472656,83441600,33.700640100546934
2017-05-01,33.86811065673828,36.64500045776367,36.79999923706055,36.2400016784668,36.275001525878906,134411600,34.3880429147559
2017-05-02,34.08298873901367,36.877498626708984,37.022499084472656,36.709999084472656,36.8849983215332,181408800,34.606219735707576
2017-05-03,33.9790153503418,36.76499938964844,36.872501373291016,36.067501068115234,36.397499084472656,182788000,34.500650181270984
2017-05-04,33.8565559387207,36.63249969482422,36.78499984741211,36.45249938964844,36.630001068115234,93487600,34.376310812452246
2017-05-05,34.418025970458984,37.2400016784668,37.244998931884766,36.689998626708984,36.689998626708984,109310800,34.94640035014318
2017-05-08,35.353790283203125,38.252498626708984,38.42499923706055,37.25749969482422,37.25749969482422,195009600,35.896530213331765
2017-05-09,35.58022689819336,38.497501373291016,38.720001220703125,38.36249923706055,38.467498779296875,156521600,36.126443009846355
2017-05-10,35.41156005859375,38.314998626708984,38.48500061035156,38.02750015258789,38.407501220703125,103222800,35.95518685159078
2017-05-11,35.717811584472656,38.48749923706055,38.51750183105469,38.07749938964844,38.11249923706055,109020400,36.26613985163769
2017-05-12,36.216636657714844,39.025001525878906,39.10499954223633,38.66749954223633,38.67499923706055,130108000,36.772622725733164
2017-05-15,36.123836517333984,38.92499923706055,39.162498474121094,38.76250076293945,39.002498626708984,104038800,36.678397947674064
2017-05-16,36.070465087890625,38.86750030517578,39.01499938964844,38.68000030517578,38.98500061035156,80194000,36.62420717734378
2017-05-17,34.8593635559082,37.5625,38.64250183105469,37.4275016784668,38.400001525878906,203070800,35.39451320716501
2017-05-18,35.39066696166992,38.1349983215332,38.334999084472656,37.782501220703125,37.817501068115234,134272800,35.933973010614515
2017-05-19,35.511314392089844,38.26499938964844,38.494998931884766,38.157501220703125,38.345001220703125,107843200,36.05647258128395
2017-05-22,35.72709274291992,38.497501373291016,38.64500045776367,38.227500915527344,38.5,91865600,36.27556349142137
2017-05-23,35.68299865722656,38.45000076293945,38.724998474121094,38.32749938964844,38.724998474121094,79675600,36.23079248761552
2017-05-24,35.57628631591797,38.334999084472656,38.54249954223633,38.16749954223633,38.459999084472656,76712000,36.12244193302903
2017-05-25,35.69924545288086,38.467498779296875,38.587501525878906,38.25749969482422,38.432498931884766,76942400,36.24728869881105
2017-05-26,35.63893508911133,38.40250015258789,38.560001373291016,38.32749938964844,38.5,87710400,36.18605246988375
2017-05-30,35.65285110473633,38.41749954223633,38.60749816894531,38.33250045776367,38.35499954223633,80507600,36.20018211967039
2017-05-31,35.44169998168945,38.189998626708984,38.54249954223633,38.095001220703125,38.49250030517578,97804800,35.985789473017384
2017-06-01,35.53915786743164,38.29499816894531,38.33250045776367,38.05500030517578,38.29249954223633,65616400,36.084743500635014
2017-06-02,36.06582260131836,38.86249923706055,38.86249923706055,38.22249984741211,38.39500045776367,111082800,36.6194934208223
2017-06-05,35.713165283203125,38.48249816894531,38.61249923706055,38.3650016784668,38.584999084472656,101326800,36.26142222185695
2017-06-06,35.83380126953125,38.61249923706055,38.95249938964844,38.44499969482422,38.474998474121094,106499600,36.3839101727486
2017-06-07,36.04725646972656,38.842498779296875,38.994998931884766,38.619998931884766,38.755001068115234,84278400,36.60064226799566
2017-06-08,35.95909881591797,38.747501373291016,38.8849983215332,38.599998474121094,38.8125,85003200,36.51113124645803
2017-06-09,34.564727783203125,37.244998931884766,38.79750061035156,36.505001068115234,38.79750061035156,259530800,35.095354281569946
2017-06-12,33.738765716552734,36.35499954223633,36.522499084472656,35.627498626708984,36.435001373291016,289229200,34.25671231296982
2017-06-13,34.01023483276367,36.647499084472656,36.86249923706055,36.287498474121094,36.790000915527344,136661600,34.53234893506864
2017-06-14,33.678436279296875,36.290000915527344,36.875,35.959999084472656,36.875,126124800,34.19545671774621
2017-06-15,33.476600646972656,36.0724983215332,36.119998931884766,35.5525016784668,35.83000183105469,128661600,33.99052257021025
2017-06-16,33.0079460144043,35.567501068115234,36.125,35.54999923706055,35.94499969482422,201444400,33.51467330361547
2017-06-19,33.95221710205078,36.584999084472656,36.685001373291016,35.915000915527344,35.915000915527344,130165600,34.47344053495762
2017-06-20,33.643646240234375,36.252498626708984,36.717498779296875,36.23500061035156,36.717498779296875,99600400,34.160132593279606
2017-06-21,33.84317398071289,36.467498779296875,36.51750183105469,36.15250015258789,36.380001068115234,85063200,34.36272341896224
2017-06-22,33.78749084472656,36.407501220703125,36.67499923706055,36.279998779296875,36.442501068115234,76425200,34.30618545351937
2017-06-23,33.93830871582031,36.56999969482422,36.790000915527344,36.27750015258789,36.282501220703125,141757600,34.4593186316895
2017-06-26,33.831573486328125,36.45500183105469,37.06999969482422,36.345001220703125,36.79249954223633,102769600,34.350944837547445
2017-06-27,33.34667205810547,35.932498931884766,36.540000915527344,35.904998779296875,36.252498626708984,99047600,33.85859935975713
2017-06-28,33.833892822265625,36.45750045776367,36.52750015258789,35.790000915527344,36.122501373291016,88329600,34.353299779178556
2017-06-29,33.33506393432617,35.91999816894531,36.282501220703125,35.56999969482422,36.1775016784668,125997600,33.84681303182381
2017-06-30,33.4139518737793,36.005001068115234,36.2400016784668,35.94499969482422,36.11249923706055,92096400,33.926912033355535
2017-07-03,33.293304443359375,35.875,36.32500076293945,35.775001525878906,36.220001220703125,57111200,33.8044124626861
2017-07-05,33.43019485473633,36.022499084472656,36.1974983215332,35.68000030517578,35.92250061035156,86278400,33.943404371291805
2017-07-06,33.11466598510742,35.682498931884766,35.875,35.602500915527344,35.755001068115234,96515200,33.623031604720474
2017-07-07,33.45107650756836,36.04499816894531,36.1875,35.724998474121094,35.724998474121094,76806800,33.96460659249029
2017-07-10,33.65525436401367,36.26499938964844,36.48749923706055,35.842498779296875,36.02750015258789,84362400,34.17191892121293
2017-07-11,33.76428985595703,36.38249969482422,36.462501525878906,36.095001220703125,36.182498931884766,79127200,34.28262829068978
2017-07-12,33.81300735473633,36.435001373291016,36.54499816894531,36.20500183105469,36.467498779296875,99538000,34.3320936847208
2017-07-13,34.284000396728516,36.942501068115234,37.122501373291016,36.36000061035156,36.375,100797600,34.81031725924301
2017-07-14,34.57863235473633,37.2599983215332,37.33250045776367,36.83250045776367,36.99250030517578,80528400,35.109472311578806
2017-07-17,34.699283599853516,37.38999938964844,37.724998474121094,37.14250183105469,37.20500183105469,95174000,35.2319757555075
2017-07-18,34.819923400878906,37.52000045776367,37.532501220703125,37.16749954223633,37.29999923706055,71475200,35.35446757965841
2017-07-19,35.038021087646484,37.755001068115234,37.85499954223633,37.48749923706055,37.619998931884766,83692000,35.57591343142695
2017-07-20,34.880252838134766,37.584999084472656,37.935001373291016,37.54750061035156,37.875,68974800,35.41572317488202
2017-07-21,34.86400604248047,37.567501068115234,37.61000061035156,37.220001220703125,37.497501373291016,105010400,35.39922696368649
2017-07-24,35.2862663269043,38.022499084472656,38.11000061035156,37.474998474121094,37.64500045776367,85972800,35.82796965114061
2017-07-25,35.43708419799805,38.185001373291016,38.459999084472656,37.95000076293945,37.95000076293945,75415600,35.98110282931074
2017-07-26,35.604122161865234,38.3650016784668,38.48249816894531,38.26499938964844,38.337501525878906,63124000,36.150705105861576
2017-07-27,34.931297302246094,37.63999938964844,38.497501373291016,36.82500076293945,38.4375,129905200,35.46755125706268
2017-07-28,34.685367584228516,37.375,37.557498931884766,37.29750061035156,37.47249984741211,68854800,35.21784610572086
2017-07-31,34.5067138671875,37.182498931884766,37.58250045776367,37.032501220703125,37.474998474121094,79383600,35.036449754718184
2017-08-01,34.81297302246094,37.51250076293945,37.55500030517578,37.102500915527344,37.275001525878906,141474400,35.34741050128361
2017-08-02,36.45791244506836,39.28499984741211,39.9375,39.040000915527344,39.81999969482422,279747200,37.01760250077572
2017-08-03,36.09366989135742,38.89250183105469,39.3025016784668,38.755001068115234,39.26250076293945,108389200,36.64776821343263
2017-08-04,36.28390121459961,39.09749984741211,39.349998474121094,38.92250061035156,39.01750183105469,82239600,36.84091990629453
2017-08-07,36.84536361694336,39.70249938964844,39.72999954223633,39.16749954223633,39.26499938964844,87481200,37.411001697466936
2017-08-08,37.14003372192383,40.02000045776367,40.45750045776367,39.567501068115234,39.650001525878906,144823600,37.710195482395356
2017-08-09,37.36739730834961,40.26499938964844,40.317501068115234,39.77750015258789,39.814998626708984,104526000,37.941049480910536
2017-08-10,36.17717742919922,38.83000183105469,40.0,38.657501220703125,39.974998474121094,163217200,36.73255773193026
2017-08-11,36.68027877807617,39.369998931884766,39.64250183105469,39.01750183105469,39.150001525878906,105028400,37.24338252965809
2017-08-14,37.232303619384766,39.962501525878906,40.0525016784668,39.6875,39.83000183105469,88490800,37.80388187741708
2017-08-15,37.639915466308594,40.400001525878906,40.54999923706055,40.03499984741211,40.165000915527344,117862000,38.217751249306325
2017-08-16,37.4885139465332,40.23749923706055,40.627498626708984,40.037498474121094,40.48500061035156,110686400,38.064025462469154
2017-08-17,36.76878356933594,39.46500015258789,40.1775016784668,39.459999084472656,40.130001068115234,111762400,37.33324601778853
2017-08-18,36.684940338134766,39.375,39.875,39.18000030517578,39.46500015258789,109712400,37.248115652475875
2017-08-21,36.617393493652344,39.3025016784668,39.47249984741211,38.77750015258789,39.375,105474000,37.17953185072915
2017-08-22,37.21601486206055,39.94499969482422,40.0,39.505001068115234,39.557498931884766,86418400,37.78734306036967
2017-08-23,37.262577056884766,39.994998931884766,40.11750030517578,39.720001220703125,39.76750183105469,77596400,37.83462006291785
2017-08-24,37.09721374511719,39.817501068115234,40.185001373291016,39.63750076293945,40.10749816894531,79275600,37.6667181471829
2017-08-25,37.234622955322266,39.96500015258789,40.13999938964844,39.817501068115234,39.912498474121094,101920400,37.806236819048195
2017-08-28,37.60963821411133,40.36750030517578,40.5,39.98249816894531,40.03499984741211,103864000,38.1870091905463
2017-08-29,37.94503402709961,40.727500915527344,40.779998779296875,40.0,40.025001525878906,118067600,38.52755389135251
2017-08-30,38.047515869140625,40.837501525878906,40.97249984741211,40.65250015258789,40.95000076293945,109078400,38.63160900141778
2017-08-31,38.19890594482422,41.0,41.130001068115234,40.869998931884766,40.90999984741211,107140400,38.78532316847716
2017-09-01,38.2105598449707,41.01250076293945,41.23500061035156,40.907501220703125,41.20000076293945,66364400,38.79715597552162
2017-09-05,37.75171661376953,40.52000045776367,41.0625,40.13999938964844,40.9375,117874000,38.331268731747905
2017-09-06,37.71211624145508,40.477500915527344,40.747501373291016,40.130001068115234,40.6775016784668,86606800,38.29106042735231
2017-09-07,37.56072998046875,40.314998626708984,40.560001373291016,40.09000015258789,40.522499084472656,87714000,38.13735013355219
2017-09-08,36.94813919067383,39.657501220703125,40.287498474121094,39.63249969482422,40.21500015258789,114446000,37.51535504849536
2017-09-11,37.616607666015625,40.375,40.51250076293945,39.97249984741211,40.125,126323200,38.194085635217405
2017-09-12,37.4675407409668,40.21500015258789,40.9900016784668,39.692501068115234,40.65250015258789,286856000,38.04273028304839
2017-09-13,37.18571472167969,39.912498474121094,39.9900016784668,39.477500915527344,39.967498779296875,179629600,37.75657776205408
2017-09-14,36.86660385131836,39.56999969482422,39.849998474121094,39.522499084472656,39.747501373291016,95042800,37.432568005036025
2017-09-15,37.23928451538086,39.970001220703125,40.24250030517578,39.5,39.61750030517578,196458400,37.81096994186598
2017-09-18,36.95745849609375,39.66749954223633,40.125,39.5,40.02750015258789,113077600,37.52481742087166
2017-09-19,36.971431732177734,39.682498931884766,39.942501068115234,39.61000061035156,39.877498626708984,83242400,37.53900516954723
2017-09-20,36.35185623168945,39.01750183105469,39.564998626708984,38.45750045776367,39.474998474121094,211805600,36.90991814678225
2017-09-21,35.727638244628906,38.34749984741211,38.95000076293945,38.1875,38.95000076293945,150046800,36.2761173674958
2017-09-22,35.37826156616211,37.97249984741211,38.067501068115234,37.63999938964844,37.8849983215332,186581600,35.9213771714955
2017-09-25,35.066139221191406,37.63750076293945,37.95750045776367,37.290000915527344,37.497501373291016,177549200,35.60446322544485
2017-09-26,35.669410705566406,38.28499984741211,38.47999954223633,37.92250061035156,37.94499969482422,146640000,36.21699593812538
2017-09-27,35.923282623291016,38.557498931884766,38.68000030517578,38.3849983215332,38.45000076293945,102016800,36.47476521525003
2017-09-28,35.702003479003906,38.31999969482422,38.56999969482422,38.17499923706055,38.47249984741211,88022000,36.25008906525725
2017-09-29,35.89767074584961,38.529998779296875,38.532501220703125,38.0,38.3025016784668,105199200,36.448760152567054
2017-10-02,35.82545852661133,38.45249938964844,38.61249923706055,38.18000030517578,38.564998626708984,74795200,36.375439354743285
2017-10-03,35.98151397705078,38.619998931884766,38.772499084472656,38.477500915527344,38.502498626708984,64921200,36.53389051787971
2017-10-04,35.748592376708984,38.369998931884766,38.46500015258789,38.1150016784668,38.407501220703125,80655200,36.297393180620254
2017-10-05,36.19347381591797,38.84749984741211,38.86000061035156,38.51250076293945,38.54499816894531,85135200,36.749104295496196
2017-10-06,36.172508239746094,38.82500076293945,38.872501373291016,38.63999938964844,38.74250030517578,69630400,36.727816862593954
2017-10-09,36.29827880859375,38.959999084472656,39.182498931884766,38.872501373291016,38.95249938964844,65051600,36.855518220451835
2017-10-10,36.312259674072266,38.974998474121094,39.5,38.775001525878906,39.01499938964844,62468000,36.86971371564592
2017-10-11,36.46366500854492,39.13750076293945,39.244998931884766,38.9375,38.99250030517578,67622400,37.02344337574235
2017-10-12,36.33555221557617,39.0,39.342498779296875,38.932498931884766,39.087501525878906,64500400,36.893363836697795
2017-10-13,36.56614685058594,39.247501373291016,39.31999969482422,39.102500915527344,39.182498931884766,65576800,37.12749848580762
2017-10-16,37.23928451538086,39.970001220703125,40.0,39.412498474121094,39.474998474121094,96486000,37.81096994186598
2017-10-17,37.37671661376953,40.11750030517578,40.217498779296875,39.807498931884766,39.94499969482422,75989200,37.95051185328684
2017-10-18,37.211326599121094,39.939998626708984,40.1775016784668,39.900001525878906,40.10499954223633,65496800,37.78258282473706
2017-10-19,36.33089828491211,38.994998931884766,39.27000045776367,38.755001068115234,39.1875,170336800,36.88863846039853
2017-10-20,36.393795013427734,39.0625,39.4375,38.9900016784668,39.15250015258789,95896400,36.95250075910526
2017-10-23,36.37515640258789,39.04249954223633,39.42250061035156,38.875,39.22249984741211,87937200,36.933576014352646
2017-10-24,36.59177017211914,39.275001525878906,39.35499954223633,39.04999923706055,39.0724983215332,71028800,37.153515168268385
2017-10-25,36.43105697631836,39.102500915527344,39.38750076293945,38.817501068115234,39.227500915527344,84828400,36.990334755573436
2017-10-26,36.663978576660156,39.352500915527344,39.45750045776367,39.19499969482422,39.307498931884766,68002000,37.22683209283289
2017-10-27,37.9776496887207,40.76250076293945,40.900001525878906,39.67499923706055,39.8224983215332,177816800,38.56067025803995
2017-10-30,38.83246612548828,41.68000030517578,42.01750183105469,40.93000030517578,40.97249984741211,178803200,39.428609559695495
2017-10-31,39.37283706665039,42.2599983215332,42.412498474121094,41.73500061035156,41.974998474121094,144187200,39.97727610041003
2017-11-01,38.8720703125,41.72249984741211,42.48500061035156,41.40250015258789,42.467498779296875,134551200,39.468821737350346
2017-11-02,39.156227111816406,42.02750015258789,42.125,41.31999969482422,41.650001525878906,165573600,39.75734081975355
2017-11-03,40.17874526977539,43.125,43.564998626708984,42.779998779296875,43.5,237594400,40.79555634507146
2017-11-06,40.58635711669922,43.5625,43.747501373291016,42.93000030517578,43.092498779296875,140105200,41.2094257169607
2017-11-07,40.71677780151367,43.70249938964844,43.8125,43.400001525878906,43.477500915527344,97446000,41.341848577858585
2017-11-08,41.049869537353516,44.060001373291016,44.060001373291016,43.58250045776367,43.665000915527344,97638000,41.680053830070726
2017-11-09,40.96600341796875,43.970001220703125,44.025001525878906,43.28499984741211,43.77750015258789,117930400,41.5949002252025
2017-11-10,40.8304328918457,43.66749954223633,43.845001220703125,43.567501068115234,43.77750015258789,100582000,41.45724846430134
2017-11-13,40.666812896728516,43.49250030517578,43.625,43.349998474121094,43.375,67928400,41.29111662804898
2017-11-14,40.05202865600586,42.834999084472656,43.369998931884766,42.79499816894531,43.2599983215332,99130000,40.666894418916684
2017-11-15,39.52372741699219,42.27000045776367,42.58000183105469,42.095001220703125,42.49250030517578,116632400,40.13048287050613
2017-11-16,39.99592590332031,42.775001525878906,42.967498779296875,42.57500076293945,42.79499816894531,94550000,40.60993039495502
2017-11-17,39.77385330200195,42.537498474121094,42.84749984741211,42.40999984741211,42.7599983215332,87598000,40.38444860703581
2017-11-20,39.73410415649414,42.494998931884766,42.63999938964844,42.38999938964844,42.5724983215332,65049600,40.34408924552901
2017-11-21,40.472782135009766,43.28499984741211,43.42499923706055,42.69499969482422,42.69499969482422,100525200,41.09410716896244
2017-11-22,40.89822769165039,43.7400016784668,43.75,43.26250076293945,43.34000015258789,102355600,41.526084027900076
2017-11-24,40.90056228637695,43.74250030517578,43.875,43.662498474121094,43.775001525878906,56106800,41.52845446256823
2017-11-27,40.694854736328125,43.522499084472656,43.77000045776367,43.334999084472656,43.76250076293945,82867200,41.31958895688166
2017-11-28,40.4564094543457,43.26750183105469,43.717498779296875,42.96500015258789,43.57500076293945,105715200,41.07748314021127
2017-11-29,39.61723709106445,42.369998931884766,43.22999954223633,41.790000915527344,43.157501220703125,166665600,40.225428074787914
2017-11-30,40.17123794555664,42.962501525878906,43.03499984741211,42.11000061035156,42.60749816894531,166108800,40.78793377084446
2017-12-01,39.98422622680664,42.76250076293945,42.91749954223633,42.125,42.48749923706055,159037200,40.598051108799424
2017-12-04,39.692039489746094,42.45000076293945,43.154998779296875,42.407501220703125,43.119998931884766,130169600,40.30137881565037
2017-12-05,39.654640197753906,42.40999984741211,42.880001068115234,42.099998474121094,42.26499938964844,109400800,40.26340538184877
2017-12-06,39.50736999511719,42.252498626708984,42.54999923706055,41.6150016784668,41.875,114240000,40.11387433479201
2017-12-07,39.57982635498047,42.33000183105469,42.61000061035156,42.227500915527344,42.25749969482422,102693200,40.18744302120853
2017-12-08,39.59151840209961,42.342498779296875,42.75,42.20500183105469,42.622501373291016,93420800,40.19931456084561
2017-12-11,40.36293029785156,43.16749954223633,43.22249984741211,42.1974983215332,42.29999923706055,141095200,40.98256892200359
2017-12-12,40.13617706298828,42.92499923706055,43.09749984741211,42.8650016784668,43.037498474121094,77636800,40.752334644970276
2017-12-13,40.26941680908203,43.067501068115234,43.3849983215332,43.0,43.125,95273600,40.88761984446255
2017-12-14,40.25771713256836,43.05500030517578,43.282501220703125,42.912498474121094,43.099998474121094,81906000,40.875740558306944
2017-12-15,40.666812896728516,43.49250030517578,43.54249954223633,43.1150016784668,43.407501220703125,160677200,41.29111662804898
2017-12-18,41.239501953125,44.10499954223633,44.29999923706055,43.71500015258789,43.720001220703125,117684400,41.87259742122854
2017-12-19,40.800048828125,43.6349983215332,43.84749984741211,43.522499084472656,43.75749969482422,109745600,41.42639795428199
2017-12-20,40.75562286376953,43.587501525878906,43.85499954223633,43.3125,43.717498779296875,93902400,41.38128997692036
2017-12-21,40.90990447998047,43.752498626708984,44.005001068115234,43.525001525878906,43.54249954223633,83799600,41.537940074500106
2017-12-22,40.90990447998047,43.752498626708984,43.85499954223633,43.625,43.66999816894531,65397600,41.537940074500106
2017-12-26,39.87202835083008,42.64250183105469,42.86750030517578,42.41999816894531,42.70000076293945,132742000,40.484130807394635
2017-12-27,39.87903594970703,42.650001525878906,42.69499969482422,42.4275016784668,42.525001525878906,85992800,40.491245984658356
2017-12-28,39.99123764038086,42.77000045776367,42.962501525878906,42.619998931884766,42.75,65920800,40.60517015932241
2017-12-29,39.55879211425781,42.307498931884766,42.647499084472656,42.30500030517578,42.630001068115234,103999600,40.16608586963957
2018-01-02,40.2670783996582,43.064998626708984,43.07500076293945,42.314998626708984,42.540000915527344,102223600,40.88524553653513
2018-01-03,40.26005935668945,43.057498931884766,43.63750076293945,42.9900016784668,43.13249969482422,118071600,40.87811873949362
2018-01-04,40.44706726074219,43.25749969482422,43.36750030517578,43.02000045776367,43.1349983215332,89738400,41.06799752827939
2018-01-05,40.907588958740234,43.75,43.842498779296875,43.26250076293945,43.36000061035156,94640000,41.535589006128255
2018-01-08,40.75562286376953,43.587501525878906,43.90250015258789,43.48249816894531,43.587501525878906,82271200,41.38128997692036
2018-01-09,40.750953674316406,43.58250045776367,43.76499938964844,43.352500915527344,43.63750076293945,86336000,41.376549107584054
2018-01-10,40.74160385131836,43.5724983215332,43.57500076293945,43.25,43.290000915527344,95839600,41.367055749133655
2018-01-11,40.97303009033203,43.81999969482422,43.872501373291016,43.622501373291016,43.647499084472656,74670800,41.60203476876253
2018-01-12,41.3961296081543,44.272499084472656,44.34000015258789,43.912498474121094,44.04499816894531,101672400,42.03162957325423
2018-01-16,41.18574142456055,44.04750061035156,44.84749984741211,44.03499984741211,44.474998474121094,118263600,41.818011578453564
2018-01-17,41.8659782409668,44.775001525878906,44.8125,43.76750183105469,44.037498474121094,137547200,42.50869116999792
2018-01-18,41.903377532958984,44.814998626708984,45.025001525878906,44.5625,44.842498779296875,124773600,42.54666460379951
2018-01-19,41.71638107299805,44.6150016784668,44.89500045776367,44.352500915527344,44.65250015258789,129700400,42.35679743479153
2018-01-22,41.375091552734375,44.25,44.44499969482422,44.150001525878906,44.32500076293945,108434400,42.01026854842601
2018-01-23,41.38442611694336,44.2599983215332,44.86000061035156,44.20500183105469,44.32500076293945,130756400,42.019746413839364
2018-01-24,40.72524642944336,43.55500030517578,44.32500076293945,43.29999923706055,44.3125,204420400,41.35044721341953
2018-01-25,39.998260498046875,42.77750015258789,43.73749923706055,42.63249969482422,43.627498626708984,166116000,40.61230082962318
2018-01-26,40.09174346923828,42.877498626708984,43.0,42.51499938964844,43.0,156572000,40.707218921090124
2018-01-29,39.26193618774414,41.9900016784668,42.540000915527344,41.76750183105469,42.540000915527344,202561600,39.86467270715421
2018-01-30,39.03050231933594,41.74250030517578,41.842498779296875,41.17499923706055,41.38249969482422,184192800,39.62968594100681
2018-01-31,39.13803482055664,41.85749816894531,42.11000061035156,41.625,41.717498779296875,129915600,39.73886924633456
2018-02-01,39.219844818115234,41.94499969482422,42.154998779296875,41.689998626708984,41.79249954223633,188923200,39.82193516446073
2018-02-02,37.518089294433594,40.125,41.70000076293945,40.025001525878906,41.5,346375200,38.09405484152503
2018-02-05,36.580726623535156,39.122501373291016,40.970001220703125,39.0,39.775001525878906,290954000,37.1423020827058
2018-02-06,38.109500885009766,40.75749969482422,40.93000030517578,38.5,38.70750045776367,272975200,38.69454559116096
2018-02-07,37.293670654296875,39.8849983215332,40.849998474121094,39.76750183105469,40.772499084472656,206434400,37.866190999159876
2018-02-08,36.267486572265625,38.787498474121094,40.25,38.75749969482422,40.0724983215332,217562000,36.82425327169148
2018-02-09,36.71108627319336,39.102500915527344,39.47249984741211,37.560001373291016,39.26750183105469,282690400,37.27466297145549
2018-02-12,38.18976593017578,40.6775016784668,40.97249984741211,39.377498626708984,39.625,243278000,38.776042839286156
2018-02-13,38.57234191894531,41.084999084472656,41.1875,40.412498474121094,40.48749923706055,130196800,39.164492010640934
2018-02-14,39.28351974487305,41.842498779296875,41.8849983215332,40.720001220703125,40.7599983215332,162579600,39.88658760805685
2018-02-15,40.60259246826172,43.247501373291016,43.272499084472656,42.25,42.4474983215332,204588800,41.22591030837845
2018-02-16,40.471153259277344,43.10749816894531,43.70500183105469,42.942501068115234,43.09000015258789,160704400,41.0924532872577
2018-02-20,40.335018157958984,42.962501525878906,43.564998626708984,42.85499954223633,43.01250076293945,135722000,40.954228283985806
2018-02-21,40.151954650878906,42.76750183105469,43.529998779296875,42.752498626708984,43.20750045776367,149886400,40.76835444527662
2018-02-22,40.487571716308594,43.125,43.48749923706055,42.9275016784668,42.95000076293945,123967600,41.109123795120006
2018-02-23,41.19171905517578,43.875,43.912498474121094,43.3849983215332,43.41749954223633,135249600,41.824080975716626
2018-02-26,42.006160736083984,44.74250030517578,44.84749984741211,44.0525016784668,44.087501525878906,152648800,42.65102570134646
2018-02-27,41.870033264160156,44.59749984741211,45.119998931884766,44.540000915527344,44.775001525878906,155712400,42.5128084445931
2018-02-28,41.80664825439453,44.529998779296875,45.154998779296875,44.51250076293945,44.814998626708984,151128400,42.448450368700875
2018-03-01,41.074363708496094,43.75,44.94499969482422,43.165000915527344,44.6349983215332,195208000,41.704924027790035
2018-03-02,41.358360290527344,44.0525016784668,44.07500076293945,43.11249923706055,43.20000076293945,153816000,41.99328043330424
2018-03-05,41.50153732299805,44.20500183105469,44.435001373291016,43.630001068115234,43.8025016784668,113605600,42.138655473173216
2018-03-06,41.46632766723633,44.16749954223633,44.5625,44.032501220703125,44.477500915527344,95154000,42.10290529018783
2018-03-07,41.081390380859375,43.75749969482422,43.962501525878906,43.567501068115234,43.73500061035156,126814000,41.71205857135006
2018-03-08,41.52968978881836,44.23500061035156,44.279998779296875,43.76750183105469,43.869998931884766,95096400,42.167240126524476
2018-03-09,42.24321746826172,44.994998931884766,45.0,44.34749984741211,44.4900016784668,128740800,42.89172165164559
2018-03-12,42.651615142822266,45.43000030517578,45.59749984741211,45.0525016784668,45.0724983215332,128828400,43.30638891494274
2018-03-13,42.240867614746094,44.99250030517578,45.875,44.810001373291016,45.647499084472656,126774000,42.88933572394039
2018-03-14,41.88175582885742,44.61000061035156,45.130001068115234,44.45249938964844,45.08000183105469,117473600,42.52471097030426
2018-03-15,41.93104934692383,44.662498474121094,45.060001373291016,44.51750183105469,44.625,90975200,42.57476122648381
2018-03-16,41.783180236816406,44.505001068115234,44.779998779296875,44.404998779296875,44.662498474121094,157618800,42.424622077722965
2018-03-19,41.144771575927734,43.82500076293945,44.36750030517578,43.415000915527344,44.33000183105469,133787200,41.776412773983026
2018-03-20,41.13069534301758,43.810001373291016,44.20000076293945,43.73500061035156,43.810001373291016,78597600,41.762120447307396
2018-03-21,40.198875427246094,42.817501068115234,43.772499084472656,42.814998626708984,43.7599983215332,148219600,40.815995534195395
2018-03-22,39.63088607788086,42.212501525878906,43.16999816894531,42.150001525878906,42.5,165963200,40.23928659642623
2018-03-23,38.71316146850586,41.23500061035156,42.47999954223633,41.23500061035156,42.09749984741211,164115200,39.307473376286175
2018-03-26,40.55093765258789,43.192501068115234,43.275001525878906,41.61000061035156,42.01750183105469,150164800,41.17346250471592
2018-03-27,39.51117706298828,42.084999084472656,43.787498474121094,41.72999954223633,43.41999816894531,163690400,40.11773984753518
2018-03-28,39.074623107910156,41.619998931884766,42.505001068115234,41.29750061035156,41.8125,166674000,39.6744840576275
2018-03-29,39.379756927490234,41.94499969482422,42.9375,41.724998474121094,41.95249938964844,153594000,39.984302192710736
2018-04-02,39.12156295776367,41.66999816894531,42.23500061035156,41.11750030517578,41.65999984741211,150347200,39.72214451284258
2018-04-03,39.52293014526367,42.09749984741211,42.1875,41.220001220703125,41.90999984741211,121112000,40.12967335932044
2018-04-04,40.278682708740234,42.90250015258789,43.002498626708984,41.192501068115234,41.220001220703125,138422000,40.897027991209185
2018-04-05,40.55799102783203,43.20000076293945,43.557498931884766,43.02000045776367,43.14500045776367,107732800,41.18062416109078
2018-04-06,39.52058410644531,42.095001220703125,43.119998931884766,42.04999923706055,42.74250030517578,140021200,40.1272913048745
2018-04-09,39.91253662109375,42.51250076293945,43.272499084472656,42.462501525878906,42.470001220703125,116070800,40.52526094749451
2018-04-10,40.66361999511719,43.3125,43.5,42.88249969482422,43.25,113634400,41.28787471004695
2018-04-11,40.47350311279297,43.11000061035156,43.47999954223633,42.92499923706055,43.057498931884766,89726400,41.094839214962896
2018-04-12,40.872493743896484,43.53499984741211,43.75,43.2599983215332,43.352500915527344,91557200,41.49995502092072
2018-04-13,41.010990142822266,43.682498931884766,43.959999084472656,43.462501525878906,43.69499969482422,100497200,41.6405775716756
2018-04-16,41.26681900024414,43.95500183105469,44.04750061035156,43.70750045776367,43.75749969482422,86313600,41.9003338308015
2018-04-17,41.83481216430664,44.560001373291016,44.73500061035156,44.102500915527344,44.122501373291016,106421600,42.47704664182992
2018-04-18,41.74094009399414,44.459999084472656,44.70500183105469,44.220001220703125,44.45249938964844,83018000,42.38173347791828
2018-04-19,40.55799102783203,43.20000076293945,43.84749984741211,43.165000915527344,43.439998626708984,139235200,41.18062416109078
2018-04-20,38.896240234375,41.43000030517578,42.80500030517578,41.35749816894531,42.650001525878906,261964400,39.49336270803241
2018-04-23,38.78359603881836,41.310001373291016,41.72999954223633,41.022499084472656,41.70750045776367,146062000,39.378989235294
2018-04-24,38.24375534057617,40.73500061035156,41.58250045776367,40.30500030517578,41.41749954223633,134768000,38.83086107761684
2018-04-25,38.4103889465332,40.912498474121094,41.35499954223633,40.602500915527344,40.654998779296875,113528400,39.000052788685935
2018-04-26,38.54418182373047,41.05500030517578,41.432498931884766,40.842498779296875,41.029998779296875,111852000,39.13589961077115
2018-04-27,38.098236083984375,40.58000183105469,41.08250045776367,40.157501220703125,41.0,142623200,38.68310785656119
2018-04-30,38.78827667236328,41.314998626708984,41.814998626708984,40.459999084472656,40.532501220703125,169709600,39.38374172440809
2018-05-01,39.68955612182617,42.275001525878906,42.29999923706055,41.317501068115234,41.602500915527344,214277600,40.298857323871005
2018-05-02,41.4428596496582,44.14250183105469,44.4375,43.45000076293945,43.807498931884766,266157600,42.07907699920992
2018-05-03,41.51796340942383,44.22249984741211,44.375,43.61000061035156,43.970001220703125,136272800,42.155333727554044
2018-05-04,43.146846771240234,45.95750045776367,46.0625,44.54249954223633,44.5625,224805200,43.80922317881371
2018-05-07,43.45902633666992,46.290000915527344,46.91749954223633,46.1875,46.29499816894531,169805600,44.12619522375328
2018-05-08,43.667903900146484,46.51250076293945,46.55500030517578,45.91749954223633,46.247501373291016,113611200,44.33827940788631
2018-05-09,43.97538375854492,46.84000015258789,46.849998474121094,46.30500030517578,46.63750076293945,92844800,44.65047959741548
2018-05-10,44.60440444946289,47.5099983215332,47.592498779296875,46.912498474121094,46.935001373291016,111957200,45.2891568101124
2018-05-11,44.43475341796875,47.147499084472656,47.51499938964844,46.86249923706055,47.372501373291016,104848800,45.11690135096732
2018-05-14,44.33109664916992,47.037498474121094,47.38249969482422,46.96500015258789,47.252498626708984,83115200,45.01165327704944
2018-05-15,43.928184509277344,46.61000061035156,46.76750183105469,46.275001525878906,46.69499969482422,94780800,44.6025557605706
2018-05-16,44.33816146850586,47.04499816894531,47.1150016784668,46.5,46.51750183105469,76732400,45.01882655320209
2018-05-17,44.05778503417969,46.747501373291016,47.227500915527344,46.59000015258789,47.0,69176000,44.734145870727225
2018-05-18,43.89756393432617,46.57749938964844,46.95249938964844,46.532501220703125,46.79750061035156,73190800,44.57146510847703
2018-05-21,44.20856857299805,46.907501220703125,47.317501068115234,46.727500915527344,47.0,73603200,44.887244189563994
2018-05-22,44.09782028198242,46.790000915527344,47.220001220703125,46.69499969482422,47.095001220703125,60962800,44.77479572667865
2018-05-23,44.38057327270508,47.09000015258789,47.125,46.439998626708984,46.587501525878906,80233600,45.06188944967355
2018-05-24,44.33109664916992,47.037498474121094,47.209999084472656,46.5525016784668,47.192501068115234,92936000,45.01165327704944
2018-05-25,44.432403564453125,47.14500045776367,47.412498474121094,46.912498474121094,47.057498931884766,69844000,45.11451542326211
2018-05-29,44.27219772338867,46.974998474121094,47.1875,46.717498779296875,46.900001525878906,90056400,44.95185015404897
2018-05-30,44.177940368652344,46.875,47.0,46.69499969482422,46.93000030517578,74762000,44.8561457909519
2018-05-31,44.02949905395508,46.717498779296875,47.057498931884766,46.53499984741211,46.80500030517578,109931200,44.7054256533018
2018-06-01,44.82352066040039,47.560001373291016,47.564998626708984,46.9375,46.997501373291016,93770000,45.51163682210381
2018-06-04,45.19816970825195,47.95750045776367,48.35499954223633,47.837501525878906,47.90999984741211,105064800,45.8920373607128
2018-06-05,45.546871185302734,48.32749938964844,48.48500061035156,48.09000015258789,48.26750183105469,86264000,46.246091989823775
2018-06-06,45.70472717285156,48.494998931884766,48.52000045776367,47.97999954223633,48.407501220703125,83734400,46.40637133133172
2018-06-07,45.582210540771484,48.3650016784668,48.54999923706055,48.084999084472656,48.53499984741211,85388800,46.28197386362406
2018-06-08,45.16753387451172,47.92499923706055,48.0,47.442501068115234,47.79249954223633,106627200,45.86093121558217
2018-06-11,45.05678939819336,47.807498931884766,47.99250030517578,47.5525016784668,47.837501525878906,73234000,45.74848662595608
2018-06-12,45.3041877746582,48.06999969482422,48.15250015258789,47.787498474121094,47.84749984741211,67644400,45.999682982113654
2018-06-13,44.93191146850586,47.67499923706055,48.220001220703125,47.61000061035156,48.10499954223633,86553600,45.62169161076544
2018-06-14,44.955474853515625,47.70000076293945,47.89250183105469,47.55500030517578,47.88750076293945,86440400,45.64561673322489
2018-06-15,44.49366760253906,47.209999084472656,47.540000915527344,47.064998626708984,47.50749969482422,246876800,45.176719967004836
2018-06-18,44.4701042175293,47.185001373291016,47.30500030517578,46.79999923706055,46.970001220703125,73939600,45.15279484454538
2018-06-19,43.751468658447266,46.42250061035156,46.58250045776367,45.86249923706055,46.28499984741211,134314000,44.42312702527287
2018-06-20,43.94231414794922,46.625,46.79999923706055,46.432498931884766,46.587501525878906,82514800,44.6169023128759
2018-06-21,43.69729232788086,46.3650016784668,47.087501525878906,46.23500061035156,46.8125,102847600,44.36811899723836
2018-06-22,43.57006072998047,46.22999954223633,46.537498474121094,46.17499923706055,46.529998779296875,108801600,44.23893418108325
2018-06-25,42.922115325927734,45.54249954223633,46.22999954223633,45.182498931884766,45.849998474121094,126652400,43.581041729189096
2018-06-26,43.4546012878418,46.10749816894531,46.63249969482422,45.6349983215332,45.747501373291016,98276800,44.12170224300972
2018-06-27,43.390987396240234,46.040000915527344,46.81999969482422,46.00749969482422,46.307498931884766,101141200,44.05711177156179
2018-06-28,43.70670700073242,46.375,46.5525016784668,45.95000076293945,46.025001525878906,69460800,44.37767820109621
2018-06-29,43.61481857299805,46.27750015258789,46.79750061035156,45.727500915527344,46.5724983215332,90950800,44.28437913200065
2018-07-02,44.102535247802734,46.79499816894531,46.82500076293945,45.85499954223633,45.95500183105469,70925200,44.77958307512609
2018-07-03,43.33443832397461,45.97999954223633,46.98749923706055,45.8849983215332,46.9474983215332,55819200,43.99969457626652
2018-07-05,43.68313980102539,46.349998474121094,46.602500915527344,46.06999969482422,46.314998626708984,66416800,44.3537492053775
2018-07-06,44.28867721557617,46.99250030517578,47.10749816894531,46.29999923706055,46.35499954223633,69940800,44.968582634059466
2018-07-09,44.903629302978516,47.64500045776367,47.66999816894531,47.32500076293945,47.375,79026400,45.592975266599275
2018-07-10,44.84945297241211,47.587501525878906,47.81999969482422,47.54499816894531,47.6775016784668,63756400,45.53796723856477
2018-07-11,44.2674674987793,46.970001220703125,47.44499969482422,46.90250015258789,47.125,75326000,44.94704731256447
2018-07-12,45.009674072265625,47.75749969482422,47.852500915527344,47.32749938964844,47.38249969482422,72164400,45.700648000814965
2018-07-13,45.08034896850586,47.83250045776367,47.959999084472656,47.724998474121094,47.77000045776367,50055600,45.772407875156276
2018-07-16,44.98139572143555,47.727500915527344,48.162498474121094,47.60499954223633,47.880001068115234,60172400,45.67193552990806
2018-07-17,45.10862731933594,47.86249923706055,47.967498779296875,47.29999923706055,47.4375,62138000,45.80112034606317
2018-07-18,44.86122512817383,47.599998474121094,47.95000076293945,47.48249816894531,47.94499969482422,65573600,45.54992011664634
2018-07-19,45.209938049316406,47.970001220703125,48.13750076293945,47.42250061035156,47.42250061035156,81147200,45.903986365535104
2018-07-20,45.10627746582031,47.86000061035156,48.10749816894531,47.54249954223633,47.94499969482422,82704800,45.798734418357974
2018-07-23,45.14631271362305,47.90250015258789,47.9900016784668,47.38999938964844,47.66999816894531,63957600,45.839384274309396
2018-07-24,45.47383117675781,48.25,48.415000915527344,48.01250076293945,48.11249923706055,74791600,46.17193069474022
2018-07-25,45.902645111083984,48.70500183105469,48.712501525878906,48.10749816894531,48.26499938964844,66839600,46.60732764160592
2018-07-26,45.75892639160156,48.5525016784668,48.9900016784668,48.40250015258789,48.65250015258789,76304000,46.461402598921794
2018-07-27,44.99788284301758,47.744998931884766,48.79750061035156,47.525001525878906,48.747501373291016,96096000,45.688675756437085
2018-07-30,44.74577713012695,47.477500915527344,48.04999923706055,47.26750183105469,47.974998474121094,84118000,45.43269979835059
2018-07-31,44.83531188964844,47.5724983215332,48.03499984741211,47.334999084472656,47.57500076293945,157492000,45.52360906648169
2018-08-01,47.4765510559082,50.375,50.439998626708984,49.32749938964844,49.782501220703125,271742800,48.205395680386125
2018-08-02,48.86433792114258,51.84749984741211,52.095001220703125,50.087501525878906,50.14500045776367,249616000,49.61448739978853
2018-08-03,49.00571060180664,51.997501373291016,52.185001373291016,51.369998931884766,51.75749969482422,133789600,49.75803038802672
2018-08-06,49.26017379760742,52.26750183105469,52.3125,51.76750183105469,52.0,101701600,50.01640002033694
2018-08-07,48.79836654663086,51.77750015258789,52.375,51.689998626708984,52.33000183105469,102349600,49.54750325411688
2018-08-08,48.831356048583984,51.8125,51.95249938964844,51.130001068115234,51.51250076293945,90102000,49.58099920021197
2018-08-09,49.215396881103516,52.220001220703125,52.44499969482422,51.79999923706055,52.38249969482422,93970400,49.97093570312323
2018-08-10,49.06880569458008,51.88249969482422,52.275001525878906,51.66749954223633,51.84000015258789,98444800,49.822094096215054
2018-08-13,49.38563537597656,52.217498779296875,52.73749923706055,51.92499923706055,52.32749938964844,103563600,50.143787644194624
2018-08-14,49.59371566772461,52.4375,52.63999938964844,52.064998626708984,52.540000915527344,82992000,50.355062317141964
2018-08-15,49.70956039428711,52.560001373291016,52.685001373291016,52.08250045776367,52.30500030517578,115230400,50.47268545440093
2018-08-16,50.43782043457031,53.33000183105469,53.45249938964844,52.86750030517578,52.9375,114001600,51.21212550679069
2018-08-17,51.4450569152832,54.39500045776367,54.48749923706055,53.290000915527344,53.36000061035156,141708000,52.234824755506274
2018-08-20,50.94379806518555,53.8650016784668,54.79499816894531,53.77750015258789,54.525001525878906,121150800,51.72587074200184
2018-08-21,50.844486236572266,53.7599983215332,54.29750061035156,53.50749969482422,54.20000076293945,104639200,51.62503431038303
2018-08-22,50.84685134887695,53.76250076293945,54.09000015258789,53.459999084472656,53.525001525878906,76072400,51.627435731125274
2018-08-23,50.95088195800781,53.872501373291016,54.26250076293945,53.650001525878906,53.662498474121094,75532800,51.733063384450794
2018-08-24,51.10929870605469,54.040000915527344,54.224998474121094,53.77750015258789,54.150001525878906,73905600,51.893912095070206
2018-08-27,51.530174255371094,54.48500061035156,54.685001373291016,54.08250045776367,54.287498474121094,82100400,52.32124878941234
2018-08-28,51.9463005065918,54.92499923706055,55.1349983215332,54.72999954223633,54.752498626708984,91107200,52.74376327597367
2018-08-29,52.72184753417969,55.744998931884766,55.872501373291016,54.852500915527344,55.037498474121094,109019200,53.53121625017132
2018-08-30,53.206546783447266,56.25749969482422,57.064998626708984,55.599998474121094,55.8125,195175200,54.02335644522076
2018-08-31,53.8213005065918,56.907501220703125,57.217498779296875,56.5,56.627498626708984,173360400,54.647547668278975
2018-09-04,53.993896484375,57.09000015258789,57.29499816894531,56.657501220703125,57.102500915527344,109560400,54.822793283574086
2018-09-05,53.641597747802734,56.717498779296875,57.41749954223633,56.275001525878906,57.247501373291016,133332000,54.46508617097933
2018-09-06,52.75020980834961,55.775001525878906,56.837501525878906,55.32500076293945,56.557498931884766,137160000,53.56001393278198
2018-09-07,52.32462692260742,55.32500076293945,56.342498779296875,55.1775016784668,55.462501525878906,150479200,53.12789763651092
2018-09-10,51.62238693237305,54.58250045776367,55.462501525878906,54.11750030517578,55.23749923706055,158066000,52.41487708554514
2018-09-11,52.92755126953125,55.962501525878906,56.07500076293945,54.13999938964844,54.502498626708984,142996000,53.74007788259863
2018-09-12,52.27023696899414,55.26750183105469,56.25,54.959999084472656,56.23500061035156,197114800,53.072672705957764
2018-09-13,53.532840728759766,56.602500915527344,57.087501525878906,55.64250183105469,55.880001068115234,166825600,54.35465954942858
2018-09-14,52.925174713134766,55.959999084472656,56.709999084472656,55.630001068115234,56.4375,127997200,53.737664842078594
2018-09-17,51.5159912109375,54.470001220703125,55.73749923706055,54.317501068115234,55.537498474121094,148780400,52.30684801147738
2018-09-18,51.60110855102539,54.560001373291016,55.462501525878906,54.279998779296875,54.4474983215332,126286800,52.39327204538344
2018-09-19,51.6318473815918,54.592498779296875,54.904998779296875,53.82500076293945,54.625,108495200,52.42448276851413
2018-09-20,52.02434158325195,55.00749969482422,55.56999969482422,54.787498474121094,55.060001373291016,106435200,52.8230024139493
2018-09-21,51.46397399902344,54.415000915527344,55.34000015258789,54.3224983215332,55.19499969482422,384986800,52.25403224818499
2018-09-24,52.20403289794922,55.1974983215332,55.314998626708984,54.157501220703125,54.20500183105469,110773600,53.00545229147115
2018-09-25,52.53504943847656,55.54750061035156,55.70500183105469,54.92499923706055,54.9375,98217600,53.34155049064494
2018-09-26,52.116546630859375,55.10499954223633,55.9375,54.939998626708984,55.25,95938800,52.916622963563576
2018-09-27,53.18763732910156,56.23749923706055,56.61000061035156,55.8849983215332,55.95500183105469,120724800,54.00415669906057
2018-09-28,53.374427795410156,56.435001373291016,56.459999084472656,56.005001068115234,56.1974983215332,91717600,54.19381471206843
2018-10-01,53.733802795410156,56.814998626708984,57.35499954223633,56.587501525878906,56.98749923706055,94403200,54.55870672059361
2018-10-02,54.211429595947266,57.31999969482422,57.5,56.657501220703125,56.8125,99152800,55.043665892971894
2018-10-03,54.871097564697266,58.01750183105469,58.36750030517578,57.44499969482422,57.51250076293945,114619200,55.71346087057722
2018-10-04,53.906410217285156,56.997501373291016,58.087501525878906,56.682498931884766,57.69499969482422,128168000,54.73396395566651
2018-10-05,53.031585693359375,56.0724983215332,57.102500915527344,55.14500045776367,56.9900016784668,134322000,53.84570940918341
2018-10-08,52.90862274169922,55.942501068115234,56.20000076293945,55.04999923706055,55.5525016784668,118655600,53.72085877014213
2018-10-09,53.641597747802734,56.717498779296875,56.817501068115234,55.5625,55.90999984741211,107564000,54.46508617097933
2018-10-10,51.15658950805664,54.09000015258789,56.587501525878906,54.01250076293945,56.3650016784668,167962400,51.94192889013736
2018-10-11,50.704986572265625,53.61249923706055,54.875,53.08000183105469,53.630001068115234,212497600,51.48339309244233
2018-10-12,52.51613998413086,55.52750015258789,55.720001220703125,54.209999084472656,55.10499954223633,161351600,53.322350744484744
2018-10-15,51.39303207397461,54.34000015258789,55.45750045776367,54.317501068115234,55.290000915527344,123164000,52.18200124569536
2018-10-16,52.52559280395508,55.537498474121094,55.747501373291016,54.189998626708984,54.73249816894531,116736000,53.33194868093521
2018-10-17,52.298606872558594,55.29750061035156,55.65999984741211,54.834999084472656,55.57500076293945,91541600,53.10147813508694
2018-10-18,51.076194763183594,54.005001068115234,54.935001373291016,53.25,54.46500015258789,130325200,51.86029995119727
2018-10-19,51.85409164428711,54.82749938964844,55.314998626708984,54.35749816894531,54.51499938964844,132314800,52.650138853100124
2018-10-22,52.170928955078125,55.162498474121094,55.84000015258789,54.73500061035156,54.9474983215332,115168400,52.971840147598215
2018-10-23,52.66273498535156,55.682498931884766,55.8125,53.67499923706055,53.95750045776367,155071200,53.47119622465219
2018-10-24,50.85629653930664,53.772499084472656,56.057498931884766,53.6349983215332,55.650001525878906,163702000,51.637025921057216
2018-10-25,51.96996307373047,54.95000076293945,55.345001220703125,54.1875,54.4275016784668,119423200,52.767789103173925
2018-10-26,51.142417907714844,54.07500076293945,55.04750061035156,53.16749954223633,53.974998474121094,189033600,51.92753973198019
2018-10-29,50.18246078491211,53.060001373291016,54.92250061035156,51.522499084472656,54.79750061035156,183742000,50.952845658553976
2018-10-30,50.43307876586914,53.32500076293945,53.79499816894531,52.317501068115234,52.787498474121094,146640000,51.20731104552841
2018-10-31,51.747703552246094,54.71500015258789,55.11249923706055,54.154998779296875,54.220001220703125,153435600,52.542117525550886
2018-11-01,52.54214096069336,55.55500030517578,55.59000015258789,54.20249938964844,54.76250076293945,233292800,53.34875087961242
2018-11-02,49.0569953918457,51.869998931884766,53.412498474121094,51.35749816894531,52.38750076293945,365314800,49.81010248554087
2018-11-05,47.664344787597656,50.397499084472656,51.09749984741211,49.54249954223633,51.07500076293945,264654800,48.39607236057981
2018-11-06,48.17979049682617,50.942501068115234,51.18000030517578,50.42250061035156,50.47999954223633,127531600,48.91943102527847
2018-11-07,49.6409912109375,52.48749923706055,52.51499938964844,51.032501220703125,51.49250030517578,133697600,50.40306361917207
2018-11-08,49.467803955078125,52.122501373291016,52.529998779296875,51.6875,52.494998931884766,101450400,50.2272176486914
2018-11-09,48.51398849487305,51.11750030517578,51.502498626708984,50.5625,51.38750076293945,137463200,49.258759522676506
2018-11-12,46.07014083862305,48.54249954223633,49.962501525878906,48.4474983215332,49.75,204542000,46.77739470926816
2018-11-13,45.60983657836914,48.057498931884766,49.29499816894531,47.86249923706055,47.907501220703125,187531600,46.310024007197214
2018-11-14,44.32147979736328,46.70000076293945,48.619998931884766,46.48249816894531,48.474998474121094,243204000,45.00188879045073
2018-11-15,45.41527557373047,47.852500915527344,47.99250030517578,46.724998474121094,47.09749984741211,185915200,46.112476165073296
2018-11-16,45.91828918457031,48.38249969482422,48.74250030517578,47.3650016784668,47.625,147713200,46.62321187783811
2018-11-19,44.098445892333984,46.46500015258789,47.67499923706055,46.247501373291016,47.5,167701200,44.77543094119756
2018-11-20,41.991512298583984,44.244998931884766,45.36750030517578,43.877498626708984,44.592498779296875,271300800,42.63615238578158
2018-11-21,41.944061279296875,44.19499969482422,45.067501068115234,44.13750076293945,44.932498931884766,124496800,42.58797291382543
2018-11-23,40.87873840332031,43.0724983215332,44.150001525878906,43.025001525878906,43.73500061035156,94496000,41.506295546332105
2018-11-26,41.43156814575195,43.654998779296875,43.73749923706055,42.564998626708984,43.560001373291016,179994000,42.067612151795316
2018-11-27,41.34141159057617,43.560001373291016,43.692501068115234,42.720001220703125,42.877498626708984,165549600,41.97607154240456
2018-11-28,42.93109130859375,45.23500061035156,45.3224983215332,43.73249816894531,44.182498931884766,184250000,43.59015550823185
2018-11-29,42.601295471191406,44.88750076293945,45.70000076293945,44.42499923706055,45.665000915527344,167080000,43.2552967520218
2018-11-30,42.37113952636719,44.64500045776367,45.08250045776367,44.25749969482422,45.0724983215332,158126000,43.02160752772706
2018-12-03,43.851688385009766,46.20500183105469,46.23500061035156,45.3025016784668,46.1150016784668,163210000,44.52488529259596
2018-12-04,41.92271423339844,44.17250061035156,45.59749984741211,44.067501068115234,45.23749923706055,165377200,42.566298154997014
2018-12-06,41.45529556274414,43.68000030517578,43.69499969482422,42.60499954223633,42.939998626708984,172393600,42.09170382440302
2018-12-07,39.97711944580078,42.122501373291016,43.622501373291016,42.07500076293945,43.372501373291016,169126400,40.5908352267949
2018-12-10,40.2404899597168,42.400001525878906,42.522499084472656,40.83250045776367,41.25,248104000,40.858248919481156
2018-12-11,40.01033401489258,42.157501220703125,42.9474983215332,41.75,42.915000915527344,189126800,40.62455969518642
2018-12-12,40.12185287475586,42.275001525878906,42.97999954223633,42.255001068115234,42.599998474121094,142510800,40.73779055644263
2018-12-13,40.560791015625,42.73749923706055,43.14250183105469,42.38750076293945,42.622501373291016,127594400,41.183467133388866
2018-12-14,39.262939453125,41.369998931884766,42.27000045776367,41.31999969482422,42.25,162814800,39.86569137434004
2018-12-17,38.897544860839844,40.98500061035156,42.087501525878906,40.682498931884766,41.36249923706055,177151600,39.494687362699906
2018-12-18,39.40293502807617,41.51750183105469,41.88249969482422,41.09749984741211,41.345001220703125,135366000,40.00783611598475
2018-12-19,38.173885345458984,40.22249984741211,41.86249923706055,39.772499084472656,41.5,196189200,38.75991846097975
2018-12-20,37.21057891845703,39.20750045776367,40.52750015258789,38.82500076293945,40.099998474121094,259092000,37.78182366592177
2018-12-21,35.76325225830078,37.682498931884766,39.540000915527344,37.407501220703125,39.21500015258789,382978400,36.312278115962926
2018-12-24,34.83790969848633,36.70750045776367,37.88750076293945,36.647499084472656,37.037498474121094,148676800,35.37272999707727
2018-12-26,37.29125213623047,39.29249954223633,39.307498931884766,36.68000030517578,37.07500076293945,234330000,37.86373535278796
2018-12-27,37.04923629760742,39.037498474121094,39.192501068115234,37.51750183105469,38.959999084472656,212468400,37.61800416544864
2018-12-28,37.06822967529297,39.057498931884766,39.630001068115234,38.63750076293945,39.375,169165600,37.637289123312584
2018-12-31,37.426483154296875,39.435001373291016,39.84000015258789,39.119998931884766,39.63249969482422,140014000,38.00104239361483
2019-01-02,37.46921157836914,39.47999954223633,39.712501525878906,38.557498931884766,38.72249984741211,148158800,38.044426770605014
2019-01-03,33.73699188232422,35.54750061035156,36.43000030517578,35.5,35.994998931884766,365248800,34.25491124741313
2019-01-04,35.17720413208008,37.064998626708984,37.13750076293945,35.95000076293945,36.13249969482422,234428400,35.71723316884893
2019-01-07,35.09890365600586,36.98249816894531,37.20750045776367,36.474998474121094,37.17499923706055,219111200,35.6377306492435
2019-01-08,35.76799011230469,37.6875,37.95500183105469,37.130001068115234,37.38999938964844,164101200,36.31708870396594
2019-01-09,36.37541198730469,38.32749938964844,38.63249969482422,37.407501220703125,37.8224983215332,180396400,36.93383552272318
2019-01-10,36.49167251586914,38.45000076293945,38.49250030517578,37.71500015258789,38.125,143122800,37.05188084524167
2019-01-11,36.13338851928711,38.0724983215332,38.42499923706055,37.877498626708984,38.220001220703125,108092800,36.688096588865335
2019-01-14,35.59004211425781,37.5,37.817501068115234,37.30500030517578,37.712501525878906,129756800,36.13640890592668
2019-01-15,36.318458557128906,38.26750183105469,38.34749984741211,37.51250076293945,37.567501068115234,114843600,36.87600776194617
2019-01-16,36.762149810791016,38.73500061035156,38.970001220703125,38.25,38.27000045776367,122278800,37.32651041993246
2019-01-17,36.98042678833008,38.96500015258789,39.415000915527344,38.314998626708984,38.54999923706055,119284800,37.548138314886295
2019-01-18,37.20820999145508,39.20500183105469,39.470001220703125,38.994998931884766,39.375,135004000,37.77941837192026
2019-01-22,36.37303161621094,38.32500076293945,39.182498931884766,38.154998779296875,39.102500915527344,121576000,36.931418608943886
2019-01-23,36.5201301574707,38.47999954223633,38.78499984741211,37.92499923706055,38.537498474121094,92522400,37.08077535933387
2019-01-24,36.230674743652344,38.17499923706055,38.619998931884766,37.935001373291016,38.52750015258789,101766000,36.78687631981618
2019-01-25,37.43123245239258,39.439998626708984,39.532501220703125,38.58000183105469,38.869998931884766,134142000,38.005864601395636
2019-01-28,37.08483123779297,39.07500076293945,39.08250045776367,38.415000915527344,38.9474983215332,104768400,37.65414554761946
2019-01-29,36.70045852661133,38.66999816894531,39.532501220703125,38.52750015258789,39.0625,166348800,37.26387207115243
2019-01-30,39.20835876464844,41.3125,41.537498474121094,40.057498931884766,40.8125,244439200,39.81027278082379
2019-01-31,39.49071502685547,41.61000061035156,42.25,41.13999938964844,41.52750015258789,162958400,40.096963684855474
2019-02-01,39.509708404541016,41.630001068115234,42.244998931884766,41.48249816894531,41.7400016784668,130672400,40.11624864271943
2019-02-04,40.63197708129883,42.8125,42.915000915527344,41.81999969482422,41.852500915527344,125982000,41.255746024471236
2019-02-05,41.327152252197266,43.54499816894531,43.77000045776367,43.087501525878906,43.21500015258789,144406400,41.96159329928437
2019-02-06,41.34141159057617,43.560001373291016,43.89250183105469,43.212501525878906,43.662498474121094,112958400,41.97607154240456
2019-02-07,40.55841064453125,42.73500061035156,43.48500061035156,42.584999084472656,43.099998474121094,126966800,41.18105021960957
2019-02-08,40.6060791015625,42.602500915527344,42.665000915527344,42.10499954223633,42.247501373291016,95280000,41.22945046734363
2019-02-11,40.37255096435547,42.35749816894531,42.8025016784668,42.3125,42.76250076293945,83973600,40.992337281861566
2019-02-12,40.720458984375,42.72249984741211,42.75,42.42499923706055,42.525001525878906,89134000,41.34558627304611
2019-02-13,40.5512580871582,42.54499816894531,43.119998931884766,42.47999954223633,42.84749984741211,89960800,41.1737878584939
2019-02-14,40.69900894165039,42.70000076293945,42.814998626708984,42.345001220703125,42.4275016784668,87342800,41.323806936217636
2019-02-15,40.608463287353516,42.60499954223633,42.92499923706055,42.4375,42.8125,98507200,41.23187125438219
2019-02-19,40.72998809814453,42.73249816894531,42.86000061035156,42.372501373291016,42.4275016784668,75891200,41.35526167468181
2019-02-20,40.992103576660156,43.00749969482422,43.33000183105469,42.747501373291016,42.79750061035156,104457600,41.62140106507098
2019-02-21,40.76096725463867,42.76499938964844,43.092498779296875,42.57500076293945,42.95000076293945,68998800,41.38671641314598
2019-02-22,41.216087341308594,43.24250030517578,43.25,42.845001220703125,42.89500045776367,75652800,41.8488233558803
2019-02-25,41.516319274902344,43.557498931884766,43.967498779296875,43.48749923706055,43.540000915527344,87493600,42.15366435281226
2019-02-26,41.5401611328125,43.58250045776367,43.82500076293945,43.29249954223633,43.4275016784668,68280800,42.17787222319781
2019-02-27,41.668827056884766,43.717498779296875,43.75,43.182498931884766,43.3025016784668,111341600,42.308513384835315
2019-02-28,41.258975982666016,43.287498474121094,43.727500915527344,43.22999954223633,43.58000183105469,112861600,41.892370409759465
2019-03-01,41.692649841308594,43.74250030517578,43.787498474121094,43.22249984741211,43.56999969482422,103544800,42.33270188892456
2019-03-04,41.90234375,43.962501525878906,44.4375,43.49250030517578,43.92250061035156,109744800,42.5456149505396
2019-03-05,41.82610321044922,43.88249969482422,44.0,43.6349983215332,43.98500061035156,78949600,42.468203990935486
2019-03-06,41.585418701171875,43.630001068115234,43.872501373291016,43.48500061035156,43.66749954223633,83241600,42.22382457107849
2019-03-07,41.10409927368164,43.125,43.61000061035156,43.005001068115234,43.467498779296875,99185600,41.7351160837349
2019-03-08,41.20178985595703,43.227500915527344,43.26750183105469,42.375,42.58000183105469,95997600,41.83430638016749
2019-03-11,42.629127502441406,44.724998474121094,44.779998779296875,43.837501525878906,43.872501373291016,128044000,43.283556051595085
2019-03-12,43.108062744140625,45.227500915527344,45.66749954223633,44.842498779296875,45.0,129870400,43.76984375190012
2019-03-13,43.2986946105957,45.4275016784668,45.82500076293945,45.22999954223633,45.5625,124130000,43.9634021369845
2019-03-14,43.780025482177734,45.932498931884766,46.025001525878906,45.63999938964844,45.974998474121094,94318000,44.45212224410587
2019-03-15,44.34952926635742,46.529998779296875,46.83250045776367,45.935001373291016,46.212501525878906,156171600,45.030368865801925
2019-03-18,44.802268981933594,47.005001068115234,47.09749984741211,46.4474983215332,46.45000076293945,104879200,45.49005889475694
2019-03-19,44.447227478027344,46.63249969482422,47.247501373291016,46.47999954223633,47.087501525878906,126585600,45.129566908753034
2019-03-20,44.83562469482422,47.040000915527344,47.372501373291016,46.182498931884766,46.557498931884766,124140800,45.52392667374115
2019-03-21,46.486942291259766,48.772499084472656,49.08250045776367,47.45249938964844,47.505001068115234,204136800,47.20059476271881
2019-03-22,45.52427291870117,47.76250076293945,49.42250061035156,47.69499969482422,48.834999084472656,169630800,46.223146801957526
2019-03-25,44.97383499145508,47.185001373291016,47.994998931884766,46.650001525878906,47.877498626708984,175381200,45.6642587300514
2019-03-26,44.50917434692383,46.6974983215332,48.220001220703125,46.14500045776367,47.915000915527344,199202000,45.1924647659036
2019-03-27,44.909488677978516,47.11750030517578,47.439998626708984,46.63750076293945,47.1875,119393600,45.59892459282523
2019-03-28,44.96906661987305,47.18000030517578,47.38999938964844,46.88249969482422,47.23749923706055,83121600,45.65941715597429
2019-03-29,45.26216125488281,47.48749923706055,47.52000045776367,47.1349983215332,47.45750045776367,94256000,45.95701128482763
2019-04-01,45.56954574584961,47.810001373291016,47.91999816894531,47.095001220703125,47.90999984741211,111448000,46.26911464287525
2019-04-02,46.231971740722656,48.505001068115234,48.6150016784668,47.76250076293945,47.772499084472656,91062800,46.94170998692678
2019-04-03,46.548912048339844,48.837501525878906,49.125,48.287498474121094,48.3125,93087200,47.26351585942494
2019-04-04,46.62992477416992,48.92250061035156,49.092498779296875,48.28499984741211,48.6974983215332,76457200,47.34577226636543
2019-04-05,46.94207000732422,49.25,49.275001525878906,48.98249816894531,49.11249923706055,74106400,47.662709451971644
2019-04-08,47.68073654174805,50.025001525878906,50.057498931884766,49.084999084472656,49.10499954223633,103526800,48.41271575562728
2019-04-09,47.537776947021484,49.875,50.712501525878906,49.807498931884766,50.08000183105469,143072800,48.267561491536235
2019-04-10,47.80466079711914,50.154998779296875,50.185001373291016,49.54499816894531,49.66999816894531,86781200,48.53854245600251
2019-04-11,47.40671920776367,49.73749923706055,50.25,49.61000061035156,50.212501525878906,83603200,48.13449179634165
2019-04-12,47.38766098022461,49.717498779296875,50.03499984741211,49.0525016784668,49.79999923706055,111042800,48.115140993070256
2019-04-15,47.47343444824219,49.807498931884766,49.962501525878906,49.502498626708984,49.64500045776367,70146400,48.20223122756933
2019-04-16,47.47821807861328,49.8125,50.342498779296875,49.63999938964844,49.8650016784668,102785600,48.20708829468349
2019-04-17,48.40275192260742,50.782501220703125,50.845001220703125,49.65250015258789,49.8849983215332,115627200,49.14581528260566
2019-04-18,48.576690673828125,50.96500015258789,51.037498474121094,50.630001068115234,50.779998779296875,96783200,49.322424285160885
2019-04-22,48.73634719848633,51.13249969482422,51.23500061035156,50.584999084472656,50.70750045776367,77758000,49.48453180504035
2019-04-23,49.43928527832031,51.869998931884766,51.9375,50.974998474121094,51.10749816894531,93292000,50.19826116245101
2019-04-24,49.363037109375,51.790000915527344,52.119998931884766,51.76250076293945,51.84000015258789,70162400,50.120842456328376
2019-04-25,48.91505432128906,51.31999969482422,51.939998626708984,51.279998779296875,51.70750045776367,74172800,49.665982381672684
2019-04-26,48.68153762817383,51.07500076293945,51.25,50.529998779296875,51.224998474121094,74596400,49.428880815968405
2019-04-29,48.755401611328125,51.15250015258789,51.49250030517578,50.96500015258789,51.099998474121094,88818800,49.50387873505248
2019-04-30,47.81657791137695,50.16749954223633,50.849998474121094,49.77750015258789,50.76499938964844,186139600,48.550642517936026
2019-05-01,50.16367721557617,52.630001068115234,53.82749938964844,52.307498931884766,52.470001220703125,259309200,50.93377372994942
2019-05-02,49.83721923828125,52.287498474121094,53.162498474121094,52.032501220703125,52.459999084472656,127985200,50.60230407559335
2019-05-03,50.456756591796875,52.9375,52.959999084472656,52.557498931884766,52.72249984741211,83569600,51.23135236576571
2019-05-06,49.677574157714844,52.119998931884766,52.209999084472656,50.875,51.0724983215332,129772400,50.44020817549167
2019-05-07,48.33841323852539,50.71500015258789,51.85499954223633,50.20750045776367,51.470001220703125,155054800,49.080488891898014
2019-05-08,48.34794235229492,50.724998474121094,51.334999084472656,50.4375,50.474998474121094,105358000,49.09016429353371
2019-05-09,47.82848358154297,50.18000030517578,50.41999816894531,49.165000915527344,50.099998474121094,139634400,48.562730960091756
2019-05-10,47.16588592529297,49.29499816894531,49.712501525878906,48.192501068115234,49.35499954223633,164834800,47.88996131937345
2019-05-13,44.42463684082031,46.43000030517578,47.369998931884766,45.712501525878906,46.9275016784668,229722400,45.10662946740531
2019-05-14,45.12788009643555,47.165000915527344,47.42499923706055,46.352500915527344,46.602500915527344,146118800,45.82066868555692
2019-05-15,45.66849136352539,47.72999954223633,47.9375,46.505001068115234,46.567501068115234,106178800,46.36957924160494
2019-05-16,45.46755599975586,47.52000045776367,48.11750030517578,47.209999084472656,47.477500915527344,132125600,46.16555918325474
2019-05-17,45.20922088623047,47.25,47.724998474121094,46.689998626708984,46.73249816894531,131516400,45.903258192793906
2019-05-20,43.795536041259766,45.772499084472656,46.087501525878906,45.06999969482422,45.880001068115234,154449200,44.4678709162639
2019-05-21,44.6351432800293,46.650001525878906,47.0,46.17499923706055,46.30500030517578,113459200,45.32036753324309
2019-05-22,43.72138977050781,45.69499969482422,46.4275016784668,45.63750076293945,46.165000915527344,118994400,44.392586375994455
2019-05-23,42.97507858276367,44.915000915527344,45.1349983215332,44.45249938964844,44.95000076293945,146118800,43.634818060778386
2019-05-24,42.81001663208008,44.74250030517578,45.53499984741211,44.654998779296875,45.04999923706055,94858800,43.46722213252511
2019-05-28,42.63300323486328,44.557498931884766,45.147499084472656,44.477500915527344,44.72999954223633,111792800,43.28749128300496
2019-05-29,42.429691314697266,44.345001220703125,44.837501525878906,44.0,44.10499954223633,113924800,43.081058184134726
2019-05-30,42.649749755859375,44.57500076293945,44.807498931884766,44.16749954223633,44.48749923706055,84873600,43.30449489116377
2019-05-31,41.87713623046875,43.76750183105469,44.497501373291016,43.747501373291016,44.057498931884766,108174400,42.52002045333836
2019-06-03,41.4537467956543,43.32500076293945,44.47999954223633,42.567501068115234,43.900001525878906,161584400,42.090131281142774
2019-06-04,42.970306396484375,44.90999984741211,44.95750045776367,43.630001068115234,43.86000061035156,123872000,43.62997261344201
2019-06-05,43.663970947265625,45.6349983215332,46.247501373291016,45.28499984741211,46.06999969482422,119093600,44.334286077587514
2019-06-06,44.3050422668457,46.30500030517578,46.36750030517578,45.537498474121094,45.77000045776367,90105200,44.985198916292106
2019-06-07,45.484310150146484,47.537498474121094,47.97999954223633,46.442501068115234,46.627498626708984,122737600,46.18257053793208
2019-06-10,46.06556701660156,48.14500045776367,48.842498779296875,47.904998779296875,47.95249938964844,104883600,46.77275067141339
2019-06-11,46.59897994995117,48.70249938964844,49.0,48.400001525878906,48.71500015258789,107731600,47.31435238723461
2019-06-12,46.45068359375,48.54750061035156,48.99250030517578,48.34749984741211,48.48749923706055,73012800,47.16377943343645
2019-06-13,46.44110870361328,48.537498474121094,49.1974983215332,48.400001525878906,48.67499923706055,86698400,47.154057552689615
2019-06-14,46.103824615478516,48.185001373291016,48.397499084472656,47.57500076293945,47.88750076293945,75046000,46.81159558854887
2019-06-17,46.3789176940918,48.47249984741211,48.7400016784668,48.04249954223633,48.224998474121094,58676400,47.0909118069463
2019-06-18,47.46968078613281,49.61249923706055,50.0724983215332,48.8025016784668,49.01250076293945,106204000,48.19841994045583
2019-06-19,47.330936431884766,49.467498779296875,49.970001220703125,49.32749938964844,49.91999816894531,84496800,48.05754562784894
2019-06-20,47.711265563964844,49.8650016784668,50.15250015258789,49.50749969482422,50.092498779296875,86056000,48.44371344949858
2019-06-21,47.548614501953125,49.69499969482422,50.212501525878906,49.537498474121094,49.70000076293945,191202400,48.27856542109869
2019-06-24,47.50077438354492,49.64500045776367,50.040000915527344,49.54249954223633,49.6349983215332,72881600,48.229990876697855
2019-06-25,46.78078079223633,48.89250183105469,49.814998626708984,48.8224983215332,49.60749816894531,84281200,47.49894417712817
2019-06-26,47.792606353759766,49.95000076293945,50.247501373291016,49.337501525878906,49.442501068115234,104270000,48.52630295673557
2019-06-27,47.77825164794922,49.935001373291016,50.39250183105469,49.89250183105469,50.0724983215332,83598800,48.51172788213384
2019-06-28,47.3428955078125,49.47999954223633,49.875,49.26250076293945,49.66999816894531,124442400,48.069688295634336
2019-07-01,48.211204528808594,50.38750076293945,51.122501373291016,50.162498474121094,50.79249954223633,109012000,48.95132731529848
2019-07-02,48.493473052978516,50.682498931884766,50.782501220703125,50.34000015258789,50.352500915527344,67740800,49.23792913436714
2019-07-03,48.895328521728516,51.102500915527344,51.11000061035156,50.67250061035156,50.81999969482422,45448000,49.645953758030494
2019-07-05,48.85226821899414,51.057498931884766,51.27000045776367,50.724998474121094,50.837501525878906,69062000,49.60223240748455
2019-07-08,47.84523391723633,50.005001068115234,50.349998474121094,49.602500915527344,50.20249938964844,101354400,48.57973844150983
2019-07-09,48.13705825805664,50.310001373291016,50.377498626708984,49.70249938964844,49.79999923706055,82312000,48.87604277502903
2019-07-10,48.61306381225586,50.807498931884766,50.932498931884766,50.38999938964844,50.462501525878906,71588400,49.35935581222109
2019-07-11,48.259056091308594,50.4375,51.09749984741211,50.4275016784668,50.82749938964844,80767200,48.9999134794771
2019-07-12,48.62980651855469,50.82500076293945,51.0,50.54999923706055,50.61249923706055,70380800,49.37635554712064
2019-07-15,49.08669662475586,51.3025016784668,51.467498779296875,51.0,51.022499084472656,67789600,49.84025968215238
2019-07-16,48.9168586730957,51.125,51.52750015258789,50.875,51.147499084472656,67467200,49.66781443330346
2019-07-17,48.641780853271484,50.837501525878906,51.272499084472656,50.817501068115234,51.01250076293945,56430000,49.38851370794308
2019-07-18,49.194332122802734,51.415000915527344,51.470001220703125,50.92499923706055,51.0,74162400,49.94954756548019
2019-07-19,48.4599723815918,50.647499084472656,51.625,50.59000015258789,51.4474983215332,83717200,49.20391417153099
2019-07-22,49.56748580932617,51.80500030517578,51.807498931884766,50.90250015258789,50.912498474121094,89111600,50.32842978645859
2019-07-23,49.95499038696289,52.209999084472656,52.227500915527344,51.8224983215332,52.1150016784668,73420800,50.72188320877947
2019-07-24,49.914329528808594,52.16749954223633,52.287498474121094,51.79249954223633,51.91749954223633,59966400,50.68059813830913
2019-07-25,49.519649505615234,51.755001068115234,52.310001373291016,51.682498931884766,52.22249984741211,55638400,50.27985911531702
2019-07-26,49.69187545776367,51.935001373291016,52.432498931884766,51.78499984741211,51.869998931884766,70475600,50.454729024463745
2019-07-29,50.15592575073242,52.41999816894531,52.65999984741211,52.11000061035156,52.1150016784668,86693600,50.92590326712967
2019-07-30,49.94063186645508,52.19499969482422,52.540000915527344,51.82749938964844,52.189998626708984,135742800,50.70730426091847
2019-07-31,50.95964050292969,53.2599983215332,55.342498779296875,52.82500076293945,54.10499954223633,277125600,51.74195638771563
2019-08-01,49.856929779052734,52.10749816894531,54.50749969482422,51.685001373291016,53.474998474121094,216071600,50.622317206198495
2019-08-02,48.80203628540039,51.005001068115234,51.60749816894531,50.407501220703125,51.38249969482422,163448400,49.55122932952663
2019-08-05,46.247352600097656,48.334999084472656,49.662498474121094,48.14500045776367,49.497501373291016,209572000,46.95732696826991
2019-08-06,47.122840881347656,49.25,49.51750183105469,48.5099983215332,49.07749938964844,143299200,47.84625546186455
2019-08-07,47.61080551147461,49.7599983215332,49.88999938964844,48.45500183105469,48.852500915527344,133457600,48.341711166842
2019-08-08,48.660911560058594,50.85749816894531,50.88249969482422,49.84749984741211,50.04999923706055,108038000,49.40793810314045
2019-08-09,48.259918212890625,50.247501373291016,50.689998626708984,49.8224983215332,50.32500076293945,98478800,49.00078883607024
2019-08-12,48.13747024536133,50.119998931884766,50.51250076293945,49.787498474121094,49.904998779296875,89927600,48.87646108702929
2019-08-13,50.17601013183594,52.24250030517578,53.03499984741211,50.119998931884766,50.255001068115234,188874000,50.94629597714246
2019-08-14,48.682518005371094,50.6875,51.61000061035156,50.647499084472656,50.790000915527344,146189600,49.429876243598656
2019-08-15,48.44000244140625,50.435001373291016,51.28499984741211,49.91749954223633,50.8650016784668,108909600,49.183637659296046
2019-08-16,49.58292770385742,51.625,51.790000915527344,50.959999084472656,51.06999969482422,110481600,50.34410873994991
2019-08-19,50.50736999511719,52.587501525878906,53.182498931884766,52.50749969482422,52.654998779296875,97654400,51.2827427696498
2019-08-20,50.509761810302734,52.59000015258789,53.337501525878906,52.58000183105469,52.720001220703125,107537200,51.28517130320688
2019-08-21,51.057212829589844,53.15999984741211,53.412498474121094,52.900001525878906,53.247501373291016,86141600,51.841026613111104
2019-08-22,51.013999938964844,53.1150016784668,53.61000061035156,52.6875,53.29750061035156,89014800,51.7971503321947
2019-08-23,48.656097412109375,50.65999984741211,53.01250076293945,50.25,52.35749816894531,187272000,49.4030500499522
2019-08-26,49.580528259277344,51.622501373291016,51.79750061035156,51.26499938964844,51.46500015258789,104174400,50.3416724598743
2019-08-27,49.02107238769531,51.040000915527344,52.13750076293945,50.88249969482422,51.96500015258789,103493200,49.77362800307354
2019-08-28,49.35002899169922,51.38249969482422,51.43000030517578,50.83000183105469,51.025001525878906,63755200,50.10763464224602
2019-08-29,50.18560791015625,52.252498626708984,52.33000183105469,51.665000915527344,52.125,83962000,50.95604109744487
2019-08-30,50.120784759521484,52.185001373291016,52.61249923706055,51.79999923706055,52.540000915527344,84573600,50.89022280281099
2019-09-03,49.39084243774414,51.42499923706055,51.744998931884766,51.05500030517578,51.60749816894531,80092000,50.14907464308683
2019-09-04,50.22883605957031,52.29750061035156,52.369998931884766,51.83000183105469,52.09749984741211,76752400,50.99993287139833
2019-09-05,51.210880279541016,53.31999969482422,53.49250030517578,52.877498626708984,53.0,95654800,51.99705311594972
2019-09-06,51.206077575683594,53.314998626708984,53.60499954223633,53.127498626708984,53.51250076293945,77449200,51.99217668253925
2019-09-09,51.424591064453125,53.54249954223633,54.11000061035156,52.76750183105469,53.709999084472656,109237600,52.21404471956731
2019-09-10,52.03206253051758,54.17499923706055,54.19499969482422,52.9275016784668,53.46500015258789,127111600,52.830841890694956
2019-09-11,53.68643569946289,55.897499084472656,55.9275016784668,54.432498931884766,54.51750183105469,177158400,54.51061246034122
2019-09-12,53.56637191772461,55.772499084472656,56.60499954223633,55.71500015258789,56.20000076293945,128906800,54.38870549833883
2019-09-13,52.524295806884766,54.6875,55.1974983215332,54.255001068115234,55.0,159053200,53.33063177278624
2019-09-16,52.80042266845703,54.974998474121094,55.032501220703125,54.38999938964844,54.432498931884766,84632400,53.610997644443586
2019-09-17,52.99251174926758,55.17499923706055,55.20500183105469,54.779998779296875,54.9900016784668,73274800,53.80603561456593
2019-09-18,53.48955535888672,55.692501068115234,55.712501525878906,54.86000061035156,55.26499938964844,101360000,54.3107096765862
2019-09-19,53.05494689941406,55.2400016784668,55.939998626708984,55.092498779296875,55.502498626708984,88242400,53.86942924890199
2019-09-20,52.279388427734375,54.432498931884766,55.63999938964844,54.36750030517578,55.345001220703125,221652400,53.08196465492655
2019-09-23,52.51708221435547,54.68000030517578,54.959999084472656,54.412498474121094,54.73749923706055,76662000,53.32330743952239
2019-09-24,52.26737594604492,54.41999816894531,55.622501373291016,54.29750061035156,55.25749969482422,124763200,53.06976776151149
2019-09-25,53.07174301147461,55.25749969482422,55.375,54.28499984741211,54.63750076293945,87613600,53.886483209431205
2019-09-26,52.79802322387695,54.97249984741211,55.23500061035156,54.70750045776367,55.0,75334000,53.608561364367986
2019-09-27,52.54111099243164,54.70500183105469,55.2400016784668,54.31999969482422,55.1349983215332,101408000,53.347705099611765
2019-09-30,53.77766799926758,55.99250030517578,56.14500045776367,55.1974983215332,55.224998474121094,103909600,54.60324532884378
2019-10-01,53.926536560058594,56.147499084472656,57.05500030517578,56.04999923706055,56.26750183105469,139223200,54.754399271531184
2019-10-02,52.5747184753418,54.7400016784668,55.89500045776367,54.48249816894531,55.76499938964844,138449200,53.38182851370724
2019-10-03,53.021324157714844,55.20500183105469,55.2400016784668,53.782501220703125,54.60749816894531,114426000,53.835290341769465
2019-10-04,54.50761413574219,56.752498626708984,56.872501373291016,55.97249984741211,56.40999984741211,138478800,55.3443973618272
2019-10-07,54.51961135864258,56.76499938964844,57.48249816894531,56.459999084472656,56.567501068115234,122306000,55.35657876220521
2019-10-08,53.880916595458984,56.099998474121094,57.01499938964844,56.08250045776367,56.45500183105469,111820000,54.70807896402064
2019-10-09,54.51241683959961,56.75749969482422,56.9474983215332,56.40999984741211,56.75749969482422,74770400,55.349273795237664
2019-10-10,55.24715805053711,57.522499084472656,57.61000061035156,56.82500076293945,56.98249816894531,113013600,56.09529451511303
2019-10-11,56.716636657714844,59.0525016784668,59.40999984741211,58.07749938964844,58.23749923706055,166795600,57.5873320816045
2019-10-14,56.63500213623047,58.967498779296875,59.532501220703125,58.66749954223633,58.724998474121094,96427600,57.504444333404365
2019-10-15,56.502933502197266,58.83000183105469,59.412498474121094,58.720001220703125,59.09749984741211,87360000,57.370348224505435
2019-10-16,56.27483367919922,58.592498779296875,58.810001373291016,58.29999923706055,58.342498779296875,73903200,57.13874668695275
2019-10-17,56.49332809448242,58.81999969482422,59.037498474121094,58.380001068115234,58.772499084472656,67585200,57.3605953576845
2019-10-18,56.76466751098633,59.102500915527344,59.39500045776367,58.5724983215332,58.647499084472656,97433600,57.63610028896843
2019-10-21,57.74910354614258,60.127498626708984,60.247501373291016,59.33000183105469,59.380001068115234,87247200,58.6356490670769
2019-10-22,57.61704635620117,59.9900016784668,60.54999923706055,59.904998779296875,60.290000915527344,82293600,58.501564577955754
2019-10-23,58.39020919799805,60.79499816894531,60.810001373291016,60.30500030517578,60.525001525878906,75828800,59.28659676511485
2019-10-24,58.48625946044922,60.89500045776367,61.20000076293945,60.45249938964844,61.127498626708984,69275200,59.38412156006491
2019-10-25,59.20658493041992,61.64500045776367,61.682498931884766,60.720001220703125,60.790000915527344,73477200,60.11550523319036
2019-10-28,59.799659729003906,62.26250076293945,62.3125,61.68000030517578,61.85499954223633,96572800,60.71768472386439
2019-10-29,58.416622161865234,60.8224983215332,62.4375,60.64250183105469,62.24250030517578,142839600,59.31341521224279
2019-10-30,58.409420013427734,60.814998626708984,61.32500076293945,60.3025016784668,61.189998626708984,124522000,59.306102498756715
2019-10-31,59.73002624511719,62.189998626708984,62.29249954223633,59.314998626708984,61.810001373291016,139162000,60.646982249301516
2019-11-01,61.425209045410156,63.95500183105469,63.98249816894531,62.290000915527344,62.3849983215332,151125200,62.36818894652934
2019-11-04,61.82859420776367,64.375,64.4625015258789,63.845001220703125,64.3324966430664,103272000,62.777766747156626
2019-11-05,61.7397575378418,64.28250122070312,64.54750061035156,64.08000183105469,64.26249694824219,79897600,62.68756628547041
2019-11-06,61.766170501708984,64.30999755859375,64.37249755859375,63.842498779296875,64.19249725341797,75864400,62.71438473259835
2019-11-07,62.47903060913086,64.85749816894531,65.0875015258789,64.52749633789062,64.68499755859375,94940400,63.438188437348664
2019-11-08,62.65003967285156,65.03500366210938,65.11000061035156,64.2125015258789,64.67250061035156,69986400,63.611822776790916
2019-11-11,63.14612579345703,65.55000305175781,65.61750030517578,64.56999969482422,64.57499694824219,81821200,64.1155246507365
2019-11-12,63.08832550048828,65.48999786376953,65.69750213623047,65.2300033569336,65.38749694824219,87388800,64.0568370264034
2019-11-13,63.69282913208008,66.11750030517578,66.19499969482422,65.26750183105469,65.28250122070312,102734400,64.67062080182544
2019-11-14,63.25209045410156,65.66000366210938,66.22000122070312,65.5250015258789,65.9375,89182800,64.2231160465077
2019-11-15,64.00349426269531,66.44000244140625,66.44499969482422,65.75250244140625,65.91999816894531,100206400,64.98605516283813
2019-11-18,64.32620239257812,66.7750015258789,66.85749816894531,66.05750274658203,66.44999694824219,86703200,65.31371740333995
2019-11-19,64.1311264038086,66.57250213623047,67.0,66.34750366210938,66.9749984741211,76167200,65.1156466712157
2019-11-20,63.38454818725586,65.79750061035156,66.5199966430664,65.0999984741211,66.38500213623047,106234400,64.35760722785132
2019-11-21,63.10036849975586,65.50250244140625,66.00250244140625,65.29499816894531,65.92250061035156,121395200,64.06906490589255
2019-11-22,63.04499053955078,65.44499969482422,65.79499816894531,65.20999908447266,65.64749908447266,65325200,64.0128368011906
2019-11-25,64.15042114257812,66.59249877929688,66.61000061035156,65.62999725341797,65.67749786376953,84020400,65.13523761656133
2019-11-26,63.64945983886719,66.07250213623047,66.79000091552734,65.625,66.73500061035156,105207600,64.6265857172793
2019-11-27,64.50440979003906,66.95999908447266,66.99500274658203,66.32749938964844,66.3949966430664,65235600,65.49466058300901
2019-11-29,64.36234283447266,66.8125,67.0,66.4749984741211,66.6500015258789,46617600,65.3504126615852
2019-12-02,63.6181640625,66.04000091552734,67.0625,65.86250305175781,66.81749725341797,94487200,64.5948094982964
2019-12-03,62.483829498291016,64.86250305175781,64.88249969482422,64.07250213623047,64.57749938964844,114430400,63.44306099749987
2019-12-04,63.03535842895508,65.43499755859375,65.82749938964844,65.16999816894531,65.26750183105469,67181600,64.00305682155485
2019-12-05,63.96015167236328,66.3949966430664,66.47250366210938,65.68250274658203,65.94750213623047,74424400,64.94204719110681
2019-12-06,65.19561004638672,67.67749786376953,67.75,66.82499694824219,66.87000274658203,106075600,66.19647192167146
2019-12-09,64.28286743164062,66.7300033569336,67.69999694824219,66.22750091552734,67.5,128042400,65.26971717812717
2019-12-10,64.6585693359375,67.12000274658203,67.51750183105469,66.46499633789062,67.1500015258789,90420400,65.65118673629237
2019-12-11,65.21004486083984,67.69249725341797,67.7750015258789,67.125,67.20249938964844,78756800,66.21112833471769
2019-12-12,65.37622833251953,67.86499786376953,68.13999938964844,66.83000183105469,66.94499969482422,137310400,66.3798630011939
2019-12-13,66.26490020751953,68.7874984741211,68.82499694824219,67.73249816894531,67.86499786376953,133587600,67.28217747879694
2019-12-16,67.39922332763672,69.96499633789062,70.19750213623047,69.24500274658203,69.25,128186000,68.43391435981569
2019-12-17,67.53167724609375,70.10250091552734,70.44249725341797,69.69999694824219,69.89250183105469,114158400,68.56840166790005
2019-12-18,67.37031555175781,69.93499755859375,70.4749984741211,69.77999877929688,69.94999694824219,116028400,68.40456280113061
2019-12-19,67.43773651123047,70.00499725341797,70.29499816894531,69.73750305175781,69.875,98369200,68.4730187853217
2019-12-20,67.29808807373047,69.86000061035156,70.6624984741211,69.63999938964844,70.55750274658203,275978000,68.33122651026979
2019-12-23,68.39630126953125,71.0,71.0625,70.09249877929688,70.13249969482422,98572000,69.4462991191174
2019-12-24,68.46127319335938,71.06749725341797,71.22250366210938,70.7300033569336,71.17250061035156,48478800,69.51226847086248
2019-12-26,69.81959533691406,72.47750091552734,72.49500274658203,71.17500305175781,71.20500183105469,93121200,70.8914431357276
2019-12-27,69.7931137084961,72.44999694824219,73.49250030517578,72.02999877929688,72.77999877929688,146266000,70.86455496993295
2019-12-30,70.20733642578125,72.87999725341797,73.17250061035156,71.30500030517578,72.36499786376953,144114400,71.2851367001227
2019-12-31,70.72028350830078,73.4124984741211,73.41999816894531,72.37999725341797,72.48249816894531,100805600,71.80595838000495
2020-01-02,72.3338851928711,75.0875015258789,75.1500015258789,73.79750061035156,74.05999755859375,135480400,73.4443315546623
2020-01-03,71.63066101074219,74.35749816894531,75.1449966430664,74.125,74.2874984741211,146322800,72.730311702807
2020-01-06,72.201416015625,74.94999694824219,74.98999786376953,73.1875,73.44750213623047,118387200,73.30982875354088
2020-01-07,71.86184692382812,74.59750366210938,75.2249984741211,74.37000274658203,74.95999908447266,108872000,72.96504670710239
2020-01-08,73.01781463623047,75.79750061035156,76.11000061035156,74.29000091552734,74.29000091552734,132079200,74.13876046117197
2020-01-09,74.56878662109375,77.40750122070312,77.60749816894531,76.55000305175781,76.80999755859375,170108400,75.71354246527089
2020-01-10,74.73738098144531,77.5824966430664,78.1675033569336,77.0625,77.6500015258789,140644800,75.8847250316005
2020-01-13,76.33409118652344,79.23999786376953,79.26750183105469,77.7874984741211,77.91000366210938,121532000,77.50594741424707
2020-01-14,75.30332946777344,78.16999816894531,79.39250183105469,78.0425033569336,79.17500305175781,161954400,76.45936177566466
2020-01-15,74.9806137084961,77.83499908447266,78.875,77.38749694824219,77.9625015258789,121923600,76.1316917886443
2020-01-16,75.91986083984375,78.80999755859375,78.92500305175781,78.02249908447266,78.39749908447266,108829200,77.0853579375388
2020-01-17,76.76036071777344,79.68250274658203,79.68499755859375,78.75,79.06749725341797,137816400,77.93876089718523
2020-01-21,76.24018859863281,79.14250183105469,79.75499725341797,79.0,79.29750061035156,110843200,77.41060326426134
2020-01-22,76.51228332519531,79.42500305175781,79.99749755859375,79.32749938964844,79.6449966430664,101832400,77.68687510087909
2020-01-23,76.88078308105469,79.80750274658203,79.88999938964844,78.9124984741211,79.4800033569336,104472000,78.06103194555823
2020-01-24,76.65921020507812,79.57749938964844,80.8324966430664,79.37999725341797,80.0625,146537600,77.83605755460229
2020-01-27,74.40502166748047,77.23750305175781,77.94249725341797,76.22000122070312,77.51499938964844,161940000,75.54726344516659
2020-01-28,76.50991821289062,79.42250061035156,79.5999984741211,78.04750061035156,78.1500015258789,162234000,77.68447368013683
2020-01-29,78.11143493652344,81.08499908447266,81.9625015258789,80.34500122070312,81.11250305175781,216229200,79.31057636945314
2020-01-30,77.99823760986328,80.96749877929688,81.02249908447266,79.6875,80.13500213623047,126743200,79.1956412741218
2020-01-31,74.53990173339844,77.37750244140625,80.66999816894531,77.07250213623047,80.23249816894531,199588400,75.68421414614139
2020-02-03,74.33517456054688,77.16500091552734,78.37249755859375,75.55500030517578,76.07499694824219,173788400,75.47634406808507
2020-02-04,76.78926086425781,79.7125015258789,79.91000366210938,78.40750122070312,78.82749938964844,136616400,77.96810470935179
2020-02-05,77.4154281616211,80.36250305175781,81.19000244140625,79.73750305175781,80.87999725341797,118826800,78.60388472412097
2020-02-06,78.32093048095703,81.30249786376953,81.30500030517578,80.06500244140625,80.64250183105469,105425600,79.52328802158658
2020-02-07,77.25635528564453,80.00749969482422,80.8499984741211,79.5,80.59249877929688,117684000,78.44236981290854
2020-02-10,77.62330627441406,80.38749694824219,80.38749694824219,78.4625015258789,78.54499816894531,109348800,78.81495411432743
2020-02-11,77.15496826171875,79.90249633789062,80.9749984741211,79.67749786376953,80.9000015258789,94323200,78.33942632825138
2020-02-12,78.98724365234375,81.80000305175781,81.80500030517578,80.36750030517578,80.36750030517578,113730400,80.19983021682576
2020-02-13,78.42475891113281,81.21749877929688,81.55500030517578,80.8375015258789,81.04750061035156,94747600,79.62871039217123
2020-02-14,78.44407653808594,81.23750305175781,81.49500274658203,80.7125015258789,81.18499755859375,80113600,79.64832457707242
2020-02-18,77.00772094726562,79.75,79.9375,78.65249633789062,78.83999633789062,152531200,78.18991852075018
2020-02-19,78.12300872802734,80.90499877929688,81.14250183105469,80.0,80.0,93984000,79.32232783805311
2020-02-20,77.321533203125,80.07499694824219,81.1624984741211,79.55249786376953,80.65750122070312,100566000,78.50854832065376
2020-02-21,75.57135772705078,78.26249694824219,80.11250305175781,77.625,79.65499877929688,129554000,76.73150471790943
2020-02-24,71.98170471191406,74.54499816894531,76.04499816894531,72.30750274658203,74.31500244140625,222195200,73.08674451310466
2020-02-25,69.54348754882812,72.0199966430664,75.63249969482422,71.53250122070312,75.23750305175781,230673600,70.61109663036656
2020-02-26,70.64674377441406,73.1624984741211,74.47000122070312,71.625,71.63249969482422,198054800,71.73128968795812
2020-02-27,66.02867126464844,68.37999725341797,71.5,68.23999786376953,70.2750015258789,320605600,67.0423220257576
2020-02-28,65.99005889892578,68.33999633789062,69.60250091552734,64.09249877929688,64.31500244140625,426510000,67.00311689551077
2020-03-02,72.1337661743164,74.70249938964844,75.36000061035156,69.43000030517578,70.56999969482422,341397200,73.2411403737941
2020-03-03,69.84284973144531,72.33000183105469,76.0,71.44999694824219,75.9175033569336,319475600,70.91505452418686
2020-03-04,73.0824966430664,75.68499755859375,75.8499984741211,73.28250122070312,74.11000061035156,219178400,74.20443544521316
2020-03-05,70.7119369506836,73.2300033569336,74.88749694824219,72.85250091552734,73.87999725341797,187572800,71.79748368874039
2020-03-06,69.77287292480469,72.25749969482422,72.70500183105469,70.30750274658203,70.5,226176800,70.84400345629044
2020-03-09,64.25437927246094,66.5425033569336,69.52249908447266,65.75,65.9375,286744800,65.24079167796087
2020-03-10,68.8820571899414,71.33499908447266,71.61000061035156,67.34249877929688,69.28500366210938,285290000,69.93951220698233
2020-03-11,66.48976135253906,68.85749816894531,70.30500030517578,67.96499633789062,69.34750366210938,255598800,67.51049061923645
2020-03-12,59.92359924316406,62.057498931884766,67.5,62.0,63.98500061035156,418474000,60.843526917276655
2020-03-13,67.1029281616211,69.49250030517578,69.9800033569336,63.23749923706055,66.22250366210938,370732000,68.13307056644179
2020-03-16,58.4703483581543,60.5525016784668,64.7699966430664,60.0,60.48749923706055,322423600,59.36796619568441
2020-03-17,61.04129409790039,63.21500015258789,64.40249633789062,59.599998474121094,61.877498626708984,324056000,61.978380261173704
2020-03-18,59.547000885009766,61.66749954223633,62.5,59.279998779296875,59.942501068115234,300233600,60.46114714318495
2020-03-19,59.09074783325195,61.19499969482422,63.209999084472656,60.65250015258789,61.84749984741211,271857200,59.997889842449915
2020-03-20,55.339351654052734,57.310001373291016,62.95750045776367,57.0,61.79499816894531,401693200,56.188903444949524
2020-03-23,54.1636962890625,56.092498779296875,57.125,53.15250015258789,57.02000045776367,336752800,54.99519979983038
2020-03-24,59.59770202636719,61.720001220703125,61.92250061035156,58.57500076293945,59.09000015258789,287531200,60.51262663203206
2020-03-25,59.269386291503906,61.380001068115234,64.5625,61.07500076293945,62.6875,303602000,60.17927070041554
2020-03-26,62.38832473754883,64.61000061035156,64.66999816894531,61.59000015258789,61.630001068115234,252087200,63.34609007862423
2020-03-27,59.805301666259766,61.935001373291016,63.967498779296875,61.76250076293945,63.1875,204216800,60.72341327431243
2020-03-30,61.51203155517578,63.70249938964844,63.880001068115234,62.349998474121094,62.685001373291016,167976400,62.456344327325375
2020-03-31,61.38649368286133,63.5724983215332,65.62249755859375,63.0,63.900001525878906,197002000,62.328879238282454
2020-04-01,58.156524658203125,60.227500915527344,62.18000030517578,59.782501220703125,61.625,176218400,59.049324776003054
2020-04-02,59.126956939697266,61.23249816894531,61.287498474121094,59.224998474121094,60.084999084472656,165934000,60.03465481936187
2020-04-03,58.277225494384766,60.352500915527344,61.42499923706055,59.74250030517578,60.70000076293945,129880000,59.17187857230215
2020-04-06,63.36118698120117,65.61750030517578,65.77749633789062,62.345001220703125,62.724998474121094,201820400,64.33388738813274
2020-04-07,62.6273078918457,64.85749816894531,67.92500305175781,64.75,67.69999694824219,202887200,63.58874202485051
2020-04-08,64.2302474975586,66.51750183105469,66.84249877929688,65.30750274658203,65.68499755859375,168895200,65.21628943987143
2020-04-09,64.69371032714844,66.99749755859375,67.51750183105469,66.17500305175781,67.17500305175781,161834800,65.68686720061106
2020-04-13,65.96351623535156,68.3125,68.42500305175781,66.4574966430664,67.07749938964844,131022800,66.97616675756795
2020-04-14,69.29486846923828,71.76249694824219,72.0625,69.51249694824219,70.0,194994800,70.35866083124525
2020-04-15,68.66240692138672,71.10749816894531,71.5824966430664,70.15750122070312,70.5999984741211,131154400,69.71648993869428
2020-04-16,69.20795440673828,71.67250061035156,72.05000305175781,70.5875015258789,71.84500122070312,157125200,70.27041249222694
2020-04-17,68.26891326904297,70.69999694824219,71.73750305175781,69.21499633789062,71.17250061035156,215250000,69.31695549933256
2020-04-20,66.85188293457031,69.23249816894531,70.41999816894531,69.2125015258789,69.48750305175781,130015200,67.87817137443005
2020-04-21,64.78544616699219,67.09249877929688,69.3125,66.35749816894531,69.06999969482422,180991600,65.78001133933614
2020-04-22,66.65152740478516,69.0250015258789,69.4749984741211,68.05000305175781,68.40249633789062,116862400,67.67474005148763
2020-04-23,66.3932113647461,68.75749969482422,70.4375,68.71749877929688,68.96749877929688,124814400,67.4124584273231
2020-04-24,68.30995178222656,70.74250030517578,70.75250244140625,69.25,69.30000305175781,126161200,69.35862402246981
2020-04-27,68.35821533203125,70.7925033569336,71.13500213623047,69.98750305175781,70.44999694824219,117087600,69.40762849864869
2020-04-28,67.25019073486328,69.6449966430664,71.4574966430664,69.55000305175781,71.2699966430664,112004800,68.28259386698002
2020-04-29,69.45903778076172,71.93250274658203,72.4175033569336,70.97250366210938,71.18250274658203,137280800,70.52535041683129
2020-04-30,70.92435455322266,73.44999694824219,73.63249969482422,72.0875015258789,72.48999786376953,183064000,72.01316225746827
2020-05-01,69.78251647949219,72.26750183105469,74.75,71.4625015258789,71.5625,240616800,70.85379505570398
2020-05-04,70.76985168457031,73.29000091552734,73.42250061035156,71.58000183105469,72.2925033569336,133568000,71.85628751085135
2020-05-05,71.83203125,74.38999938964844,75.25,73.61499786376953,73.76499938964844,147751200,72.93477331271303
2020-05-06,72.57312774658203,75.15750122070312,75.80999755859375,74.71749877929688,75.11499786376953,142333600,73.68724688251837
2020-05-07,73.32389831542969,75.93499755859375,76.2925033569336,75.49250030517578,75.80500030517578,115215200,74.44954303781135
2020-05-08,75.06913757324219,77.53250122070312,77.5875015258789,76.07250213623047,76.41000366210938,133838400,76.22157464307105
2020-05-11,76.25038146972656,78.75250244140625,79.26249694824219,76.80999755859375,77.0250015258789,145946400,77.42095261300858
2020-05-12,75.37896728515625,77.85250091552734,79.92250061035156,77.72750091552734,79.4574966430664,162301200,76.53616076030542
2020-05-13,74.46882629394531,76.9124984741211,78.98750305175781,75.80249786376953,78.0374984741211,200622400,75.6120475795776
2020-05-14,74.92631530761719,77.38500213623047,77.44750213623047,75.38249969482422,76.12750244140625,158929200,76.07655981631342
2020-05-15,74.48334503173828,76.92749786376953,76.9749984741211,75.05249786376953,75.0875015258789,166348400,75.6267892043276
2020-05-18,76.23825073242188,78.73999786376953,79.125,77.58000183105469,78.2925033569336,135178400,77.4086356485564
2020-05-19,75.7977294921875,78.28500366210938,79.62999725341797,78.25250244140625,78.75749969482422,101729600,76.96135166901658
2020-05-20,77.2718505859375,79.80750274658203,79.87999725341797,79.12999725341797,79.16999816894531,111504800,78.45810299202952
2020-05-21,76.69576263427734,79.2125015258789,80.22250366210938,78.96749877929688,79.66500091552734,102688800,77.8731711248478
2020-05-22,77.18954467773438,79.72250366210938,79.80750274658203,78.8375015258789,78.94249725341797,81803200,78.37453355019933
2020-05-26,76.6667251586914,79.18250274658203,81.05999755859375,79.125,80.875,125522000,77.84368787534783
2020-05-27,77.00074768066406,79.52749633789062,79.67749786376953,78.27249908447266,79.03500366210938,112945200,78.18283820281982
2020-05-28,77.03462982177734,79.5625,80.86000061035156,78.90750122070312,79.19249725341797,133560800,78.21724049158215
2020-05-29,76.95957946777344,79.48500061035156,80.2874984741211,79.11750030517578,79.8125,153532400,78.14103798886768
2020-06-01,77.90604400634766,80.4625015258789,80.5875015258789,79.30249786376953,79.4375,80791200,79.10203234428529
2020-06-02,78.26670837402344,80.83499908447266,80.86000061035156,79.73249816894531,80.1875,87642800,79.46823351444093
2020-06-03,78.69756317138672,81.27999877929688,81.55000305175781,80.57499694824219,81.16500091552734,104491200,79.90570265501164
2020-06-04,78.01980590820312,80.58000183105469,81.40499877929688,80.19499969482422,81.09750366210938,87560400,79.21754068198737
2020-06-05,80.24187469482422,82.875,82.9375,80.80750274658203,80.8375015258789,137250400,81.47372194843966
2020-06-08,80.71630859375,83.36499786376953,83.4000015258789,81.83000183105469,82.5625,95654400,81.9554392028159
2020-06-09,83.26517486572266,85.99749755859375,86.40249633789062,83.00250244140625,83.03500366210938,147712400,84.54343484369855
2020-06-10,85.40739440917969,88.20999908447266,88.69249725341797,86.52249908447266,86.9749984741211,166651600,86.71854104728516
2020-06-11,81.30693054199219,83.9749984741211,87.76499938964844,83.87000274658203,87.32749938964844,201662400,82.55512818778466
2020-06-12,82.00889587402344,84.69999694824219,86.94999694824219,83.55500030517578,86.18000030517578,200146000,83.26786986408361
2020-06-15,83.02311706542969,85.74749755859375,86.41999816894531,83.1449966430664,83.3125,138808800,84.29766105050734
2020-06-16,85.22342681884766,88.0199966430664,88.30000305175781,86.18000030517578,87.86499786376953,165428800,86.53174924613094
2020-06-17,85.10482025146484,87.89749908447266,88.8499984741211,87.77249908447266,88.7874984741211,114406400,86.41132186916651
2020-06-18,85.13871002197266,87.93250274658203,88.36250305175781,87.30500030517578,87.85250091552734,96820400,86.44573190444736
2020-06-19,84.65217590332031,87.43000030517578,89.13999938964844,86.2874984741211,88.66000366210938,264476000,85.95172867169305
2020-06-22,86.86698150634766,89.71749877929688,89.86499786376953,87.7874984741211,87.83499908447266,135445200,88.20053525251106
2020-06-23,88.72113800048828,91.63249969482422,93.09500122070312,90.56749725341797,91.0,212155600,90.0831561562105
2020-06-24,87.15504455566406,90.01499938964844,92.19750213623047,89.62999725341797,91.25,192623200,88.49302055239824
2020-06-25,88.31207275390625,91.20999908447266,91.25,89.39250183105469,90.17500305175781,137522400,89.66781107254256
2020-06-26,85.59862518310547,88.40750122070312,91.33000183105469,88.25499725341797,91.10250091552734,205256800,86.91270753407362
2020-06-29,87.57135009765625,90.44499969482422,90.5425033569336,87.81999969482422,88.3125,130646000,88.91571708214487
2020-06-30,88.30239868164062,91.19999694824219,91.49500274658203,90.0,90.0199966430664,140223200,89.65798848705492
2020-07-01,88.1353530883789,91.02749633789062,91.83999633789062,90.97750091552734,91.27999877929688,110737200,89.48837846398557
2020-07-02,88.1353530883789,91.02749633789062,92.61750030517578,90.91000366210938,91.9625015258789,114041600,89.48837846398557
2020-07-06,90.49302673339844,93.4625015258789,93.94499969482422,92.46749877929688,92.5,118655600,91.88224635067236
2020-07-07,90.21222686767578,93.17250061035156,94.65499877929688,93.05750274658203,93.85250091552734,112424400,91.59713573641945
2020-07-08,92.31327056884766,95.34249877929688,95.375,94.08999633789062,94.18000030517578,117092000,93.73043397953538
2020-07-09,92.71023559570312,95.75250244140625,96.31749725341797,94.67250061035156,96.26249694824219,125642800,94.13349308482525
2020-07-10,92.87242126464844,95.91999816894531,95.9800033569336,94.70500183105469,95.33499908447266,90257200,94.29816857559521
2020-07-13,92.44400024414062,95.47750091552734,99.95500183105469,95.25749969482422,97.26499938964844,191649200,93.86317057443345
2020-07-14,93.9737777709961,97.05750274658203,97.25499725341797,93.87750244140625,94.83999633789062,170989200,95.41643275007445
2020-07-15,94.62007141113281,97.7249984741211,99.24749755859375,96.48999786376953,98.98999786376953,153198000,96.07264808070829
2020-07-16,93.45578002929688,96.52249908447266,97.40499877929688,95.90499877929688,96.5625,110577600,94.89048287492972
2020-07-17,93.26695251464844,96.32749938964844,97.14749908447266,95.83999633789062,96.98750305175781,92186800,94.69875654147611
2020-07-20,95.23248291015625,98.35749816894531,98.5,96.0625,96.4175033569336,90318000,96.69446112257982
2020-07-21,93.91810607910156,97.0,99.25,96.74250030517578,99.17250061035156,103433200,95.35990640440936
2020-07-22,94.18194580078125,97.27249908447266,97.9749984741211,96.60250091552734,96.69249725341797,89001600,95.62779650798481
2020-07-23,89.89513397216797,92.84500122070312,97.07749938964844,92.01000213623047,96.99749755859375,197004400,91.27517493355082
2020-07-24,89.67240905761719,92.61499786376953,92.97000122070312,89.1449966430664,90.98750305175781,185438800,91.04903081829785
2020-07-27,91.79768371582031,94.80999755859375,94.90499877929688,93.4800033569336,93.70999908447266,121214000,93.20693200424404
2020-07-28,90.2896728515625,93.25250244140625,94.55000305175781,93.24749755859375,94.36750030517578,103625600,91.67577064595025
2020-07-29,92.02037048339844,95.04000091552734,95.2300033569336,93.7125015258789,93.75,90329200,93.43303738690439
2020-07-30,93.13385009765625,96.19000244140625,96.29750061035156,93.76750183105469,94.1875,158130000,94.56361077931727
2020-07-31,102.88390350341797,106.26000213623047,106.41500091552734,100.82499694824219,102.88500213623047,374336800,104.46334384493451
2020-08-03,105.4763412475586,108.9375,111.63749694824219,107.89250183105469,108.19999694824219,308151200,107.09557985310417
2020-08-04,106.18071746826172,109.66500091552734,110.79000091552734,108.38749694824219,109.13249969482422,173071600,107.8107694292565
2020-08-05,106.5655746459961,110.0625,110.39250183105469,108.89749908447266,109.37750244140625,121776800,108.20153480964976
2020-08-06,110.28357696533203,113.90249633789062,114.4124984741211,109.79750061035156,110.40499877929688,202428800,111.97661469557332
2020-08-07,107.77619934082031,111.11250305175781,113.67500305175781,110.2925033569336,113.20500183105469,198045600,109.43074462242082
2020-08-10,109.34271240234375,112.72750091552734,113.7750015258789,110.0,112.5999984741211,212403600,111.02130628475186
2020-08-11,106.09086608886719,109.375,112.48249816894531,109.10749816894531,111.97000122070312,187902400,107.71953868060668
2020-08-12,109.61672973632812,113.01000213623047,113.2750015258789,110.29750061035156,110.49749755859375,165598000,111.2995302440375
2020-08-13,111.55668640136719,115.01000213623047,116.0425033569336,113.92749786376953,114.43000030517578,210082000,113.26926849505084
2020-08-14,111.45726013183594,114.90750122070312,115.0,113.04499816894531,114.83000183105469,165565200,113.16831586565418
2020-08-17,111.16625213623047,114.60749816894531,116.0875015258789,113.9625015258789,116.0625,119561600,112.87284040961698
2020-08-18,112.09257507324219,115.5625,116.0,114.00749969482422,114.35250091552734,105633600,113.8133839561329
2020-08-19,112.23323059082031,115.7074966430664,117.1624984741211,115.61000061035156,115.98249816894531,145538000,113.95619877162989
2020-08-20,114.72364044189453,118.2750015258789,118.39250183105469,115.73249816894531,115.75,126907200,116.4848405875864
2020-08-21,120.6356201171875,124.37000274658203,124.86750030517578,119.25,119.26249694824219,338054800,122.48757905875917
2020-08-24,122.07845306396484,125.85749816894531,128.78500366210938,123.9375,128.69749450683594,345937600,123.95256190930775
2020-08-25,121.07695007324219,124.82499694824219,125.18000030517578,123.05249786376953,124.69750213623047,211495600,122.93568416926247
2020-08-26,122.72349548339844,126.52249908447266,126.99250030517578,125.0824966430664,126.18000030517578,163022400,124.60750681090376
2020-08-27,121.25640106201172,125.01000213623047,127.48500061035156,123.8324966430664,127.14250183105469,155552400,123.11789003145084
2020-08-28,121.05998992919922,124.80750274658203,126.44249725341797,124.57749938964844,126.01249694824219,187630000,122.91846365858501
2020-08-31,125.16537475585938,129.0399932861328,131.0,126.0,127.58000183105469,225702700,127.08687302253307
2020-09-01,130.1510467529297,134.17999267578125,134.8000030517578,130.52999877929688,132.75999450683594,151948100,132.14908344022697
2020-09-02,127.45454406738281,131.39999389648438,137.97999572753906,127.0,137.58999633789062,200119000,129.41118491939847
2020-09-03,117.25039672851562,120.87999725341797,128.83999633789062,120.5,126.91000366210938,257599600,119.0503868177883
2020-09-04,117.3280029296875,120.95999908447266,123.69999694824219,110.88999938964844,120.06999969482422,332607200,119.12918440420809
2020-09-08,109.43241882324219,112.81999969482422,118.98999786376953,112.68000030517578,113.94999694824219,231366600,111.11238984954974
2020-09-09,113.79729461669922,117.31999969482422,119.13999938964844,115.26000213623047,117.26000213623047,176940500,115.54427380151493
2020-09-10,110.08230590820312,113.48999786376953,120.5,112.5,120.36000061035156,182274400,111.7722537904081
2020-09-11,108.63705444335938,112.0,115.2300033569336,110.0,114.56999969482422,180860300,110.30481529348761
2020-09-14,111.89616394042969,115.36000061035156,115.93000030517578,112.80000305175781,114.72000122070312,140150100,113.61395758326705
2020-09-15,112.07074737548828,115.54000091552734,118.83000183105469,113.61000061035156,118.33000183105469,184642000,113.7912211666375
2020-09-16,108.76313018798828,112.12999725341797,116.0,112.04000091552734,115.2300033569336,154679000,110.43282651208642
2020-09-17,107.02690124511719,110.33999633789062,112.19999694824219,108.70999908447266,109.72000122070312,178011000,108.66994354520284
2020-09-18,103.63196563720703,106.83999633789062,110.87999725341797,106.08999633789062,110.4000015258789,287104900,105.2228899861517
2020-09-21,106.77470397949219,110.08000183105469,110.19000244140625,103.0999984741211,104.54000091552734,195713800,108.41387462889406
2020-09-22,108.4527587890625,111.80999755859375,112.86000061035156,109.16000366210938,112.68000030517578,183055400,110.1176903920369
2020-09-23,103.9035873413086,107.12000274658203,112.11000061035156,106.7699966430664,111.62000274658203,150718700,105.498681538621
2020-09-24,104.97055053710938,108.22000122070312,110.25,105.0,105.16999816894531,167743300,106.58202440759685
2020-09-25,108.90864562988281,112.27999877929688,112.44000244140625,107.66999816894531,108.43000030517578,149981400,110.58057585988281
2020-09-28,111.50816345214844,114.95999908447266,115.31999969482422,112.77999877929688,115.01000213623047,137672400,113.22000063724215
2020-09-29,110.66429901123047,114.08999633789062,115.30999755859375,113.56999969482422,114.55000305175781,99382200,112.36318146292692
2020-09-30,112.33264923095703,115.80999755859375,117.26000213623047,113.62000274658203,113.79000091552734,142675200,114.05714365450801
2020-10-01,113.2832260131836,116.79000091552734,117.72000122070312,115.83000183105469,117.63999938964844,116120400,115.02231338340974
2020-10-02,109.62642669677734,113.0199966430664,115.37000274658203,112.22000122070312,112.88999938964844,144712000,111.30937606908071
2020-10-05,113.00192260742188,116.5,116.6500015258789,113.55000305175781,113.91000366210938,106243800,114.73669149893428
2020-10-06,109.76222229003906,113.16000366210938,116.12000274658203,112.25,115.69999694824219,161498200,111.4472563522783
2020-10-07,111.62455749511719,115.08000183105469,115.55000305175781,114.12999725341797,114.62000274658203,96849000,113.3381815238348
2020-10-08,111.51786041259766,114.97000122070312,116.4000015258789,114.58999633789062,116.25,83477200,113.22984646228537
2020-10-09,113.45782470703125,116.97000122070312,117.0,114.91999816894531,115.27999877929688,100506900,115.19959245981724
2020-10-12,120.66470336914062,124.4000015258789,125.18000030517578,119.27999877929688,120.05999755859375,240226800,122.51710878737029
2020-10-13,117.46381378173828,121.0999984741211,125.38999938964844,119.6500015258789,125.2699966430664,262330500,119.26708018044273
2020-10-14,117.55110931396484,121.19000244140625,123.02999877929688,119.62000274658203,121.0,150712000,119.35571584538722
2020-10-15,117.08550262451172,120.70999908447266,121.19999694824219,118.1500015258789,118.72000122070312,112559200,118.88296131294253
2020-10-16,115.44627380371094,119.0199966430664,121.55000305175781,118.80999755859375,121.27999877929688,115393800,117.21856758256517
2020-10-19,112.49755096435547,115.9800033569336,120.41999816894531,115.66000366210938,119.95999908447266,120639300,114.2245769058723
2020-10-20,113.98161315917969,117.51000213623047,118.9800033569336,115.62999725341797,116.19999694824219,124423700,115.73142194252121
2020-10-21,113.36080169677734,116.87000274658203,118.70999908447266,116.44999694824219,116.66999816894531,89946000,115.10107998375544
2020-10-22,112.27445983886719,115.75,118.04000091552734,114.58999633789062,117.44999694824219,101988000,113.99806095773022
2020-10-23,111.58575439453125,115.04000091552734,116.55000305175781,114.27999877929688,116.38999938964844,82572600,113.29878273062491
2020-10-26,111.59547424316406,115.05000305175781,116.55000305175781,112.87999725341797,114.01000213623047,111850700,113.3086517952237
2020-10-27,113.09892272949219,116.5999984741211,117.27999877929688,114.54000091552734,115.48999786376953,92276800,114.8351807354405
2020-10-28,107.86107635498047,111.19999694824219,115.43000030517578,111.0999984741211,115.05000305175781,143937800,109.5169246409934
2020-10-29,111.85736846923828,115.31999969482422,116.93000030517578,112.19999694824219,112.37000274658203,146129200,113.57456653657567
2020-10-30,105.59133911132812,108.86000061035156,111.98999786376953,107.72000122070312,111.05999755859375,190272600,107.21234312680704
2020-11-02,105.50403594970703,108.7699966430664,110.68000030517578,107.31999969482422,109.11000061035156,122866900,107.12369971534403
2020-11-03,107.12388610839844,110.44000244140625,111.48999786376953,108.7300033569336,109.66000366210938,107624400,108.76841728867201
2020-11-04,111.49844360351562,114.94999694824219,115.58999633789062,112.3499984741211,114.13999938964844,138235500,113.21013157264338
2020-11-05,115.45597839355469,119.02999877929688,119.62000274658203,116.87000274658203,117.94999694824219,126387100,117.2284211541269
2020-11-06,115.32478332519531,118.69000244140625,119.19999694824219,116.12999725341797,118.31999969482422,114457900,117.0952120215989
2020-11-09,113.0219955444336,116.31999969482422,121.98999786376953,116.05000305175781,120.5,154515300,114.75707258916928
2020-11-10,112.68191528320312,115.97000122070312,117.58999633789062,114.12999725341797,115.55000305175781,138023400,114.41177152598972
2020-11-11,116.10211181640625,119.48999786376953,119.62999725341797,116.44000244140625,117.19000244140625,112295000,117.88447380787176
2020-11-12,115.83003997802734,119.20999908447266,120.52999877929688,118.56999969482422,119.62000274658203,103162300,117.6082252108096
2020-11-13,115.87862396240234,119.26000213623047,119.66999816894531,117.87000274658203,119.44000244140625,81581900,117.65755504076645
2020-11-16,116.88914489746094,120.30000305175781,120.98999786376953,118.1500015258789,118.91999816894531,91183000,118.68358916570637
2020-11-17,116.00492858886719,119.38999938964844,120.66999816894531,118.95999908447266,119.55000305175781,74271000,117.78579865492098
2020-11-18,114.68350219726562,118.02999877929688,119.81999969482422,118.0,118.61000061035156,76322100,116.44408615363491
2020-11-19,115.2762222290039,118.63999938964844,119.05999755859375,116.80999755859375,117.58999633789062,74113000,117.0459054311976
2020-11-20,114.0130615234375,117.33999633789062,118.7699966430664,117.29000091552734,118.63999938964844,73604300,115.76335309187458
2020-11-23,110.62202453613281,113.8499984741211,117.62000274658203,113.75,117.18000030517578,127959300,112.32025800378888
2020-11-24,111.90458679199219,115.16999816894531,115.8499984741211,112.58999633789062,113.91000366210938,113874200,113.62250973971686
2020-11-25,112.74020385742188,116.02999877929688,116.75,115.16999816894531,115.55000305175781,76499200,114.47095492750833
2020-11-27,113.28433227539062,116.58999633789062,117.48999786376953,116.22000122070312,116.56999969482422,46691300,115.02343662859563
2020-11-30,115.67459869384766,119.05000305175781,120.97000122070312,116.80999755859375,116.97000122070312,169410200,117.45039764241429
2020-12-01,119.24052429199219,122.72000122070312,123.47000122070312,120.01000213623047,121.01000213623047,127728200,121.07106617461137
2020-12-02,119.59033966064453,123.08000183105469,123.37000274658203,120.88999938964844,122.0199966430664,89004200,121.42625179542677
2020-12-03,119.45429229736328,122.94000244140625,123.77999877929688,122.20999908447266,123.5199966430664,78967600,121.28811587711789
2020-12-04,118.78385925292969,122.25,122.86000061035156,121.5199966430664,122.5999984741211,78260400,120.60739056187607
2020-12-07,120.24131774902344,123.75,124.56999969482422,122.25,122.30999755859375,86712000,122.08722348843396
2020-12-08,120.85347747802734,124.37999725341797,124.9800033569336,123.08999633789062,124.37000274658203,82225500,122.70878089519422
2020-12-09,118.32717895507812,121.77999877929688,125.94999694824219,121.0,124.52999877929688,115089200,120.14369945610373
2020-12-10,119.74578094482422,123.23999786376953,123.87000274658203,120.1500015258789,120.5,81312200,121.58407936382206
2020-12-11,118.93933868408203,122.41000366210938,122.76000213623047,120.55000305175781,122.43000030517578,86939800,120.76525686286399
2020-12-14,118.32717895507812,121.77999877929688,123.3499984741211,121.54000091552734,122.5999984741211,79184500,120.14369945610373
2020-12-15,124.25422668457031,127.87999725341797,127.9000015258789,124.12999725341797,124.33999633789062,157243700,126.16173730136016
2020-12-16,124.18621826171875,127.80999755859375,128.3699951171875,126.55999755859375,127.41000366210938,98208600,126.09268483524278
2020-12-17,125.05097961425781,128.6999969482422,129.5800018310547,128.0399932861328,128.89999389648438,94359800,126.97072172379355
2020-12-18,123.06881713867188,126.66000366210938,129.10000610351562,126.12000274658203,128.9600067138672,192541500,124.95812973230888
2020-12-21,124.59430694580078,128.22999572753906,128.30999755859375,123.44999694824219,125.0199966430664,121251600,126.50703836453972
2020-12-22,128.1408233642578,131.8800048828125,134.41000366210938,129.64999389648438,131.61000061035156,168904800,130.10799975361334
2020-12-23,127.24691009521484,130.9600067138672,132.42999267578125,130.77999877929688,132.16000366210938,88223700,129.20036341778473
2020-12-24,128.22825622558594,131.97000122070312,133.4600067138672,131.10000610351562,131.32000732421875,54930100,130.19677485589125
2020-12-28,132.81439208984375,136.69000244140625,137.33999633789062,133.50999450683594,133.99000549316406,124486200,134.8533155915529
2020-12-29,131.04603576660156,134.8699951171875,138.7899932861328,134.33999633789062,138.0500030517578,121047300,133.0578120351674
2020-12-30,129.92868041992188,133.72000122070312,135.99000549316406,133.39999389648438,135.5800018310547,96452100,131.92330341134462
2020-12-31,128.9278564453125,132.69000244140625,134.74000549316406,131.72000122070312,134.0800018310547,99116600,130.90711511144792
2021-01-04,125.7408218383789,129.41000366210938,133.61000061035156,126.76000213623047,133.52000427246094,143301900,127.67115418215884
2021-01-05,127.29547882080078,131.00999450683594,131.74000549316406,128.42999267578125,128.88999938964844,97664900,129.24967775470455
2021-01-06,123.01050567626953,126.5999984741211,131.0500030517578,126.37999725341797,127.72000122070312,155088000,124.8989230912347
2021-01-07,127.20803833007812,130.9199981689453,131.6300048828125,127.86000061035156,128.36000061035156,109578200,129.16089490590812
2021-01-08,128.30596923828125,132.0500030517578,132.6300048828125,130.22999572753906,132.42999267578125,105158200,130.27568089357035
2021-01-11,125.32301330566406,128.97999572753906,130.1699981689453,128.5,129.19000244140625,100384500,127.24693158826311
2021-01-12,125.14813232421875,128.8000030517578,129.69000244140625,126.86000061035156,128.5,91951100,127.06936589067024
2021-01-13,127.17887115478516,130.88999938964844,131.4499969482422,128.49000549316406,128.75999450683594,88636800,129.13127996559325
2021-01-14,125.2550277709961,128.91000366210938,131.0,128.75999450683594,130.8000030517578,90221800,127.17790236170129
2021-01-15,123.53520965576172,127.13999938964844,130.22000122070312,127.0,128.77999877929688,111598500,125.43168215616149
2021-01-19,124.20565032958984,127.83000183105469,128.7100067138672,126.94000244140625,127.77999877929688,90757300,126.11241521792182
2021-01-20,128.28659057617188,132.02999877929688,132.49000549316406,128.5500030517578,128.66000366210938,104319500,130.256004736521
2021-01-21,132.98936462402344,136.8699951171875,139.6699981689453,133.58999633789062,133.8000030517578,120150900,135.03097424736805
2021-01-22,135.126953125,139.07000732421875,139.85000610351562,135.02000427246094,136.27999877929688,114459400,137.20137831421098
2021-01-25,138.86778259277344,142.9199981689453,145.08999633789062,136.5399932861328,143.07000732421875,157611700,140.99963578355647
2021-01-26,139.1010284423828,143.16000366210938,144.3000030517578,141.3699951171875,143.60000610351562,98390600,141.23646234785318
2021-01-27,138.0321807861328,142.05999755859375,144.3000030517578,140.41000366210938,143.42999267578125,140843800,140.15120608880207
2021-01-28,133.203125,137.08999633789062,141.99000549316406,136.6999969482422,139.52000427246094,142621100,135.24801620335606
2021-01-29,128.21853637695312,131.9600067138672,136.74000549316406,130.2100067138672,135.8300018310547,177523800,130.18690579129245
2021-02-01,130.33676147460938,134.13999938964844,135.3800048828125,130.92999267578125,133.75,106239800,132.33764919412303
2021-02-02,131.1626434326172,134.99000549316406,136.30999755859375,134.61000061035156,135.72999572753906,83305400,133.1762098242787
2021-02-03,130.14242553710938,133.94000244140625,135.77000427246094,133.61000061035156,135.75999450683594,89880900,132.14032987429556
2021-02-04,133.49456787109375,137.38999938964844,137.39999389648438,134.58999633789062,136.3000030517578,84183100,135.54393321094906
2021-02-05,133.08102416992188,136.75999450683594,137.4199981689453,135.86000061035156,137.35000610351562,75693800,135.1240409209079
2021-02-08,133.2270050048828,136.91000366210938,136.9600067138672,134.9199981689453,136.02999877929688,71297200,135.27226280633423
2021-02-09,132.35122680664062,136.00999450683594,137.8800048828125,135.85000610351562,136.6199951171875,76774200,134.3830399450357
2021-02-10,131.74789428710938,135.38999938964844,136.99000549316406,134.39999389648438,136.47999572753906,73046600,133.770445260207
2021-02-11,131.49485778808594,135.1300048828125,136.38999938964844,133.77000427246094,135.89999389648438,64280000,133.51352422686065
2021-02-12,131.72837829589844,135.3699951171875,135.52999877929688,133.69000244140625,134.35000610351562,60145100,133.7506296658242
2021-02-16,129.60704040527344,133.19000244140625,136.00999450683594,132.7899932861328,135.49000549316406,80576300,131.59672568343606
2021-02-17,127.32027435302734,130.83999633789062,132.22000122070312,129.47000122070312,131.25,97918500,129.27485393990554
2021-02-18,126.2206802368164,129.7100067138672,130.0,127.41000366210938,129.1999969482422,96856700,128.15837921120522
2021-02-19,126.3763656616211,129.8699951171875,130.7100067138672,128.8000030517578,130.24000549316406,87668800,128.31645466819324
2021-02-22,122.61046600341797,126.0,129.72000122070312,125.5999984741211,128.00999450683594,103916400,124.49274213897992
2021-02-23,122.4742431640625,125.86000061035156,126.70999908447266,118.38999938964844,123.76000213623047,158273000,124.35442805074501
2021-02-24,121.97795867919922,125.3499984741211,125.55999755859375,122.2300033569336,124.94000244140625,111039900,123.85052476731781
2021-02-25,117.73526000976562,120.98999786376953,126.45999908447266,120.54000091552734,124.68000030517578,148199500,119.54269356298599
2021-02-26,117.99798583984375,121.26000213623047,124.8499984741211,121.19999694824219,122.58999633789062,164560400,119.80945267485703
2021-03-01,124.35230255126953,127.79000091552734,127.93000030517578,122.79000091552734,123.75,116307900,126.26131879697819
2021-03-02,121.7541732788086,125.12000274658203,128.72000122070312,125.01000213623047,128.41000366210938,102260900,123.6233038859901
2021-03-03,118.77647399902344,122.05999755859375,125.70999908447266,121.83999633789062,124.80999755859375,112966300,120.59989193194544
2021-03-04,116.89837646484375,120.12999725341797,123.5999984741211,118.62000274658203,121.75,178155000,118.69296245311965
2021-03-05,118.1536636352539,121.41999816894531,121.94000244140625,117.56999969482422,120.9800033569336,153766600,119.96752038532655
2021-03-08,113.22979736328125,116.36000061035156,121.0,116.20999908447266,120.93000030517578,154376600,114.96806451419052
2021-03-09,117.83255004882812,121.08999633789062,122.05999755859375,118.79000091552734,119.02999877929688,129525800,119.6414771671961
2021-03-10,116.75242614746094,119.9800033569336,122.16999816894531,119.44999694824219,121.69000244140625,111943300,118.54477155376743
2021-03-11,118.67914581298828,121.95999908447266,123.20999908447266,121.26000213623047,122.54000091552734,103026500,120.50106959514271
2021-03-12,117.774169921875,121.02999877929688,121.16999816894531,119.16000366210938,120.4000015258789,88105100,119.58220080745522
2021-03-15,120.65453338623047,123.98999786376953,124.0,120.41999816894531,121.41000366210938,92403800,122.50678267817862
2021-03-16,122.1920394897461,125.56999969482422,127.22000122070312,124.72000122070312,125.69999694824219,115227900,124.0678920770838
2021-03-17,121.4038314819336,124.76000213623047,125.86000061035156,122.33999633789062,124.05000305175781,111932600,123.26758375539659
2021-03-18,117.28761291503906,120.52999877929688,123.18000030517578,120.31999969482422,122.87999725341797,121229700,119.08817433514533
2021-03-19,116.76215362548828,119.98999786376953,121.43000030517578,119.68000030517578,119.9000015258789,185549500,118.55464836488474
2021-03-22,120.07069396972656,123.38999938964844,123.87000274658203,120.26000213623047,120.33000183105469,111912300,121.91398034817715
2021-03-23,119.24356079101562,122.54000091552734,124.23999786376953,122.13999938964844,123.33000183105469,95467100,121.07414928898368
2021-03-24,116.85945129394531,120.08999633789062,122.9000015258789,120.06999969482422,122.81999969482422,88530500,118.65343971561337
2021-03-25,117.34600067138672,120.58999633789062,121.66000366210938,119.0,119.54000091552734,98844700,119.14745844140474
2021-03-26,117.9493179321289,121.20999908447266,121.4800033569336,118.91999816894531,120.3499984741211,94071200,119.7600376331964
2021-03-29,118.1244888305664,121.38999938964844,122.58000183105469,120.7300033569336,121.6500015258789,80819200,119.93789769849316
2021-03-30,116.67456817626953,119.9000015258789,120.4000015258789,118.86000061035156,120.11000061035156,85671900,118.46571833223636
2021-03-31,118.86404418945312,122.1500015258789,123.5199966430664,121.1500015258789,121.6500015258789,118323800,120.68880647155677
2021-04-01,119.691162109375,123.0,124.18000030517578,122.48999786376953,123.66000366210938,75089100,121.52862203771319
2021-04-05,122.51316833496094,125.9000015258789,126.16000366210938,123.06999969482422,123.87000274658203,88651200,124.39395078825129
2021-04-06,122.81483459472656,126.20999908447266,127.12999725341797,125.6500015258789,126.5,80171300,124.70024813066564
2021-04-07,124.45935821533203,127.9000015258789,127.91999816894531,125.13999938964844,125.83000183105469,83466700,126.37001794489822
2021-04-08,126.85317993164062,130.36000061035156,130.38999938964844,128.52000427246094,128.9499969482422,88844600,128.8005888363488
2021-04-09,129.4221649169922,133.0,133.0399932861328,129.47000122070312,129.8000030517578,106686700,131.40901204657757
2021-04-12,127.70951080322266,131.24000549316406,132.85000610351562,130.6300048828125,132.52000427246094,91420000,129.67006582193122
2021-04-13,130.81365966796875,134.42999267578125,134.66000366210938,131.92999267578125,132.44000244140625,91266500,132.82186857398233
2021-04-14,128.47828674316406,132.02999877929688,135.0,131.66000366210938,134.94000244140625,87222800,130.45064376093939
2021-04-15,130.88180541992188,134.5,135.0,133.63999938964844,133.82000732421875,89347100,132.89106047743314
2021-04-16,130.55096435546875,134.16000366210938,134.6699981689453,133.27999877929688,134.3000030517578,84922400,132.5551404481854
2021-04-19,131.2126922607422,134.83999633789062,135.47000122070312,133.33999633789062,133.50999450683594,94264200,133.22702698579204
2021-04-20,129.52919006347656,133.11000061035156,135.52999877929688,131.80999755859375,135.02000427246094,94812300,131.5176802084235
2021-04-21,129.90875244140625,133.5,133.75,131.3000030517578,132.36000061035156,68847100,131.90306950496156
2021-04-22,128.39068603515625,131.94000244140625,134.14999389648438,131.41000366210938,133.0399932861328,84566500,130.36169823525395
2021-04-23,130.7066650390625,134.32000732421875,135.1199951171875,132.16000366210938,132.16000366210938,78657500,132.7132313982105
2021-04-26,131.09588623046875,134.72000122070312,135.05999755859375,133.55999755859375,134.8300018310547,66905100,133.10842778719913
2021-04-27,130.77476501464844,134.38999938964844,135.41000366210938,134.11000061035156,135.00999450683594,66015800,132.78237682255016
2021-04-28,129.986572265625,133.5800018310547,135.02000427246094,133.0800018310547,134.30999755859375,107760100,131.9820839939
2021-04-29,129.8892364501953,133.47999572753906,137.07000732421875,132.4499969482422,136.47000122070312,151101000,131.88325391057876
2021-04-30,127.92359924316406,131.4600067138672,133.55999755859375,131.07000732421875,131.77999877929688,109839500,129.88744087821573
2021-05-03,128.97451782226562,132.5399932861328,134.07000732421875,131.8300018310547,132.0399932861328,75135100,130.9544928187369
2021-05-04,124.41069793701172,127.8499984741211,131.49000549316406,126.69999694824219,131.19000244140625,137564700,126.32061064975612
2021-05-05,124.65399169921875,128.10000610351562,130.4499969482422,127.97000122070312,129.1999969482422,84000900,126.56763937894812
2021-05-06,126.2498779296875,129.74000549316406,129.75,127.12999725341797,127.88999938964844,78128300,128.18802513759417
2021-05-07,126.92244720458984,130.2100067138672,131.25999450683594,129.47999572753906,130.85000610351562,78973300,128.87091947802253
2021-05-10,123.64726257324219,126.8499984741211,129.5399932861328,126.80999755859375,129.41000366210938,88071200,125.54545527371432
2021-05-11,122.73102569580078,125.91000366210938,126.2699966430664,122.7699966430664,123.5,126142800,124.61515262468633
2021-05-12,119.6702880859375,122.7699966430664,124.63999938964844,122.25,123.4000015258789,112172300,121.50742756303323
2021-05-13,121.81473541259766,124.97000122070312,126.1500015258789,124.26000213623047,124.58000183105469,105861300,123.68479575002867
2021-05-14,124.23213195800781,127.44999694824219,127.88999938964844,125.8499984741211,126.25,81918000,126.13930338371647
2021-05-17,123.08194732666016,126.2699966430664,126.93000030517578,125.16999816894531,126.81999969482422,74244600,124.97146149068762
2021-05-18,121.6977767944336,124.8499984741211,126.98999786376953,124.77999877929688,126.55999755859375,63342900,123.5660416210653
2021-05-19,121.54182434082031,124.69000244140625,124.91999816894531,122.86000061035156,123.16000366210938,92612000,123.40769503592892
2021-05-20,124.09565734863281,127.30999755859375,127.72000122070312,125.0999984741211,125.2300033569336,76857100,126.00073366037029
2021-05-21,122.26313018798828,125.43000030517578,128.0,125.20999908447266,127.81999969482422,79295400,124.14007413668462
2021-05-24,123.89095306396484,127.0999984741211,127.94000244140625,125.94000244140625,126.01000213623047,63092900,125.79288682186954
2021-05-25,123.69602966308594,126.9000015258789,128.32000732421875,126.31999969482422,127.81999969482422,72009500,125.59497102011576
2021-05-26,123.64726257324219,126.8499984741211,127.38999938964844,126.41999816894531,126.95999908447266,56575900,125.54545527371432
2021-05-27,122.11692810058594,125.27999877929688,127.63999938964844,125.08000183105469,126.44000244140625,94625600,123.99162760222114
2021-05-28,121.46385192871094,124.61000061035156,125.80000305175781,124.55000305175781,125.56999969482422,71311100,123.32852561662
2021-06-01,121.14217376708984,124.27999877929688,125.3499984741211,123.94000244140625,125.08000183105469,67637100,123.00190915611883
2021-06-02,121.90247344970703,125.05999755859375,125.23999786376953,124.05000305175781,124.27999877929688,59278900,123.77388071304752
2021-06-03,120.42085266113281,123.54000091552734,124.8499984741211,123.12999725341797,124.68000030517578,76229200,122.26951456232608
2021-06-04,122.71150207519531,125.88999938964844,126.16000366210938,123.8499984741211,124.06999969482422,75169300,124.595329283785
2021-06-07,122.72126770019531,125.9000015258789,126.31999969482422,124.83000183105469,126.16999816894531,71057600,124.60524482749493
2021-06-08,123.54004669189453,126.73999786376953,128.4600067138672,126.20999908447266,126.5999984741211,74403800,125.4365934489053
2021-06-09,123.92019653320312,127.12999725341797,127.75,126.5199966430664,127.20999908447266,56877900,125.82257922736964
2021-06-10,122.92595672607422,126.11000061035156,128.19000244140625,125.94000244140625,127.0199966430664,71186400,124.81307617295863
2021-06-11,124.13465118408203,127.3499984741211,127.44000244140625,126.0999984741211,126.52999877929688,53522400,126.04032611654327
2021-06-14,127.18559265136719,130.47999572753906,130.5399932861328,127.06999969482422,127.81999969482422,96906500,129.13810464841234
2021-06-15,126.36682891845703,129.63999938964844,130.60000610351562,129.38999938964844,129.94000244140625,62746300,128.30677152003904
2021-06-16,126.86398315429688,130.14999389648438,130.88999938964844,128.4600067138672,130.3699951171875,91815000,128.8115579065779
2021-06-17,128.4626007080078,131.7899932861328,132.5500030517578,129.64999389648438,129.8000030517578,96721700,130.43471691885532
2021-06-18,127.16613006591797,130.4600067138672,131.50999450683594,130.24000549316406,130.7100067138672,108953300,129.1183432796592
2021-06-21,128.95965576171875,132.3000030517578,132.41000366210938,129.2100067138672,130.3000030517578,79663300,130.93940260065338
2021-06-22,130.5972442626953,133.97999572753906,134.0800018310547,131.6199951171875,132.1300048828125,74783600,132.6021308295482
2021-06-23,130.32432556152344,133.6999969482422,134.32000732421875,133.22999572753906,133.77000427246094,60214200,132.32502236892995
2021-06-24,130.0416259765625,133.41000366210938,134.63999938964844,132.92999267578125,134.4499969482422,68711000,132.0379828715647
2021-06-25,129.74920654296875,133.11000061035156,133.88999938964844,132.80999755859375,133.4600067138672,70783700,131.7410743096007
2021-06-28,131.37709045410156,134.77999877929688,135.25,133.35000610351562,133.41000366210938,62111300,133.39394896693378
2021-06-29,132.88792419433594,136.3300018310547,136.49000549316406,134.35000610351562,134.8000030517578,64556100,134.92797653708124
2021-06-30,133.5020294189453,136.9600067138672,137.41000366210938,135.8699951171875,136.1699981689453,63261400,135.55150930606493
2021-07-01,133.80418395996094,137.27000427246094,137.3300018310547,135.75999450683594,136.60000610351562,52485800,135.8583024256648
2021-07-02,136.42628479003906,139.9600067138672,140.0,137.75,137.89999389648438,78852600,138.52065689785334
2021-07-06,138.43429565429688,142.02000427246094,143.14999389648438,140.07000732421875,140.07000732421875,108181800,140.55949409409521
2021-07-07,140.9198760986328,144.57000732421875,144.88999938964844,142.66000366210938,143.5399932861328,104911600,143.08323236382643
2021-07-08,139.62347412109375,143.24000549316406,144.05999755859375,140.6699981689453,141.5800018310547,105575500,141.76692844329705
2021-07-09,141.4462432861328,145.11000061035156,145.64999389648438,142.64999389648438,142.75,99890800,143.6176801697913
2021-07-12,140.8516845703125,144.5,146.32000732421875,144.0,146.2100067138672,76299700,143.0139939812645
2021-07-13,141.96286010742188,145.63999938964844,147.4600067138672,143.6300048828125,144.02999877929688,100827100,144.1422279250833
2021-07-14,145.38426208496094,149.14999389648438,149.57000732421875,147.67999267578125,148.10000610351562,127050800,147.61615415689204
2021-07-15,144.7311248779297,148.47999572753906,150.0,147.08999633789062,149.24000549316406,106820300,146.9529901991427
2021-07-16,142.6939239501953,146.38999938964844,149.75999450683594,145.8800048828125,148.4600067138672,93251400,144.8845148230304
2021-07-19,138.85340881347656,142.4499969482422,144.07000732421875,141.6699981689453,143.75,121434600,140.98504134265843
2021-07-20,142.4599609375,146.14999389648438,147.10000610351562,142.9600067138672,143.4600067138672,96350000,144.6469600859925
2021-07-21,141.72897338867188,145.39999389648438,146.1300048828125,144.6300048828125,145.52999877929688,74993500,143.90475065323062
2021-07-22,143.0935516357422,146.8000030517578,148.1999969482422,145.80999755859375,145.94000244140625,77338200,145.29027746328492
2021-07-23,144.80914306640625,148.55999755859375,148.72000122070312,146.9199981689453,147.5500030517578,71447400,147.03220609756278
2021-07-26,145.22830200195312,148.99000549316406,149.8300018310547,147.6999969482422,148.27000427246094,72434100,147.45779982523715
2021-07-27,143.0643310546875,146.77000427246094,149.2100067138672,145.5500030517578,149.1199951171875,104818600,145.26060829734038
2021-07-28,141.3195343017578,144.97999572753906,146.97000122070312,142.5399932861328,144.80999755859375,118931200,143.48902599015506
2021-07-29,141.96286010742188,145.63999938964844,146.5500030517578,144.5800018310547,144.69000244140625,56699500,144.1422279250833
2021-07-30,142.1772918701172,145.86000061035156,146.3300018310547,144.11000061035156,144.3800048828125,70440600,144.35995157470137
2021-08-02,141.84585571289062,145.52000427246094,146.9499969482422,145.25,146.36000061035156,62880000,144.02342731700878
2021-08-03,143.6394500732422,147.36000061035156,148.0399932861328,145.17999267578125,145.80999755859375,64786600,145.84455635666964
2021-08-04,143.2397918701172,146.9499969482422,147.7899932861328,146.27999877929688,147.27000427246094,56368300,145.43876273034104
2021-08-05,143.34703063964844,147.05999755859375,147.83999633789062,146.1699981689453,146.97999572753906,46397700,145.54764779470563
2021-08-06,142.66368103027344,146.13999938964844,147.11000061035156,145.6300048828125,146.35000610351562,54126800,144.85380762360373
2021-08-09,142.61485290527344,146.08999633789062,146.6999969482422,145.52000427246094,146.1999969482422,48908700,144.80422990505411
2021-08-10,142.13650512695312,145.60000610351562,147.7100067138672,145.3000030517578,146.44000244140625,69023100,144.31853868667537
2021-08-11,142.39035034179688,145.86000061035156,146.72000122070312,145.52999877929688,146.0500030517578,48493500,144.5762808509852
2021-08-12,145.3482666015625,148.88999938964844,149.0500030517578,145.83999633789062,146.19000244140625,72282600,147.57960608249874
2021-08-13,145.5532684326172,149.10000610351562,149.44000244140625,148.27000427246094,148.97000122070312,59375000,147.7877550352219
2021-08-16,147.52520751953125,151.1199951171875,151.19000244140625,146.47000122070312,148.5399932861328,103296000,149.78996669188524
2021-08-17,146.6173095703125,150.19000244140625,151.67999267578125,149.08999633789062,150.22999572753906,92229700,148.86813098760328
2021-08-18,142.87844848632812,146.36000061035156,150.72000122070312,146.14999389648438,149.8000030517578,86326000,145.0718721200368
2021-08-19,143.2103729248047,146.6999969482422,148.0,144.5,145.02999877929688,86960300,145.4088921549149
2021-08-20,144.6649169921875,148.19000244140625,148.5,146.77999877929688,147.44000244140625,60549600,146.88576591139685
2021-08-23,146.1487579345703,149.7100067138672,150.19000244140625,147.88999938964844,148.30999755859375,60131800,148.39238629900856
2021-08-24,146.0608673095703,149.6199951171875,150.86000061035156,149.14999389648438,149.4499969482422,48606400,148.30314640561926
2021-08-25,144.8308868408203,148.36000061035156,150.32000732421875,147.8000030517578,149.80999755859375,58991300,147.0542836753544
2021-08-26,144.0303497314453,147.5399932861328,149.1199951171875,147.50999450683594,148.35000610351562,48597200,146.2414569797334
2021-08-27,145.06517028808594,148.60000610351562,148.75,146.8300018310547,147.47999572753906,55802400,147.2921637661703
2021-08-30,149.47764587402344,153.1199951171875,153.49000549316406,148.61000061035156,149.0,90956700,151.77237824720282
2021-08-31,148.2183074951172,151.8300018310547,152.8000030517578,151.2899932861328,152.66000366210938,86453100,150.49370691366002
2021-09-01,148.88214111328125,152.50999450683594,154.97999572753906,152.33999633789062,152.8300018310547,80313700,151.1677314903791
2021-09-02,149.99501037597656,153.64999389648438,154.72000122070312,152.39999389648438,153.8699951171875,71115500,152.2976851613101
2021-09-03,150.6295623779297,154.3000030517578,154.6300048828125,153.08999633789062,153.75999450683594,57808700,152.94197859993648
2021-09-07,152.96270751953125,156.69000244140625,157.25999450683594,154.38999938964844,154.97000122070312,82278300,155.31094142957062
2021-09-08,151.4202880859375,155.11000061035156,157.0399932861328,153.97999572753906,156.97999572753906,74420200,153.7448432727364
2021-09-09,150.40505981445312,154.07000732421875,156.11000061035156,153.9499969482422,155.49000549316406,57305700,152.7140295458676
2021-09-10,145.4263458251953,148.97000122070312,155.47999572753906,148.6999969482422,155.0,140893200,147.65888395306698
2021-09-13,145.99256896972656,149.5500030517578,151.4199981689453,148.75,150.6300048828125,102404300,148.233799571798
2021-09-14,144.59657287597656,148.1199951171875,151.07000732421875,146.91000366210938,150.35000610351562,109296300,146.81637259846443
2021-09-15,145.48492431640625,149.02999877929688,149.44000244140625,146.3699951171875,148.55999755859375,83281300,147.71836172228947
2021-09-16,145.25062561035156,148.7899932861328,148.97000122070312,147.22000122070312,148.44000244140625,68034100,147.48046613843655
2021-09-17,142.58558654785156,146.05999755859375,148.82000732421875,145.75999450683594,148.82000732421875,129868800,144.77451425999843
2021-09-20,139.53976440429688,142.94000244140625,144.83999633789062,141.27000427246094,143.8000030517578,123478900,141.68193364205854
2021-09-21,140.0181427001953,143.42999267578125,144.60000610351562,142.77999877929688,143.92999267578125,75834000,142.16765584651137
2021-09-22,142.38055419921875,145.85000610351562,146.42999267578125,143.6999969482422,144.4499969482422,76404300,144.5663343212012
2021-09-23,143.3372802734375,146.8300018310547,147.0800018310547,145.63999938964844,146.64999389648438,64838200,145.53774774403274
2021-09-24,143.42510986328125,146.9199981689453,147.47000122070312,145.55999755859375,145.66000366210938,53477900,145.62692566527386
2021-09-27,141.91195678710938,145.3699951171875,145.9600067138672,143.82000732421875,145.47000122070312,74150700,144.09054315349533
2021-09-28,138.53428649902344,141.91000366210938,144.75,141.69000244140625,143.25,108972300,140.6610199658626
2021-09-29,139.4324188232422,142.8300018310547,144.4499969482422,142.02999877929688,142.47000122070312,74602000,141.57294012643462
2021-09-30,138.13401794433594,141.5,144.3800048828125,141.27999877929688,143.66000366210938,89056700,140.2546066180521
2021-10-01,139.25669860839844,142.64999389648438,142.9199981689453,139.11000061035156,141.89999389648438,94639600,141.3945223118042
2021-10-04,135.83016967773438,139.13999938964844,142.2100067138672,138.27000427246094,141.75999450683594,98322000,137.91539041954775
2021-10-05,137.75332641601562,141.11000061035156,142.24000549316406,139.36000061035156,139.49000549316406,80861100,139.8680708367726
2021-10-06,138.6221466064453,142.0,142.14999389648438,138.3699951171875,139.47000122070312,83221100,140.7502288731778
2021-10-07,139.8814697265625,143.2899932861328,144.22000122070312,142.72000122070312,143.05999755859375,61732700,142.0288847136836
2021-10-08,139.50074768066406,142.89999389648438,144.17999267578125,142.55999755859375,144.02999877929688,58773200,141.64231794633
2021-10-11,139.41287231445312,142.80999755859375,144.80999755859375,141.80999755859375,142.27000427246094,64452200,141.55309354597773
2021-10-12,138.14376831054688,141.50999450683594,143.25,141.0399932861328,143.22999572753906,73035900,140.26450666872498
2021-10-13,137.55807495117188,140.91000366210938,141.39999389648438,139.1999969482422,141.24000549316406,78762700,139.66982193472234
2021-10-14,140.34027099609375,143.75999450683594,143.8800048828125,141.50999450683594,142.11000061035156,69907100,142.49472935160543
2021-10-15,141.39456176757812,144.83999633789062,144.89999389648438,143.50999450683594,143.77000427246094,67940300,143.56520525331393
2021-10-18,143.06390380859375,146.5500030517578,146.83999633789062,143.16000366210938,143.4499969482422,85589200,145.26017449230307
2021-10-19,145.2213592529297,148.75999450683594,149.1699981689453,146.5500030517578,147.00999450683594,76378900,147.45075049338087
2021-10-20,145.70945739746094,149.25999450683594,149.75,148.1199951171875,148.6999969482422,58418800,147.9463417624325
2021-10-21,145.9241943359375,149.47999572753906,149.63999938964844,147.8699951171875,148.80999755859375,61421000,148.1643752727915
2021-10-22,145.1529998779297,148.69000244140625,150.17999267578125,148.63999938964844,149.69000244140625,58883400,147.3813416874114
2021-10-25,145.1042022705078,148.63999938964844,149.3699951171875,147.6199951171875,148.67999267578125,50720600,147.33179495493587
2021-10-26,145.76797485351562,149.32000732421875,150.83999633789062,149.00999450683594,149.3300018310547,60893400,148.0057575595068
2021-10-27,145.30918884277344,148.85000610351562,149.72999572753906,148.49000549316406,149.36000061035156,56094900,147.539928414622
2021-10-28,148.94073486328125,152.57000732421875,153.1699981689453,149.72000122070312,149.82000732421875,100077900,151.22722475263865
2021-10-29,146.2366485595703,149.8000030517578,149.94000244140625,146.41000366210938,147.22000122070312,124953200,148.4816261923979
2021-11-01,145.41661071777344,148.9600067138672,149.6999969482422,147.8000030517578,148.99000549316406,74588300,147.64899939543116
2021-11-02,146.45138549804688,150.02000427246094,151.57000732421875,148.64999389648438,148.66000366210938,69122000,148.69965970275686
2021-11-03,147.8864288330078,151.49000549316406,151.97000122070312,149.82000732421875,150.38999938964844,54511500,150.15673335789307
2021-11-04,147.36895751953125,150.9600067138672,152.42999267578125,150.63999938964844,151.5800018310547,60394600,149.63131799252648
2021-11-05,147.89698791503906,151.27999877929688,152.1999969482422,150.05999755859375,151.88999938964844,65463900,150.16745453952944
2021-11-08,147.07569885253906,150.44000244140625,151.57000732421875,150.16000366210938,151.41000366210938,55020900,149.33355731352486
2021-11-09,147.4374237060547,150.80999755859375,151.42999267578125,150.05999755859375,150.1999969482422,56787900,149.70083524975524
2021-11-10,144.612060546875,147.9199981689453,150.1300048828125,147.85000610351562,150.02000427246094,65187100,146.8320980310669
2021-11-11,144.5631866455078,147.8699951171875,149.42999267578125,147.67999267578125,148.9600067138672,41000000,146.78247383340613
2021-11-12,146.6357879638672,149.99000549316406,150.39999389648438,147.47999572753906,148.42999267578125,63804000,148.8868930554669
2021-11-15,146.64559936523438,150.0,151.8800048828125,149.42999267578125,150.3699951171875,59222800,148.89685507828798
2021-11-16,147.62319946289062,151.0,151.49000549316406,149.33999633789062,149.94000244140625,59256200,149.8894629757995
2021-11-17,150.05751037597656,153.49000549316406,155.0,150.99000549316406,151.0,88807000,152.36114464105364
2021-11-18,154.33953857421875,157.8699951171875,158.6699981689453,153.0500030517578,153.7100067138672,137827700,156.70890914837346
2021-11-19,156.9596405029297,160.5500030517578,161.02000427246094,156.52999877929688,157.64999389648438,117305600,159.36923403270887
2021-11-22,157.4191131591797,161.02000427246094,165.6999969482422,161.0,161.67999267578125,117467900,159.83576036426078
2021-11-23,157.8004150390625,161.41000366210938,161.8000030517578,159.05999755859375,161.1199951171875,96041900,160.22291586702215
2021-11-24,158.31854248046875,161.94000244140625,162.13999938964844,159.63999938964844,160.75,69463600,160.74899743298178
2021-11-26,153.3032684326172,156.80999755859375,160.4499969482422,156.36000061035156,159.57000732421875,76959800,155.65673052341717
2021-11-29,156.65660095214844,160.24000549316406,161.19000244140625,158.7899932861328,159.3699951171875,88748200,159.06154231696033
2021-11-30,161.60342407226562,165.3000030517578,165.52000427246094,159.9199981689453,159.99000549316406,174048100,164.0843074623332
2021-12-01,161.08529663085938,164.77000427246094,170.3000030517578,164.52999877929688,167.47999572753906,152052500,163.55822589637356
2021-12-02,160.0978546142578,163.75999450683594,164.1999969482422,157.8000030517578,158.74000549316406,136739200,162.55562498996687
2021-12-03,158.22076416015625,161.83999633789062,164.9600067138672,159.72000122070312,164.02000427246094,118023100,160.64971805158618
2021-12-06,161.6229705810547,165.32000732421875,167.8800048828125,164.27999877929688,164.2899932861328,107497000,164.10415404279007
2021-12-07,167.3518829345703,171.17999267578125,171.5800018310547,168.33999633789062,169.0800018310547,120405400,169.9210148019944
2021-12-08,171.16470336914062,175.0800018310547,175.9600067138672,170.6999969482422,172.1300048828125,116998900,173.7923684201265
2021-12-09,170.6563262939453,174.55999755859375,176.75,173.9199981689453,174.91000366210938,108923700,173.27618690483976
2021-12-10,175.4369659423828,179.4499969482422,179.6300048828125,174.69000244140625,175.2100067138672,115402700,178.1302173837364
2021-12-13,171.8099365234375,175.74000549316406,182.1300048828125,175.52999877929688,181.1199951171875,153237000,174.4475069846856
2021-12-14,170.4314727783203,174.3300018310547,177.74000549316406,172.2100067138672,175.25,139380400,173.04788151091876
2021-12-15,175.2903594970703,179.3000030517578,179.5,172.30999755859375,175.11000061035156,131063300,177.9813602837912
2021-12-16,168.40774536132812,172.25999450683594,181.13999938964844,170.75,179.27999877929688,150185800,170.99308648651873
2021-12-17,167.31280517578125,171.13999938964844,173.47000122070312,169.69000244140625,169.92999267578125,195432700,169.88133713411767
2021-12-20,165.95388793945312,169.75,170.5800018310547,167.4600067138672,168.27999877929688,107499100,168.50155824080773
2021-12-21,169.1214599609375,172.99000549316406,173.1999969482422,169.1199951171875,171.55999755859375,91185900,171.71775780134368
2021-12-22,171.712158203125,175.63999938964844,175.86000061035156,172.14999389648438,173.0399932861328,92135300,174.34822760328998
2021-12-23,172.33786010742188,176.27999877929688,176.85000610351562,175.27000427246094,175.85000610351562,68356600,174.98353508042925
2021-12-27,176.29730224609375,180.3300018310547,180.4199981689453,177.07000732421875,177.08999633789062,74919600,179.0037612915436
2021-12-28,175.28053283691406,179.2899932861328,181.3300018310547,178.52999877929688,180.16000366210938,79144300,177.97138276793308
2021-12-29,175.36856079101562,179.3800048828125,180.6300048828125,178.13999938964844,179.3300018310547,62348900,178.0607620986558
2021-12-30,174.2149200439453,178.1999969482422,180.57000732421875,178.08999633789062,179.47000122070312,59773000,176.88941103273586
2021-12-31,173.59898376464844,177.57000732421875,179.22999572753906,177.25999450683594,178.08999633789062,64062300,176.26401909930652
2022-01-03,177.93971252441406,182.00999450683594,182.8800048828125,177.7100067138672,177.8300018310547,104487900,180.67138532014522
2022-01-04,175.68141174316406,179.6999969482422,182.94000244140625,179.1199951171875,182.6300048828125,99310400,178.37841583722542
2022-01-05,171.00823974609375,174.9199981689453,180.1699981689453,174.63999938964844,179.61000061035156,94537600,173.63350281824907
2022-01-06,168.15357971191406,172.0,175.3000030517578,171.63999938964844,172.6999969482422,96904000,170.73501896843092
2022-01-07,168.3197784423828,172.1699981689453,174.13999938964844,171.02999877929688,172.88999938964844,86709100,170.9037691279442
2022-01-10,168.33932495117188,172.19000244140625,172.5,168.1699981689453,169.0800018310547,106765600,170.9236157084011
2022-01-11,171.16470336914062,175.0800018310547,175.17999267578125,170.82000732421875,172.32000732421875,76138300,173.7923684201265
2022-01-12,171.60462951660156,175.52999877929688,177.17999267578125,174.82000732421875,176.1199951171875,74805200,174.2390481712215
2022-01-13,168.33932495117188,172.19000244140625,176.6199951171875,171.7899932861328,175.77999877929688,84505800,170.9236157084011
2022-01-14,169.1996612548828,173.07000732421875,173.77999877929688,171.08999633789062,171.33999633789062,80440800,171.7971596162083
2022-01-18,166.0027618408203,169.8000030517578,172.5399932861328,169.41000366210938,171.50999450683594,90956700,168.55118243846846
2022-01-19,162.51258850097656,166.22999572753906,171.0800018310547,165.94000244140625,170.0,94815000,165.00742908869
2022-01-20,160.8310546875,164.50999450683594,169.67999267578125,164.17999267578125,166.97999572753906,91420500,163.30008091310052
2022-01-21,158.77804565429688,162.41000366210938,166.3300018310547,162.3000030517578,164.4199981689453,122848900,161.21555475060777
2022-01-24,158.0056915283203,161.6199951171875,162.3000030517578,154.6999969482422,160.02000427246094,162294600,160.43134369441213
2022-01-25,156.2068328857422,159.77999877929688,162.75999450683594,157.02000427246094,158.97999572753906,115798400,158.60486955697016
2022-01-26,156.11888122558594,159.69000244140625,164.38999938964844,157.82000732421875,163.5,108275300,158.51556769143266
2022-01-27,155.6593780517578,159.22000122070312,163.83999633789062,158.27999877929688,162.4499969482422,121954600,158.04901037380665
2022-01-28,166.5209197998047,170.3300018310547,170.35000610351562,162.8000030517578,165.7100067138672,179935700,169.0772949905022
2022-01-31,170.87139892578125,174.77999877929688,175.0,169.50999450683594,170.16000366210938,115541600,173.49456126201378
2022-02-01,170.70521545410156,174.61000061035156,174.83999633789062,172.30999755859375,174.00999450683594,86213900,173.32582659553756
2022-02-02,171.90771484375,175.83999633789062,175.8800048828125,173.3300018310547,174.75,84914300,174.54678636608122
2022-02-03,169.03346252441406,172.89999389648438,176.24000549316406,172.1199951171875,174.47999572753906,89418100,171.62840945669504
2022-02-04,168.7495574951172,172.38999938964844,174.10000610351562,170.67999267578125,171.67999267578125,82465400,171.3401460094031
2022-02-07,168.0349578857422,171.66000366210938,173.9499969482422,170.9499969482422,172.86000061035156,77251200,170.61457609842944
2022-02-08,171.1380615234375,174.8300018310547,175.35000610351562,171.42999267578125,171.72999572753906,74829200,173.76531757744286
2022-02-09,172.5574188232422,176.27999877929688,176.64999389648438,174.89999389648438,176.0500030517578,71285000,175.206464390495
2022-02-10,168.4853057861328,172.1199951171875,175.47999572753906,171.5500030517578,174.13999938964844,90865900,171.07183759382738
2022-02-11,165.07876586914062,168.63999938964844,173.0800018310547,168.0399932861328,172.3300018310547,98670700,167.6130015801022
2022-02-14,165.31373596191406,168.8800048828125,169.5800018310547,166.55999755859375,167.3699951171875,86185500,167.8515788575852
2022-02-15,169.14111328125,172.7899932861328,172.9499969482422,170.25,170.97000122070312,62527400,171.7377128330599
2022-02-16,168.9062042236328,172.5500030517578,173.33999633789062,170.0500030517578,171.85000610351562,61177400,171.4991975277251
2022-02-17,165.31373596191406,168.8800048828125,171.91000366210938,168.47000122070312,171.02999877929688,69589300,167.8515788575852
2022-02-18,163.76707458496094,167.3000030517578,170.5399932861328,166.19000244140625,169.82000732421875,82772700,166.28117363645197
2022-02-22,160.8500213623047,164.32000732421875,166.69000244140625,162.14999389648438,164.97999572753906,91162800,163.31933875814963
2022-02-23,156.68978881835938,160.07000732421875,166.14999389648438,159.75,165.5399932861328,90009200,159.09523967253702
2022-02-24,159.30337524414062,162.74000549316406,162.85000610351562,152.0,152.5800018310547,141147500,161.74894903005347
2022-02-25,161.36880493164062,164.85000610351562,165.1199951171875,160.8699951171875,163.83999633789062,91974200,163.8460865247023
2022-02-28,161.63308715820312,165.1199951171875,165.4199981689453,162.42999267578125,163.05999755859375,95056600,164.11442592635208
2022-03-01,159.75367736816406,163.1999969482422,166.60000610351562,161.97000122070312,164.6999969482422,83474400,162.20616404634026
2022-03-02,163.04269409179688,166.55999755859375,167.36000061035156,162.9499969482422,164.38999938964844,79724800,165.54567268873134
2022-03-03,162.71966552734375,166.22999572753906,168.91000366210938,165.5500030517578,168.47000122070312,76678400,165.21768509445153
2022-03-04,159.72427368164062,163.1699981689453,165.5500030517578,162.10000610351562,164.49000549316406,83737200,162.17630896395116
2022-03-07,155.93597412109375,159.3000030517578,165.02000427246094,159.0399932861328,163.36000061035156,96418800,158.3298526563532
2022-03-08,154.11529541015625,157.44000244140625,162.8800048828125,155.8000030517578,158.82000732421875,131148300,156.48122347593434
2022-03-09,159.5089569091797,162.9499969482422,163.41000366210938,159.41000366210938,161.47999572753906,91454900,161.9576867181844
2022-03-10,155.17247009277344,158.52000427246094,160.38999938964844,155.97999572753906,160.1999969482422,105342000,157.5546275616447
2022-03-11,151.46250915527344,154.72999572753906,159.27999877929688,154.5,158.92999267578125,96970100,153.78771250624476
2022-03-14,147.4392852783203,150.6199951171875,154.1199951171875,150.10000610351562,151.4499969482422,108732100,149.70272540027497
2022-03-15,151.81491088867188,155.08999633789062,155.57000732421875,150.3800048828125,150.89999389648438,92964300,154.1455241968396
2022-03-16,156.21987915039062,159.58999633789062,160.0,154.4600067138672,157.0500030517578,102300200,158.61811610364512
2022-03-17,157.22811889648438,160.6199951171875,161.0,157.6300048828125,158.61000061035156,75615400,159.64183401954654
2022-03-18,160.51718139648438,163.97999572753906,164.47999572753906,159.75999450683594,160.50999450683594,123511700,162.98138914104877
2022-03-21,161.8876190185547,165.3800048828125,166.35000610351562,163.00999450683594,163.50999450683594,95811400,164.372865277329
2022-03-22,165.25497436523438,168.82000732421875,169.4199981689453,164.91000366210938,165.50999450683594,81532000,167.79191517191813
2022-03-23,166.61561584472656,170.2100067138672,172.63999938964844,167.64999389648438,167.99000549316406,98062700,169.17344477841436
2022-03-24,170.3941192626953,174.07000732421875,174.13999938964844,170.2100067138672,171.05999755859375,90131400,173.0099545562283
2022-03-25,171.03036499023438,174.72000122070312,175.27999877929688,172.75,173.8800048828125,80546200,173.65596772196687
2022-03-28,171.8917999267578,175.60000610351562,175.72999572753906,172.0,172.1699981689453,90371900,174.53062712844144
2022-03-29,175.18084716796875,178.9600067138672,179.00999450683594,176.33999633789062,176.69000244140625,100589400,177.87016675690663
2022-03-30,174.01596069335938,177.77000427246094,179.61000061035156,176.6999969482422,178.5500030517578,92633200,176.6873973226832
2022-03-31,170.92269897460938,174.61000061035156,178.02999877929688,174.39999389648438,177.83999633789062,103049300,173.54664885256497
2022-04-01,170.62905883789062,174.30999755859375,174.8800048828125,171.94000244140625,174.02999877929688,78751300,173.2485008476372
2022-04-04,174.6718292236328,178.44000244140625,178.49000549316406,174.44000244140625,174.57000732421875,76468400,177.35333453406392
2022-04-05,171.36318969726562,175.05999755859375,178.3000030517578,174.4199981689453,177.5,73401800,173.9939018460307
2022-04-06,168.20140075683594,171.8300018310547,173.6300048828125,170.1300048828125,172.36000061035156,89058800,170.78357414653547
2022-04-07,168.5048370361328,172.13999938964844,173.36000061035156,169.85000610351562,171.16000366210938,77594700,171.09166868124723
2022-04-08,166.49818420410156,170.08999633789062,171.77999877929688,169.1999969482422,171.77999877929688,76575500,169.05421036530254
2022-04-11,162.2498016357422,165.75,169.02999877929688,165.5,168.7100067138672,72246700,164.7406080046708
2022-04-12,164.1194305419922,167.66000366210938,169.8699951171875,166.63999938964844,168.02000427246094,79265200,166.63893884793563
2022-04-13,166.80160522460938,170.39999389648438,171.0399932861328,166.77000427246094,167.38999938964844,70618900,169.36228940697725
2022-04-14,161.79949951171875,165.2899932861328,171.27000427246094,165.0399932861328,170.6199951171875,75329400,164.28339298838398
2022-04-18,161.5841522216797,165.07000732421875,166.60000610351562,163.57000732421875,163.9199981689453,69023900,164.06473975654313
2022-04-19,163.8649444580078,167.39999389648438,167.82000732421875,163.91000366210938,165.02000427246094,67723800,166.38054597606984
2022-04-20,163.69854736328125,167.22999572753906,168.8800048828125,166.10000610351562,168.75999450683594,67929800,166.21159440707498
2022-04-21,162.90567016601562,166.4199981689453,171.52999877929688,165.91000366210938,168.91000366210938,87227800,165.40654521605148
2022-04-22,158.37338256835938,161.7899932861328,167.8699951171875,161.5,166.4600067138672,84882400,160.8046794081278
2022-04-25,159.4404296875,162.8800048828125,163.1699981689453,158.4600067138672,161.1199951171875,96046400,161.8881074888074
2022-04-26,153.48880004882812,156.8000030517578,162.33999633789062,156.72000122070312,162.25,95623200,155.84511036086866
2022-04-27,153.26364135742188,156.57000732421875,159.7899932861328,155.3800048828125,155.91000366210938,88063200,155.61649510620674
2022-04-28,160.18434143066406,163.63999938964844,164.52000427246094,158.92999267578125,159.25,130216800,162.64343952394788
2022-04-29,154.32086181640625,157.64999389648438,166.1999969482422,157.25,161.83999633789062,131747600,156.68994567102823
2022-05-02,154.6243133544922,157.9600067138672,158.22999572753906,153.27000427246094,156.7100067138672,123055300,156.99805569877705
2022-05-03,156.11216735839844,159.47999572753906,160.7100067138672,156.32000732421875,158.14999389648438,88966500,158.50875075513207
2022-05-04,162.51409912109375,166.02000427246094,166.47999572753906,159.25999450683594,159.6699981689453,108256500,165.00896289935764
2022-05-05,153.45947265625,156.77000427246094,164.0800018310547,154.9499969482422,163.85000610351562,130525300,155.81533274366478
2022-05-06,154.18487548828125,157.27999877929688,159.44000244140625,154.17999267578125,156.00999450683594,116124600,156.55187172486754
2022-05-09,149.06759643554688,152.05999755859375,155.8300018310547,151.49000549316406,154.92999267578125,131577900,151.35603386264538
2022-05-10,151.46939086914062,154.50999450683594,156.74000549316406,152.92999267578125,155.52000427246094,115366700,153.79469986595285
2022-05-11,143.61700439453125,146.5,155.4499969482422,145.80999755859375,153.5,142689800,145.82176609917386
2022-05-12,139.75454711914062,142.55999755859375,146.1999969482422,138.8000030517578,142.77000427246094,182602000,141.90001363152868
2022-05-13,144.2150115966797,147.11000061035156,148.10000610351562,143.11000061035156,144.58999633789062,113990900,146.42895371407326
2022-05-16,142.67591857910156,145.5399932861328,147.52000427246094,144.17999267578125,145.5500030517578,86643800,144.86623303931523
2022-05-17,146.30307006835938,149.24000549316406,149.77000427246094,146.67999267578125,148.86000061035156,78336300,148.5490673826624
2022-05-18,138.04879760742188,140.82000732421875,147.36000061035156,139.89999389648438,146.85000610351562,109742900,140.16807800614598
2022-05-19,134.64707946777344,137.35000610351562,141.66000366210938,136.60000610351562,139.8800048828125,136095600,136.71413779212756
2022-05-20,134.88232421875,137.58999633789062,140.6999969482422,132.61000061035156,139.08999633789062,137426100,136.95299394427738
2022-05-23,140.29371643066406,143.11000061035156,143.25999450683594,137.64999389648438,137.7899932861328,117726300,142.44746009557576
2022-05-24,137.59783935546875,140.36000061035156,141.97000122070312,137.3300018310547,140.80999755859375,104132700,139.71019678926618
2022-05-25,137.75469970703125,140.52000427246094,141.7899932861328,138.33999633789062,138.42999267578125,92482700,139.86946521010682
2022-05-26,140.9505157470703,143.77999877929688,144.33999633789062,137.13999938964844,137.38999938964844,90601500,143.1143423822163
2022-05-27,146.69522094726562,149.63999938964844,149.67999267578125,145.25999450683594,145.38999938964844,90978500,148.94723843476402
2022-05-31,145.9109649658203,148.83999633789062,150.66000366210938,146.83999633789062,149.07000732421875,103718400,148.15094280967193
2022-06-01,145.78350830078125,148.7100067138672,151.74000549316406,147.67999267578125,149.89999389648438,74286600,148.0215294712204
2022-06-02,148.23434448242188,151.2100067138672,151.27000427246094,146.86000061035156,147.8300018310547,72348100,150.50999009559615
2022-06-03,142.51905822753906,145.3800048828125,147.97000122070312,144.4600067138672,146.89999389648438,88570300,144.7069646184746
2022-06-06,143.2640838623047,146.13999938964844,148.57000732421875,144.89999389648438,147.02999877929688,71598400,145.46342764531946
2022-06-07,145.78350830078125,148.7100067138672,149.0,144.10000610351562,144.35000610351562,67808200,148.0215294712204
2022-06-08,145.0482940673828,147.9600067138672,149.8699951171875,147.4600067138672,148.5800018310547,53950200,147.27502846719656
2022-06-09,139.83294677734375,142.63999938964844,147.9499969482422,142.52999877929688,147.0800018310547,69473000,141.9796168558749
2022-06-10,134.4314422607422,137.1300048828125,140.75999450683594,137.05999755859375,140.27999877929688,91437900,136.4951901925828
2022-06-13,129.28472900390625,131.8800048828125,135.1999969482422,131.44000244140625,132.8699951171875,122207100,131.26946626189743
2022-06-14,130.1474151611328,132.75999450683594,133.88999938964844,131.47999572753906,133.1300048828125,84784300,132.14539609740984
2022-06-15,132.7648468017578,135.42999267578125,137.33999633789062,132.16000366210938,134.2899932861328,91533000,134.8030097002621
2022-06-16,127.50054168701172,130.05999755859375,132.38999938964844,129.0399932861328,132.0800018310547,108123900,129.45788867957592
2022-06-17,128.9710235595703,131.55999755859375,133.0800018310547,129.80999755859375,130.07000732421875,134520300,130.9509449132532
2022-06-21,133.1962127685547,135.8699951171875,137.05999755859375,133.32000732421875,133.4199981689453,81000500,135.24099785757386
2022-06-22,132.6864471435547,135.35000610351562,137.75999450683594,133.91000366210938,134.7899932861328,73409200,134.72340647591585
2022-06-23,135.54898071289062,138.27000427246094,138.58999633789062,135.6300048828125,136.82000732421875,72433800,137.62988473285014
2022-06-24,138.8722381591797,141.66000366210938,141.91000366210938,139.77000427246094,139.89999389648438,89116800,141.00415975037413
2022-06-27,138.8722381591797,141.66000366210938,143.49000549316406,140.97000122070312,142.6999969482422,70207900,141.00415975037413
2022-06-28,134.7353057861328,137.44000244140625,143.4199981689453,137.32000732421875,142.1300048828125,67083400,136.8037185323319
2022-06-29,136.4900665283203,139.22999572753906,140.6699981689453,136.6699981689453,137.4600067138672,66242400,138.58541779270877
2022-06-30,134.02947998046875,136.72000122070312,138.3699951171875,133.77000427246094,137.25,98964500,136.08705711766012
2022-07-01,136.19598388671875,138.92999267578125,139.0399932861328,135.66000366210938,136.0399932861328,71051600,138.28682048970666
2022-07-05,138.77423095703125,141.55999755859375,141.61000061035156,136.92999267578125,137.77000427246094,73353800,140.9046479734228
2022-07-06,140.10745239257812,142.9199981689453,144.1199951171875,141.0800018310547,141.35000610351562,74064300,142.25833659234604
2022-07-07,143.46994018554688,146.35000610351562,146.5500030517578,143.27999877929688,143.2899932861328,66253700,145.67244420811724
2022-07-08,144.1463623046875,147.0399932861328,147.5500030517578,145.0,145.25999450683594,64547800,146.3592505403999
2022-07-11,142.0190887451172,144.8699951171875,146.63999938964844,143.77999877929688,145.6699981689453,63141600,144.1993197666006
2022-07-12,142.98959350585938,145.86000061035156,148.4499969482422,145.0500030517578,145.75999450683594,77588800,145.18472340188538
2022-07-13,142.62689208984375,145.49000549316406,146.4499969482422,142.1199951171875,142.99000549316406,71185600,144.81645391128401
2022-07-14,145.54820251464844,148.47000122070312,148.9499969482422,143.25,144.0800018310547,78140700,147.78261134692238
2022-07-15,147.2147674560547,150.1699981689453,150.86000061035156,148.1999969482422,149.77999877929688,76259900,149.474760853169
2022-07-18,144.17581176757812,147.07000732421875,151.57000732421875,146.6999969482422,150.74000549316406,81420900,146.38915210190015
2022-07-19,148.0284423828125,151.0,151.22999572753906,146.91000366210938,147.9199981689453,82982400,150.30092705368725
2022-07-20,150.0283203125,153.0399932861328,153.72000122070312,150.3699951171875,151.1199951171875,64823400,152.33150646118318
2022-07-21,152.29286193847656,155.35000610351562,155.57000732421875,151.94000244140625,154.5,65086600,154.6308125962551
2022-07-22,151.05764770507812,154.08999633789062,156.27999877929688,153.41000366210938,155.38999938964844,66675400,153.3766357542832
2022-07-25,149.94007873535156,152.9499969482422,155.0399932861328,152.27999877929688,154.00999450683594,53623900,152.2419102279418
2022-07-26,148.6166534423828,151.60000610351562,153.08999633789062,150.8000030517578,152.25999450683594,55138700,150.89816813880262
2022-07-27,153.70448303222656,156.7899932861328,157.3300018310547,152.16000366210938,152.5800018310547,78620700,156.06410443952456
2022-07-28,154.2535400390625,157.35000610351562,157.63999938964844,154.41000366210938,156.97999572753906,81378700,156.62159039157794
2022-07-29,159.31192016601562,162.50999450683594,163.6300048828125,159.5,161.24000549316406,101786900,161.75762513079965
2022-08-01,158.3316192626953,161.50999450683594,163.58999633789062,160.88999938964844,161.00999450683594,67829400,160.76227496573085
2022-08-02,156.8611297607422,160.00999450683594,162.41000366210938,159.6300048828125,160.10000610351562,59907000,159.269210985535
2022-08-03,162.86070251464844,166.1300048828125,166.58999633789062,160.75,160.83999633789062,82507500,165.36088723587469
2022-08-04,162.5469970703125,165.80999755859375,167.19000244140625,164.42999267578125,166.00999450683594,55474100,165.04236588723046
2022-08-05,162.3212127685547,165.35000610351562,165.85000610351562,163.0,163.2100067138672,56697000,164.81311541804962
2022-08-08,161.84999084472656,164.8699951171875,167.80999755859375,164.1999969482422,166.3699951171875,60276900,164.33465944797172
2022-08-09,161.8990936279297,164.9199981689453,165.82000732421875,163.25,164.02000427246094,63135500,164.38451604118816
2022-08-10,166.13995361328125,169.24000549316406,169.33999633789062,166.89999389648438,167.67999267578125,70170500,168.69048033455584
2022-08-11,165.40374755859375,168.49000549316406,170.99000549316406,168.19000244140625,170.05999755859375,57149200,167.942972283124
2022-08-12,168.94757080078125,172.10000610351562,172.1699981689453,169.39999389648438,169.82000732421875,68039400,171.54119915115885
2022-08-15,170.01760864257812,173.19000244140625,173.38999938964844,171.35000610351562,171.52000427246094,54091700,172.6276638670996
2022-08-16,169.8605499267578,173.02999877929688,173.7100067138672,171.66000366210938,172.77999877929688,56377100,172.46819403677736
2022-08-17,171.3527069091797,174.5500030517578,176.14999389648438,172.57000732421875,172.77000427246094,79542000,173.98325812957958
2022-08-18,170.96002197265625,174.14999389648438,174.89999389648438,173.1199951171875,173.75,62290100,173.5845448211813
2022-08-19,168.3782196044922,171.52000427246094,173.74000549316406,171.30999755859375,173.02999877929688,70346300,170.96310745983325
2022-08-22,164.5005645751953,167.57000732421875,169.86000061035156,167.13999938964844,169.69000244140625,69026800,167.02592392728948
2022-08-23,164.16676330566406,167.22999572753906,168.7100067138672,166.64999389648438,167.0800018310547,54147100,166.68699824885468
2022-08-24,164.4612579345703,167.52999877929688,168.11000061035156,166.25,167.32000732421875,53841500,166.98601386385707
2022-08-25,166.91549682617188,170.02999877929688,170.13999938964844,168.35000610351562,168.77999877929688,51218200,169.47792943549425
2022-08-26,160.62294006347656,163.6199951171875,171.0500030517578,163.55999755859375,170.57000732421875,78961000,163.08877138081982
2022-08-29,158.42396545410156,161.3800048828125,162.89999389648438,159.82000732421875,161.14999389648438,73314000,160.85603882593782
2022-08-30,155.99917602539062,158.91000366210938,162.55999755859375,157.72000122070312,162.1300048828125,77906200,158.39402481580086
2022-08-31,154.3401336669922,157.22000122070312,160.5800018310547,157.13999938964844,160.30999755859375,87991100,156.70951337681828
2022-09-01,155.06661987304688,157.9600067138672,158.4199981689453,154.6699981689453,156.63999938964844,74229900,157.44715236365136
2022-09-02,152.9560089111328,155.80999755859375,160.36000061035156,154.97000122070312,159.75,76957800,155.3041399863071
2022-09-06,151.69935607910156,154.52999877929688,157.08999633789062,153.69000244140625,156.47000122070312,73714800,154.02819542728452
2022-09-07,153.10321044921875,155.9600067138672,156.6699981689453,153.61000061035156,154.82000732421875,87449600,155.45360131469715
2022-09-08,151.63070678710938,154.4600067138672,156.36000061035156,152.67999267578125,154.63999938964844,84923800,153.95849225361115
2022-09-09,154.48739624023438,157.3699951171875,157.82000732421875,154.75,155.47000122070312,68028800,156.85903667735653
2022-09-12,160.43638610839844,163.42999267578125,164.25999450683594,159.3000030517578,159.58999633789062,104956000,162.8993535098862
2022-09-13,151.02206420898438,153.83999633789062,160.5399932861328,153.3699951171875,159.89999389648438,122656600,153.34050599189018
2022-09-14,152.46511840820312,155.30999755859375,157.10000610351562,153.61000061035156,154.7899932861328,87965400,154.80571349147593
2022-09-15,149.57896423339844,152.3699951171875,155.24000549316406,151.3800048828125,154.64999389648438,90481100,151.8752520131933
2022-09-16,147.9395751953125,150.6999969482422,151.35000610351562,148.3699951171875,151.2100067138672,162278800,150.21069560592693
2022-09-19,151.6503448486328,154.47999572753906,154.55999755859375,149.10000610351562,149.30999755859375,81474200,153.97843179229034
2022-09-20,154.02601623535156,156.89999389648438,158.0800018310547,153.0800018310547,153.39999389648438,107689800,156.39057371617378
2022-09-21,150.90426635742188,153.72000122070312,158.74000549316406,153.60000610351562,157.33999633789062,101696800,153.22089974588923
2022-09-22,149.9422149658203,152.74000549316406,154.47000122070312,150.91000366210938,152.3800048828125,86652500,152.24407925312835
2022-09-23,147.6745147705078,150.42999267578125,151.47000122070312,148.55999755859375,151.19000244140625,96029900,149.94156605938775
2022-09-26,148.00830078125,150.77000427246094,153.77000427246094,149.63999938964844,149.66000366210938,93339400,150.28047624478552
2022-09-27,148.98013305664062,151.75999450683594,154.72000122070312,149.9499969482422,152.74000549316406,84442700,151.26722777429336
2022-09-28,147.09532165527344,149.83999633789062,150.63999938964844,144.83999633789062,147.63999938964844,146691400,149.353481359167
2022-09-29,139.8701629638672,142.47999572753906,146.72000122070312,140.67999267578125,146.10000610351562,128138200,142.01740437323193
2022-09-30,135.66854858398438,138.1999969482422,143.10000610351562,138.0,141.27999877929688,124925300,137.7512881711485
2022-10-03,139.84066772460938,142.4499969482422,143.07000732421875,137.69000244140625,138.2100067138672,114311700,141.98745633262055
2022-10-04,143.42379760742188,146.10000610351562,146.22000122070312,144.25999450683594,145.02999877929688,87830100,145.62559326408785
2022-10-05,143.71832275390625,146.39999389648438,147.3800048828125,143.00999450683594,144.07000732421875,79471000,145.92463986516432
2022-10-06,142.76611328125,145.42999267578125,147.5399932861328,145.22000122070312,145.80999755859375,68402200,144.9578123812986
2022-10-07,137.52392578125,140.08999633789062,143.10000610351562,139.4499969482422,142.5399932861328,85925600,139.63514851781167
2022-10-10,137.84783935546875,140.4199981689453,141.88999938964844,138.57000732421875,140.4199981689453,74899000,139.9640347082402
2022-10-11,136.43421936035156,138.97999572753906,141.35000610351562,138.22000122070312,139.89999389648438,77033700,138.52871327711765
2022-10-12,135.80596923828125,138.33999633789062,140.36000061035156,138.16000366210938,139.1300048828125,70433700,137.8908184627916
2022-10-13,140.3707733154297,142.99000549316406,143.58999633789062,134.3699951171875,134.99000549316406,113224000,142.5256999326619
2022-10-14,135.84527587890625,138.3800048828125,144.52000427246094,138.19000244140625,144.30999755859375,88598000,137.93072852622402
2022-10-17,139.80142211914062,142.41000366210938,142.89999389648438,140.27000427246094,141.07000732421875,85250900,141.9476082413363
2022-10-18,141.1168670654297,143.75,146.6999969482422,140.61000061035156,145.49000549316406,99136600,143.28324747210004
2022-10-19,141.22486877441406,143.86000061035156,144.9499969482422,141.5,141.69000244140625,61758300,143.39290718831697
2022-10-20,140.76345825195312,143.38999938964844,145.88999938964844,142.64999389648438,143.02000427246094,64522000,142.92441324106014
