Date,Adj Close,Close,High,Low,Open,Volume,Corrected_Adj_Close
2011-12-23,103.99442291259766,176.625244140625,176.72084045410156,173.89100646972656,175.05735778808594,3192706,116.2962319167962
2011-12-27,104.10704040527344,176.81643676757812,177.67686462402344,176.28106689453125,176.8355712890625,2902859,116.42217126699691
2011-12-28,103.56664276123047,175.89866638183594,177.2466583251953,175.27725219726562,177.04588317871094,3004112,115.81784838141554
2011-12-29,104.79939270019531,177.9923553466797,178.04014587402344,175.91778564453125,175.9751434326172,3076914,117.19642397020228
2011-12-30,103.5047607421875,175.7935028076172,178.27915954589844,175.7648162841797,178.13575744628906,3693321,115.748646154637
2012-01-03,104.866943359375,178.10707092285156,180.4110870361328,177.8202667236328,178.51815795898438,5905716,117.27196539738723
2012-01-04,104.43914031982422,177.3804931640625,178.13575744628906,176.806884765625,177.4091796875,4546648,116.7935562663118
2012-01-05,103.94377899169922,176.53919982910156,176.89292907714844,175.0478057861328,176.68260192871094,4668403,116.23959717615314
2012-01-06,102.75040435791016,174.51242065429688,176.3671112060547,174.29254150390625,176.28106689453125,5122367,114.90505471428095
2012-01-09,102.2156982421875,173.6042022705078,174.25430297851562,172.34225463867188,174.1873779296875,5440455,114.30709662480078
2012-01-10,102.0581283569336,173.33651733398438,175.64053344726562,173.23135375976562,175.17208862304688,5398406,114.13088733005819
2012-01-11,102.62660217285156,174.30210876464844,174.7705535888672,172.5621337890625,172.7820281982422,4299897,114.7666076012326
2012-01-12,101.63023376464844,172.6099395751953,173.91014099121094,170.53536987304688,173.86233520507812,7197526,113.65237581620363
2012-01-13,100.84789276123047,171.28106689453125,171.71128845214844,169.55067443847656,171.58700561523438,5522043,112.77748937303367
2012-01-17,101.32069396972656,172.08413696289062,173.9961700439453,171.4340362548828,172.4282989501953,6279556,113.30621964004054
2012-01-18,101.9229965209961,173.10707092285156,173.61376953125,171.6061248779297,171.92160034179688,4812228,113.97977034809524
2012-01-19,101.6134262084961,172.58126831054688,174.34034729003906,172.41873168945312,173.79541015625,8961291,113.63358004433911
2012-01-20,106.1165542602539,180.2294464111328,180.65965270996094,176.625244140625,177.6003875732422,13440786,118.66939648132632
2012-01-23,106.93836212158203,181.625244140625,182.14149475097656,179.4168243408203,179.64627075195312,6016278,119.58841843418995
2012-01-24,108.03598022460938,183.48948669433594,183.8432159423828,180.2294464111328,180.33460998535156,5591602,120.81587704101374
2012-01-25,107.92340850830078,183.29827880859375,183.78585815429688,181.27151489257812,182.91586303710938,4560246,120.68998888220258
2012-01-26,107.50125122070312,182.58126831054688,184.31166076660156,182.09368896484375,183.3556365966797,4188916,120.21789335583878
2012-01-27,107.20849609375,182.08413696289062,183.33651733398438,181.46270751953125,181.65391540527344,3514978,119.89050735584543
2012-01-30,108.35687255859375,184.034423828125,184.25430297851562,179.94264221191406,181.06118774414062,4559514,121.17472868178618
2012-01-31,108.41316986083984,184.13002014160156,184.6080322265625,182.6003875732422,184.5984649658203,5048833,121.23768555903915
2012-02-01,108.42436218261719,184.14913940429688,186.24282836914062,183.94837951660156,184.71319580078125,5322885,121.25020185378506
2012-02-02,107.81083679199219,183.10707092285156,184.82791137695312,182.91586303710938,184.24473571777344,4087036,120.56410072339142
2012-02-03,108.99854278564453,185.12428283691406,185.5927276611328,184.07266235351562,184.4455108642578,4729698,121.89230398485718
2012-02-06,108.5370101928711,184.34034729003906,185.23899841308594,183.55641174316406,184.01528930664062,3807231,121.3761753315788
2012-02-07,108.83527374267578,184.84703063964844,185.602294921875,183.52772521972656,183.9866180419922,3590918,121.70972136211513
2012-02-08,109.03309631347656,184.46463012695312,185.06692504882812,183.29827880859375,184.30210876464844,3978775,121.93094495207207
2012-02-09,109.1347885131836,184.63670349121094,185.90821838378906,184.08221435546875,184.54110717773438,4054714,122.04466662396594
2012-02-10,108.73358154296875,183.9579315185547,183.96749877929688,182.86807250976562,183.32696533203125,3547091,121.59599969022128
2012-02-13,108.8465805053711,184.14913940429688,185.17208862304688,183.30784606933594,184.8087921142578,2571905,121.72236563533494
2012-02-14,108.62054443359375,183.7667236328125,184.13002014160156,182.4378662109375,183.32696533203125,3554413,121.46959108561632
2012-02-15,108.6375732421875,183.79541015625,184.93307495117188,182.8489532470703,183.85276794433594,4205861,121.48863428253034
2012-02-16,109.07268524169922,184.53155517578125,184.75143432617188,183.55641174316406,184.1395721435547,3687673,121.97521697213789
2012-02-17,109.2986831665039,184.91395568847656,185.33460998535156,183.8432159423828,185.1912078857422,3918839,122.22794886236521
2012-02-21,109.28175354003906,184.88528442382812,185.69789123535156,183.9961700439453,185.2103271484375,3445106,122.20901658012855
2012-02-22,109.552978515625,185.3441619873047,186.1759033203125,184.27342224121094,184.54110717773438,3426487,122.51232556323507
2012-02-23,111.66638946533203,188.91969299316406,190.46844482421875,184.78012084960938,185.3441619873047,8402204,124.87573816805516
2012-02-24,111.75115966796875,189.06309509277344,189.82791137695312,187.9636688232422,189.6558380126953,3507447,124.97053608961063
2012-02-27,111.62120819091797,188.8432159423828,189.9713134765625,187.47610473632812,188.12619018554688,3931286,124.82521226656553
2012-02-28,111.87547302246094,189.27342224121094,190.2103271484375,188.7476043701172,189.0535430908203,3313100,125.10955483984235
2012-02-29,111.16914367675781,188.07839965820312,190.4110870361328,187.81069946289062,189.15870666503906,5352487,124.31967169902654
2012-03-01,111.62120819091797,188.8432159423828,189.7418670654297,188.26959228515625,188.55641174316406,3724074,124.82521226656553
2012-03-02,112.34449768066406,190.06692504882812,190.14340209960938,188.3938751220703,188.43212890625,3898860,125.63406181721103
2012-03-05,113.3898696899414,191.8355712890625,192.34225463867188,189.579345703125,189.63670349121094,7257148,126.80309398475737
2012-03-06,111.46857452392578,188.5850830078125,190.8604278564453,188.15487670898438,190.38241577148438,5454576,124.65452310999649
2012-03-07,111.75678253173828,189.07266235351562,189.8374786376953,188.6328887939453,189.3785858154297,3500857,124.97682409862749
2012-03-08,112.90959167480469,191.02294921875,191.1950225830078,189.91395568847656,190.47801208496094,3290507,126.26600245745671
2012-03-09,113.36727142333984,191.7973175048828,192.25621032714844,190.93690490722656,191.1854705810547,3324397,126.77782250211429
2012-03-12,113.58200073242188,192.16061401367188,192.70555114746094,191.42446899414062,192.09368896484375,3263206,127.01795277861311
2012-03-13,115.15296936035156,194.818359375,194.93307495117188,192.74378967285156,192.8489532470703,5089836,128.77475594911843
2012-03-14,115.68412017822266,195.71701049804688,196.12811279296875,194.68450927734375,194.818359375,4814006,129.36873817400993
2012-03-15,116.40745544433594,196.9407196044922,197.11280822753906,195.73614501953125,195.92733764648438,3787671,130.177638916045
2012-03-16,116.41309356689453,196.95028686523438,198.3938751220703,196.95028686523438,197.92543029785156,10080302,130.18394398885837
2012-03-19,116.24921417236328,196.67303466796875,197.44741821289062,195.50669860839844,196.66348266601562,3936307,130.00067881425562
2012-03-20,115.41854858398438,195.26768493652344,195.98471069335938,194.7418670654297,195.73614501953125,3865075,129.0717513275133
2012-03-21,115.66724395751953,195.68833923339844,196.72084045410156,195.31549072265625,195.33460998535156,3483075,129.34986561506108
2012-03-22,116.11927795410156,196.45315551757812,196.93116760253906,194.9904327392578,195.0286865234375,3459959,129.85537205500702
2012-03-23,116.11358642578125,196.44358825683594,196.90248107910156,195.56405639648438,196.8355712890625,3175865,129.84900725890583
2012-03-26,117.40766143798828,198.6328887939453,198.7762908935547,197.2466583251953,197.37094116210938,3575437,131.29616224589822
2012-03-27,117.07425689697266,198.06883239746094,199.48374938964844,197.89674377441406,199.29254150390625,2828907,130.92331829198105
2012-03-28,117.13640594482422,198.1739959716797,199.51242065429688,197.1988525390625,198.31739807128906,3415922,130.99281913519866
2012-03-29,117.69017028808594,199.11090087890625,199.33078002929688,196.95985412597656,197.02676391601562,3560270,131.61208990652975
2012-03-30,117.90494537353516,199.47418212890625,199.92352294921875,198.86233520507812,199.5602264404297,3363099,131.8522713744181
2012-04-02,118.3683090209961,200.2581329345703,200.46844482421875,198.93881225585938,199.7705535888672,3543743,132.37044768327866
2012-04-03,118.38522338867188,200.28680419921875,201.42446899414062,199.3690185546875,200.10516357421875,4279709,132.38936290171878
2012-04-04,116.43572235107422,196.988525390625,197.87762451171875,196.16635131835938,197.1510467529297,4606584,130.20924959909448
2012-04-05,116.10794830322266,196.4340362548828,196.63479614257812,195.46844482421875,196.12811279296875,3984214,129.84270218609245
2012-04-09,115.8084487915039,195.92733764648438,197.10325622558594,194.4263916015625,195.4110870361328,3479937,129.50777398803817
2012-04-10,114.3335952758789,193.43212890625,196.69215393066406,193.27915954589844,195.92733764648438,4323013,127.8584556717994
2012-04-11,114.47486114501953,193.67112731933594,195.33460998535156,193.55641174316406,195.0191192626953,3521045,128.01643229996256
2012-04-12,116.02317810058594,196.29063415527344,196.52008056640625,193.72848510742188,193.88145446777344,3064362,129.747904264537
2012-04-13,114.59918212890625,193.88145446777344,195.6501007080078,193.88145446777344,195.33460998535156,3940282,128.15545958209256
2012-04-16,114.55396270751953,193.8049774169922,196.91204833984375,193.8049774169922,195.73614501953125,4002624,128.1048910211116
2012-04-17,117.2268295288086,198.32696533203125,198.50860595703125,195.17208862304688,195.5736083984375,6344513,131.093939193364
2012-04-18,113.0904312133789,191.32887268066406,195.09559631347656,191.20458984375,193.52772521972656,10620561,126.46823404188916
2012-04-19,112.74007415771484,190.73614501953125,192.4091796875,188.83364868164062,191.2332763671875,6027993,126.07643221004056
2012-04-20,112.79088592529297,190.82217407226562,191.31930541992188,190.33460998535156,191.0420684814453,4977077,126.13325465244533
2012-04-23,112.23712158203125,189.88528442382812,190.3441619873047,188.13575744628906,189.1873779296875,3785265,125.51398388111423
2012-04-24,113.01696014404297,191.20458984375,193.57553100585938,190.12428283691406,190.30592346191406,5885110,126.38607186165525
2012-04-25,115.03426361083984,194.61758422851562,194.73231506347656,192.92543029785156,193.13575744628906,4187556,128.64200814410705
2012-04-26,116.17008972167969,196.53919982910156,197.14149475097656,194.45506286621094,194.45506286621094,3454624,129.9121944974118
2012-04-27,116.86520385742188,197.71510314941406,199.01528930664062,196.8546905517578,197.3900604248047,3657757,130.6895357477869
2012-04-30,117.01770782470703,197.97323608398438,198.8145294189453,197.2466583251953,197.6195068359375,2900767,130.86007986208554
2012-05-01,117.53756713867188,198.85276794433594,199.7418670654297,197.6195068359375,198.06883239746094,2840831,131.44143487755375
2012-05-02,117.5715560913086,198.91014099121094,199.11090087890625,197.81069946289062,197.86807250976562,2468874,131.4794444842975
2012-05-03,117.10812377929688,198.12619018554688,199.73231506347656,197.46653747558594,199.11090087890625,2956624,130.96119138835263
2012-05-04,115.83671569824219,195.9751434326172,198.0019073486328,195.4110870361328,197.3900604248047,4208686,129.53938467108767
2012-05-07,115.13604736328125,194.7896728515625,195.7648162841797,193.97705078125,194.9904327392578,3528576,128.75583219878
2012-05-08,114.33019256591797,192.6195068359375,194.13002014160156,190.93690490722656,193.53729248046875,4060049,127.8546504451759
2012-05-09,114.18836212158203,192.3804931640625,194.07266235351562,190.30592346191406,191.1950225830078,3914655,127.69604245654158
2012-05-10,113.83089447021484,191.7781982421875,194.31166076660156,191.2237091064453,192.16061401367188,4006703,127.29628889551562
2012-05-11,114.15428924560547,192.32313537597656,193.23135375976562,191.1567840576172,191.16635131835938,2501509,127.657938998917
2012-05-14,113.17266082763672,190.66921997070312,191.88336181640625,189.82791137695312,191.12811279296875,3168543,126.56019084132438
2012-05-15,112.9456787109375,190.28680419921875,192.6099395751953,190.0191192626953,190.66921997070312,3124820,126.30635833622165
2012-05-16,113.337158203125,190.9464569091797,192.49522399902344,189.46463012695312,190.6501007080078,5231046,126.74414709968612
2012-05-17,112.29308319091797,189.1873779296875,191.95985412597656,188.94837951660156,190.88909912109375,5885110,125.57656535484381
2012-05-18,111.15251159667969,187.26577758789062,190.03823852539062,186.5774383544922,190.03823852539062,6001007,124.30107216082199
2012-05-21,112.21930694580078,189.06309509277344,189.22561645507812,186.07073974609375,187.3613739013672,4007958,125.49406189867953
2012-05-22,111.68586730957031,188.1644287109375,189.54110717773438,187.4378662109375,189.33078002929688,3731187,124.89752010431033
2012-05-23,111.28868865966797,187.49522399902344,187.8489532470703,184.70362854003906,186.93116760253906,4288600,124.45335801284641
2012-05-24,111.27169036865234,187.46653747558594,187.64817810058594,185.46844482421875,187.37094116210938,3733488,124.43434894352542
2012-05-25,110.25593566894531,185.75526428222656,187.3804931640625,185.46844482421875,186.52963256835938,3035387,123.29843760502041
2012-05-29,111.48161315917969,187.8202667236328,189.3690185546875,186.63479614257812,186.63479614257812,3784951,124.66910412412108
2012-05-30,110.38642883300781,185.9751434326172,186.87380981445312,185.24856567382812,186.2332763671875,3768215,123.4443671928419
2012-05-31,109.46151733398438,184.4168243408203,186.35755920410156,183.55641174316406,185.56405639648438,9714725,122.4100451669065
2012-06-01,107.29381561279297,180.7648162841797,183.28871154785156,180.30592346191406,181.7590789794922,5445894,119.98591957407554
2012-06-04,106.9874038696289,180.24856567382812,181.05162048339844,178.7762908935547,180.05735778808594,4837227,119.64326147619863
2012-06-05,107.36190795898438,180.87954711914062,181.50096130371094,179.31166076660156,179.6558380126953,3720099,120.06206676603688
2012-06-06,110.07999420166016,185.45889282226562,185.46844482421875,181.66348266601562,182.3900604248047,3808800,123.10168349927021
2012-06-07,110.33538818359375,185.88909912109375,187.2179718017578,185.4110870361328,186.69215393066406,3871351,123.38728879348936
2012-06-08,110.73255920410156,186.55831909179688,186.55831909179688,184.22561645507812,185.1912078857422,2593243,123.83144235305502
2012-06-11,109.24012756347656,184.04397583007812,188.04971313476562,183.91014099121094,187.95411682128906,3423872,122.1624665432276
2012-06-12,110.39778900146484,185.9942626953125,186.10899353027344,183.69024658203125,183.69024658203125,3162790,123.4570711893495
2012-06-13,109.57498168945312,184.6080322265625,186.6061248779297,183.89100646972656,185.8126220703125,3397094,122.53693155781396
2012-06-14,110.70986938476562,186.52008056640625,187.2179718017578,184.26385498046875,184.51242065429688,3749910,123.80606848763284
2012-06-15,112.97970581054688,190.3441619873047,190.50669860839844,186.806884765625,187.4569854736328,6682894,126.34441060245668
2012-06-18,112.52006530761719,189.56979370117188,190.8604278564453,188.49903869628906,188.88145446777344,3534329,125.83039785994653
2012-06-19,112.88319396972656,190.181640625,191.1950225830078,190.05735778808594,190.08604431152344,3449290,126.23648208948066
2012-06-20,112.79813385009766,190.03823852539062,190.95602416992188,188.8145294189453,189.96176147460938,3533597,126.14135995579136
2012-06-21,109.73957061767578,184.88528442382812,190.67877197265625,184.69407653808594,190.31549072265625,4515164,122.7209901989548
2012-06-22,109.91545867919922,185.181640625,186.30975341796875,184.72274780273438,185.3441619873047,9228858,122.91768458141718
2012-06-25,109.43880462646484,184.3785858154297,184.88528442382812,183.25047302246094,184.01528930664062,3359334,122.38464570578952
2012-06-26,108.92240905761719,183.50860595703125,185.1625213623047,182.3613739013672,185.0286865234375,3593951,121.80716417213088
2012-06-27,109.5182113647461,184.51242065429688,185.181640625,182.50477600097656,183.69024658203125,2889784,122.47344570286893
2012-06-28,108.61029815673828,182.9827880859375,183.6328887939453,180.5927276611328,182.8202667236328,4149796,121.45813274625452
2012-06-29,110.98226165771484,186.97897338867188,187.1988525390625,183.94837951660156,185.9942626953125,5501542,124.11068285117298
2012-07-02,111.12409210205078,187.2179718017578,188.52772521972656,186.28106689453125,187.72467041015625,2957042,124.26929083980731
2012-07-03,111.18086242675781,187.31358337402344,187.70555114746094,186.3384246826172,186.86424255371094,1517118,124.33277669475233
2012-07-05,110.81767272949219,186.70172119140625,188.193115234375,185.11471557617188,186.30975341796875,2813949,123.92662421003214
2012-07-06,108.61598205566406,182.9923553466797,185.4110870361328,181.3957977294922,185.3919677734375,5180733,121.46448901045746
2012-07-09,107.62860107421875,181.32887268066406,182.6003875732422,179.78012084960938,182.37094116210938,4171553,120.36030780157756
2012-07-10,105.69358825683594,178.06883239746094,182.73422241210938,177.4378662109375,181.93116760253906,4906054,118.19639657374705
2012-07-11,105.1205062866211,177.10325622558594,179.12045288085938,175.4397735595703,178.0305938720703,5707081,117.55552303602423
2012-07-12,103.89480590820312,175.03823852539062,176.28106689453125,173.85276794433594,176.14723205566406,5158140,116.18483092122878
2012-07-13,105.55172729492188,177.829833984375,178.13575744628906,174.9808807373047,175.3919677734375,4113918,118.0377544575197
2012-07-16,104.85943603515625,176.66348266601562,177.91586303710938,176.46270751953125,177.41873168945312,3289042,117.2635700095004
2012-07-17,104.21253967285156,175.5736083984375,178.09751892089844,175.14340209960938,177.5621337890625,5395896,116.54015035612201
2012-07-18,106.82282257080078,179.9713134765625,180.29637145996094,175.47801208496094,176.05162048339844,8388397,119.45921136695604
2012-07-19,110.84608459472656,186.74952697753906,188.193115234375,184.48374938964844,184.89483642578125,10873588,123.95839699914856
2012-07-20,109.20610046386719,183.9866180419922,186.32887268066406,183.71893310546875,185.5544891357422,5010026,122.12441427699257
2012-07-23,108.28689575195312,182.4378662109375,182.88719177246094,179.92352294921875,181.4340362548828,4084107,121.09647411095487
2012-07-24,108.00879669189453,181.9694061279297,182.90631103515625,180.26768493652344,182.52389526367188,3762567,120.78547788751702
2012-07-25,108.42870330810547,182.67686462402344,184.29254150390625,180.9942626953125,181.9407196044922,4010155,121.25505650389442
2012-07-26,110.05729675292969,185.420654296875,186.37667846679688,184.10133361816406,184.9808807373047,3433913,123.07630110194977
2012-07-27,111.44190979003906,187.7533416748047,188.72848510742188,185.420654296875,186.52008056640625,4369456,124.62470412558139
2012-07-30,111.60646057128906,188.0305938720703,189.1395721435547,187.30401611328125,187.68641662597656,2915202,124.80872010723093
2012-07-31,111.20922088623047,187.3613739013672,188.89100646972656,187.26577758789062,187.85850524902344,3668322,124.36448976058094
2012-08-01,110.75525665283203,186.5965576171875,189.14913940429688,186.1567840576172,188.29827880859375,2677028,123.85682475037547
2012-08-02,110.3410415649414,185.89866638183594,187.95411682128906,184.53155517578125,185.6214141845703,2941980,123.39361093009926
2012-08-03,112.65056610107422,189.7896728515625,190.2007598876953,187.53346252441406,187.83938598632812,3428893,125.97633597966629
2012-08-06,112.78679656982422,190.0191192626953,191.14723205566406,189.7896728515625,190.0191192626953,2445339,126.12868155497853
2012-08-07,113.45061492919922,191.13766479492188,192.04588317871094,190.05735778808594,190.65965270996094,3357032,126.87102495869533
2012-08-08,113.42220306396484,190.27725219726562,190.90821838378906,189.4455108642578,189.55067443847656,2163442,126.8392521695789
2012-08-09,113.07454681396484,189.69407653808594,190.68833923339844,189.1873779296875,189.88528442382812,2259465,126.45047062971398
2012-08-10,113.57034301757812,190.52581787109375,190.602294921875,188.5659637451172,189.1682586669922,2720123,127.0049160380734
2012-08-13,113.4107894897461,190.2581329345703,191.1854705810547,189.09178161621094,190.13385009765625,2529542,126.82648844978348
2012-08-14,113.0004653930664,189.56979370117188,190.56405639648438,189.0248565673828,190.13385009765625,2680166,126.36762589761935
2012-08-15,113.06317138671875,189.67495727539062,190.56405639648438,189.216064453125,190.15296936035156,2208943,126.43774956940985
2012-08-16,114.45365905761719,192.0076446533203,192.46653747558594,189.4072723388672,190.0286865234375,2855057,127.99272215470089
2012-08-17,114.67018127441406,192.37094116210938,193.11663818359375,191.8355712890625,192.23709106445312,2669183,128.23485742729056
2012-08-20,114.2598648071289,191.68260192871094,192.28489685058594,191.2332763671875,191.86424255371094,2443456,127.77600340702469
2012-08-21,113.20565032958984,189.91395568847656,192.16061401367188,189.64627075195312,192.1510467529297,3254420,126.5970827693962
2012-08-22,112.40780639648438,188.57553100585938,189.91395568847656,188.2409210205078,189.90440368652344,3447721,125.70485950896399
2012-08-23,111.52452087402344,187.09368896484375,188.69024658203125,186.84512329101562,188.374755859375,2884240,124.71708751992955
2012-08-24,112.70416259765625,189.07266235351562,189.397705078125,185.65965270996094,186.38623046875,2760917,126.03627256493557
2012-08-27,111.5188217163086,187.08413696289062,189.579345703125,187.0076446533203,189.25430297851562,2613745,124.7107141919301
2012-08-28,111.05149841308594,186.30018615722656,187.48565673828125,185.9464569091797,186.95985412597656,2656003,124.18810982787316
2012-08-29,111.17118835449219,186.50096130371094,187.41873168945312,186.32887268066406,186.5487518310547,2239904,124.32195824775995
2012-08-30,110.19668579101562,184.86614990234375,186.87380981445312,184.68450927734375,186.20458984375,2866981,123.23217888314122
2012-08-31,111.04013061523438,186.28106689453125,187.33270263671875,184.9521942138672,185.7648162841797,3340192,124.17539729946729
2012-09-04,110.86344146728516,185.98471069335938,188.49903869628906,184.75143432617188,187.9636688232422,4722062,123.97780706768772
2012-09-05,111.14838409423828,186.46270751953125,187.23709106445312,185.36329650878906,185.8604278564453,3464875,124.29645640386389
2012-09-06,113.4620590209961,190.3441619873047,190.68833923339844,187.48565673828125,187.62905883789062,4112558,126.88382280608378
2012-09-07,113.69001007080078,190.72657775878906,190.72657775878906,189.3690185546875,190.36329650878906,3570730,127.13873886226541
2012-09-10,114.51631927490234,192.11280822753906,192.94454956054688,189.9904327392578,190.6214141845703,4401568,128.06279463510182
2012-09-11,115.83847045898438,194.33078002929688,194.51242065429688,191.69215393066406,191.73040771484375,4090488,129.54134700768722
2012-09-12,116.12340545654297,194.8087921142578,195.6501007080078,194.034423828125,194.56979370117188,3435064,129.85998781196514
2012-09-13,117.59939575195312,197.28489685058594,197.71510314941406,194.51242065429688,195.3919677734375,4058062,131.51057738104447
2012-09-14,117.85578918457031,197.71510314941406,198.51815795898438,196.988525390625,197.170166015625,4243727,131.79730035393555
2012-09-17,118.049560546875,198.04014587402344,198.8432159423828,196.51051330566406,196.51051330566406,3425755,132.01399350591697
2012-09-18,118.00398254394531,197.9636688232422,198.73805236816406,197.3996124267578,197.7820281982422,2590001,131.96302394571785
2012-09-19,117.6392593383789,197.35182189941406,198.44168090820312,196.95028686523438,198.4225616455078,2725458,131.55515654944762
2012-09-20,117.49681854248047,197.11280822753906,197.88719177246094,196.27151489257812,196.7973175048828,3911099,131.39586600895257
2012-09-21,117.38279724121094,196.92160034179688,198.79541015625,196.86424255371094,198.2409210205078,13358989,131.26835678947222
2012-09-24,116.9896011352539,196.26194763183594,196.9980926513672,195.88909912109375,196.0038299560547,3672611,130.82864834889946
2012-09-25,116.81293487548828,195.965576171875,198.2026824951172,195.93690490722656,196.55831909179688,3499079,130.63108371281467
2012-09-26,116.25443267822266,195.0286865234375,196.92160034179688,194.93307495117188,196.03250122070312,3580772,130.00651463266476
2012-09-27,117.34292602539062,196.8546905517578,197.8011474609375,195.1625213623047,195.38241577148438,2899407,131.22376908917082
2012-09-28,118.22052001953125,198.32696533203125,199.15870666503906,196.28106689453125,196.6156768798828,5136801,132.20517628210405
2012-10-01,119.94149780273438,201.21414184570312,202.4378662109375,198.79541015625,198.86233520507812,5707917,134.12973363617732
2012-10-02,119.58255004882812,200.6118621826172,202.170166015625,199.33078002929688,201.68260192871094,3473766,133.7283248868891
2012-10-03,119.96435546875,201.2523956298828,202.0076446533203,200.09559631347656,200.70745849609375,3339146,134.1552952033612
2012-10-04,119.89593505859375,201.13766479492188,201.69215393066406,199.35946655273438,201.03250122070312,3093545,134.07878113977472
2012-10-05,120.00993347167969,201.32887268066406,202.47610473632812,200.82217407226562,201.86424255371094,2989886,134.2062647635603
2012-10-08,119.57115173339844,200.5927276611328,201.37667846679688,200.0095672607422,200.783935546875,2073800,133.7155782308902
2012-10-09,118.52828979492188,198.8432159423828,201.47227478027344,198.5659637451172,200.71701049804688,3745098,132.54935305787106
2012-10-10,117.2916259765625,196.76864624023438,199.07266235351562,196.03250122070312,198.68069458007812,4209627,131.16640060527746
2012-10-11,117.25743865966797,196.71128845214844,198.15487670898438,196.58700561523438,197.48565673828125,3043860,131.12816916917902
2012-10-12,118.42001342773438,198.6615753173828,198.8145294189453,196.52008056640625,196.5965576171875,2836752,132.4282683577797
2012-10-15,119.0639419555664,199.7418670654297,200.1912078857422,198.68069458007812,199.69407653808594,3201701,133.14836910273536
2012-10-16,120.24358367919922,201.72084045410156,201.72084045410156,200.2581329345703,200.70745849609375,5891177,134.4675541477414
2012-10-17,114.33397674560547,191.806884765625,194.46463012695312,189.818359375,192.3613739013672,13256899,127.85888226671236
2012-10-18,111.10281372070312,186.38623046875,191.3384246826172,185.53536987304688,191.11854553222656,9723511,124.24549537556302
2012-10-19,110.19097900390625,184.85659790039062,187.4569854736328,184.68450927734375,186.70172119140625,6924834,123.2257970232435
2012-10-22,110.78362274169922,185.85086059570312,186.11854553222656,183.97705078125,185.1912078857422,4605015,123.88854634810234
2012-10-23,108.9885482788086,182.83938598632812,185.46844482421875,182.5430145263672,185.0191192626953,4631060,121.88112719813792
2012-10-24,108.68655395507812,182.33270263671875,184.7896728515625,182.1797332763672,183.97705078125,3909948,121.54340906935296
2012-10-25,109.1880111694336,183.1739959716797,183.97705078125,182.32313537597656,182.9923553466797,3399082,122.10418514622054
2012-10-26,110.13969421386719,184.7705535888672,185.3441619873047,183.04971313476562,183.06883239746094,4190799,123.16844560314668
2012-10-31,110.85774993896484,185.9751434326172,187.7724609375,185.11471557617188,186.2332763671875,6330706,123.97144227158653
2012-11-01,112.35082244873047,188.47991943359375,189.1873779296875,185.9942626953125,186.11854553222656,3931705,125.64113476086771
2012-11-02,110.2308578491211,184.92352294921875,189.29254150390625,184.7896728515625,188.8432159423828,4456065,123.27039325544317
2012-11-05,110.6355209350586,185.602294921875,186.3957977294922,183.5659637451172,183.90057373046875,2862065,123.72292513909913
2012-11-06,111.16545104980469,186.49139404296875,188.09751892089844,186.11854553222656,186.67303466796875,3431926,124.3155422602692
2012-11-07,109.4140625,182.7533416748047,185.1625213623047,182.7533416748047,184.85659790039062,4964525,122.35697675973567
2012-11-08,108.80733489990234,181.73995971679688,183.374755859375,181.73040771484375,182.9827880859375,3705141,121.67847755069077
2012-11-09,108.54401397705078,181.30018615722656,183.2122344970703,180.5736083984375,181.50096130371094,3840494,121.38400761418055
2012-11-12,108.32078552246094,180.92733764648438,182.3804931640625,179.1682586669922,181.67303466796875,3208500,121.13437280302124
2012-11-13,107.78849029541016,180.03823852539062,182.48565673828125,179.9713134765625,180.10516357421875,3563408,120.53911079339089
2012-11-14,106.18013763427734,177.35182189941406,180.9464569091797,177.13192749023438,180.82217407226562,4607002,118.7405013214166
2012-11-15,106.37470245361328,177.67686462402344,178.96749877929688,176.65391540527344,177.65774536132812,3568638,118.95808179081695
2012-11-16,106.99859619140625,178.71893310546875,179.31166076660156,176.95985412597656,178.13575744628906,4875197,119.65577777094454
2012-11-19,108.95040130615234,181.97897338867188,182.0172119140625,180.0191192626953,180.32504272460938,3753989,121.83846770684305
2012-11-20,108.29219055175781,180.87954711914062,181.74952697753906,179.9713134765625,181.52963256835938,3316029,121.1023952483466
2012-11-21,108.9160385131836,181.92160034179688,182.49522399902344,180.64053344726562,180.9751434326172,5428322,121.80004003708464
2012-11-23,110.74762725830078,184.9808807373047,184.9808807373047,182.4091796875,182.6003875732422,4055970,123.8482928521165
2012-11-26,110.39850616455078,184.397705078125,184.86614990234375,183.33651733398438,183.9866180419922,5449974,123.45787318778585
2012-11-27,109.45411682128906,182.8202667236328,184.5602264404297,182.6003875732422,183.6328887939453,3442281,122.40176922559529
2012-11-28,109.88335418701172,183.53729248046875,183.5946502685547,180.9464569091797,182.58126831054688,3769366,122.88178235354341
2012-11-29,109.62580871582031,183.10707092285156,184.4168243408203,181.8355712890625,184.27342224121094,4265483,122.59377106401524
2012-11-30,108.79015350341797,181.71128845214844,183.55641174316406,181.16635131835938,183.31739807128906,5163474,121.65926371581156
2012-12-03,108.45244598388672,181.14723205566406,182.88719177246094,180.07647705078125,182.37094116210938,3503682,121.28160777127634
2012-12-04,108.38378143310547,181.03250122070312,182.3613739013672,180.70745849609375,181.3671112060547,4174272,121.20482068694558
2012-12-05,107.97738647460938,180.35372924804688,181.12811279296875,178.71893310546875,180.69789123535156,4395397,120.75035206238482
2012-12-06,108.57837677001953,181.35755920410156,181.81643676757812,180.12428283691406,180.85086059570312,3364564,121.42243528393897
2012-12-07,109.86616516113281,183.50860595703125,183.7476043701172,181.74952697753906,181.7781982421875,4279500,122.86255998676594
2012-12-10,110.24969482421875,184.14913940429688,185.0286865234375,183.2218017578125,183.71893310546875,3596671,123.29145851224457
2012-12-11,111.15400695800781,185.65965270996094,186.2332763671875,184.6558380126953,184.68450927734375,4334624,124.30274441288074
2012-12-12,110.43856048583984,184.46463012695312,186.1854705810547,183.9961700439453,186.0420684814453,4437027,123.50266565364547
2012-12-13,109.88912963867188,183.54684448242188,184.5602264404297,182.95411682128906,183.72848510742188,3789867,122.88824100052545
2012-12-14,109.75746154785156,183.32696533203125,184.89483642578125,182.8489532470703,183.26004028320312,4002937,122.74099750037209
2012-12-17,110.82206726074219,185.10516357421875,185.38241577148438,183.32696533203125,183.32696533203125,3966850,123.9315385834293
2012-12-18,112.00685119628906,187.08413696289062,187.30401611328125,185.31549072265625,185.32504272460938,4315691,125.25647412786188
2012-12-19,111.65773010253906,186.50096130371094,187.81069946289062,186.42446899414062,186.86424255371094,4466943,124.86605446353124
2012-12-20,111.48030853271484,186.20458984375,186.37667846679688,184.66539001464844,185.91778564453125,4376987,124.66764516951879
2012-12-21,110.70758056640625,184.91395568847656,185.9464569091797,183.1453094482422,184.6080322265625,8603664,123.80350891815515
2012-12-24,110.12376403808594,183.93881225585938,185.30592346191406,183.57553100585938,184.5602264404297,1706235,123.15063099958195
2012-12-26,109.86616516113281,183.50860595703125,185.0191192626953,182.55258178710938,183.75717163085938,2904219,122.86255998676594
2012-12-27,110.30120849609375,184.2351837158203,184.78012084960938,182.31358337402344,183.10707092285156,4150110,123.34906588928916
2012-12-28,108.6528091430664,181.48184204101562,183.7667236328125,181.48184204101562,182.70555114746094,3699284,121.50567248335352
2012-12-31,109.63725280761719,183.12619018554688,183.25047302246094,180.53536987304688,180.90821838378906,4900405,122.6065689114037
2013-01-02,112.38463592529297,187.71510314941406,187.71510314941406,185.27725219726562,185.5544891357422,4428869,125.6789481339515
2013-01-03,111.76642608642578,186.68260192871094,187.65774536132812,185.88909912109375,187.06500244140625,3812356,124.98760841802684
2013-01-04,111.03380584716797,185.45889282226562,185.90821838378906,184.30210876464844,185.6501007080078,3535689,124.16832435581061
2013-01-07,110.54730224609375,184.64627075195312,185.2581329345703,183.88145446777344,184.89483642578125,2993966,123.62427079953062
2013-01-08,110.39276123046875,184.3881378173828,184.7992401123047,183.1739959716797,184.43594360351562,3166137,123.45144866839685
2013-01-09,110.07796478271484,183.86233520507812,184.9808807373047,183.2218017578125,184.9713134765625,3359752,123.09941401433332
2013-01-10,110.39850616455078,184.397705078125,184.47418212890625,182.86807250976562,184.17782592773438,3774073,123.45787318778585
2013-01-11,111.297119140625,185.89866638183594,186.42446899414062,184.4168243408203,185.6118621826172,4058898,124.46278576042258
2013-01-14,110.24969482421875,184.14913940429688,184.78012084960938,183.31739807128906,184.34034729003906,4364121,123.29145851224457
2013-01-15,110.18097686767578,184.034423828125,184.25430297851562,182.0172119140625,182.89674377441406,4364017,123.214611704626
2013-01-16,110.23245239257812,184.12045288085938,184.68450927734375,182.93499755859375,183.55641174316406,3099193,123.27217642217929
2013-01-17,110.8392333984375,185.13385009765625,185.90821838378906,184.7418670654297,185.32504272460938,4060154,123.95073535451199
2013-01-18,111.3085708618164,185.91778564453125,186.42446899414062,185.27725219726562,185.49713134765625,4769342,124.47559213970929
2013-01-22,112.2300796508789,187.4569854736328,187.4569854736328,185.47801208496094,185.8126220703125,7502226,125.5061089390212
2013-01-23,117.17534637451172,195.71701049804688,199.4072723388672,194.4168243408203,194.55067443847656,13106903,131.03636594391244
2013-01-24,117.003662109375,195.43020629882812,196.0420684814453,194.14913940429688,194.94264221191406,4651771,130.84437263739076
2013-01-25,117.31846618652344,195.95602416992188,196.1567840576172,195.15296936035156,195.45889282226562,3513409,131.19641582335254
2013-01-28,117.29560852050781,195.91778564453125,197.1510467529297,195.30592346191406,195.84129333496094,2953590,131.17085425616867
2013-01-29,116.7060317993164,194.93307495117188,196.68260192871094,194.68450927734375,195.35372924804688,3783487,130.51153475440992
2013-01-30,116.48851776123047,194.56979370117188,195.86997985839844,194.25430297851562,194.73231506347656,3136326,130.26829033504657
2013-01-31,116.23089599609375,194.1395721435547,195.47801208496094,194.034423828125,194.3785858154297,3233604,129.98019372653582
2013-02-01,117.43865966796875,196.1567840576172,196.31930541992188,194.87571716308594,195.6501007080078,3525752,131.33082734852442
2013-02-04,116.6430435180664,194.82791137695312,196.0038299560547,194.61758422851562,195.2103271484375,3335485,130.44109540238384
2013-02-05,116.07064819335938,193.87188720703125,195.74569702148438,193.6042022705078,195.32504272460938,3804197,129.80098973550432
2013-02-06,115.54183959960938,192.1797332763672,192.4378662109375,190.783935546875,191.5774383544922,3790913,129.2096268033783
2013-02-07,114.80615997314453,190.95602416992188,192.07456970214844,189.94264221191406,191.7973175048828,3218228,128.38692144996025
2013-02-08,115.92124938964844,192.81069946289062,193.2026824951172,190.89866638183594,191.1759033203125,3026392,129.6339181037971
2013-02-11,115.04757690429688,191.35755920410156,193.06883239746094,190.965576171875,192.14149475097656,3080156,128.65689630656897
2013-02-12,114.97856140136719,191.24282836914062,191.91204833984375,190.26768493652344,191.21414184570312,2575043,128.57971675491828
2013-02-13,115.00740051269531,191.29063415527344,192.11280822753906,190.7935028076172,191.8260040283203,2269611,128.6119673303372
2013-02-14,114.75444793701172,190.86997985839844,191.51051330566406,190.49713134765625,190.9464569091797,3445733,128.32909224356092
2013-02-15,115.51886749267578,192.14149475097656,192.3996124267578,191.03250122070312,191.1854705810547,3794679,129.18393725772054
2013-02-19,115.13953399658203,191.51051330566406,193.011474609375,191.4149169921875,191.7781982421875,3136222,128.75973127628438
2013-02-20,114.55900573730469,190.54493713378906,192.8489532470703,190.11471557617188,191.7973175048828,3886308,128.1105306058608
2013-02-21,113.99574279785156,189.6080322265625,190.31549072265625,189.397705078125,189.89483642578125,4103353,127.48063762119726
2013-02-22,115.58211517333984,192.2466583251953,192.2466583251953,190.09559631347656,190.46844482421875,3250863,129.25466669428744
2013-02-25,113.5244369506836,188.8240966796875,193.5850830078125,188.8240966796875,192.8011474609375,4021661,126.95357960624915
2013-02-26,114.46128845214844,190.38241577148438,191.10899353027344,189.1395721435547,189.89483642578125,3547614,128.00125405295987
2013-02-27,116.29485321044922,193.43212890625,193.83364868164062,189.86614990234375,190.14340209960938,4377615,130.0517166296408
2013-02-28,115.43267059326172,191.9980926513672,194.1873779296875,191.95985412597656,193.28871154785156,4904903,129.08754387119066
2013-03-01,116.62821960449219,193.9866180419922,194.01528930664062,190.5927276611328,191.8260040283203,3460482,130.42451792406666
2013-03-04,117.93870544433594,196.16635131835938,196.16635131835938,193.64244079589844,193.68069458007812,3863296,131.89002502421408
2013-03-05,118.70893859863281,197.44741821289062,198.5659637451172,196.6443634033203,196.806884765625,3982959,132.75137134484706
2013-03-06,119.77227020263672,199.216064453125,199.32122802734375,197.5717010498047,197.92543029785156,3760161,133.940487600895
2013-03-07,120.37001037597656,200.2103271484375,200.38241577148438,199.08221435546875,199.13002014160156,4063082,134.60893623379084
2013-03-08,120.92181396484375,201.12811279296875,201.47227478027344,200.21987915039062,200.6214141845703,3870723,135.2260143072694
2013-03-11,120.7493667602539,200.84129333496094,200.95602416992188,199.84703063964844,200.8030548095703,3189986,135.0331678109218
2013-03-12,121.01953887939453,201.29063415527344,201.46270751953125,199.89483642578125,200.1912078857422,3756814,135.33529939206858
2013-03-13,121.88744354248047,202.73422241210938,203.02102661132812,200.54493713378906,200.95602416992188,3510271,136.30587107421294
2013-03-14,124.03710174560547,206.30975341796875,206.3671112060547,202.8202667236328,202.8202667236328,5758753,138.70981872766143
2013-03-15,123.53125762939453,205.46844482421875,206.4053497314453,204.0248565673828,205.90821838378906,8295094,138.14413680929493
2013-03-18,122.54842376708984,203.83364868164062,205.06692504882812,203.28871154785156,203.53729248046875,3144276,137.0450406117774
2013-03-19,122.68061065673828,204.0535430908203,205.65965270996094,202.51434326171875,204.71319580078125,3345736,137.1928642810124
2013-03-20,123.61175537109375,205.602294921875,206.32887268066406,204.87571716308594,205.31549072265625,3157874,138.23415686782536
2013-03-21,122.00238800048828,202.92543029785156,203.6328887939453,200.86997985839844,203.5946502685547,6098598,136.43441265338265
2013-03-22,121.8989028930664,202.7533416748047,203.79541015625,202.31358337402344,202.87762451171875,3170949,136.3186859853979
2013-03-25,121.12870788574219,201.47227478027344,203.4512481689453,200.8126220703125,203.193115234375,3391655,135.45738232425626
2013-03-26,122.05986022949219,203.02102661132812,203.15487670898438,202.1988525390625,202.4569854736328,2406114,136.4986834429675
2013-03-27,121.21493530273438,201.6156768798828,202.829833984375,200.8604278564453,201.68260192871094,3371676,135.55380983837918
2013-03-28,122.60013580322266,203.91969299316406,204.0535430908203,200.51625061035156,200.602294921875,3922395,137.10286981817674
2013-04-01,122.07135009765625,203.04014587402344,204.11090087890625,201.95985412597656,203.44168090820312,2243147,136.51153248174552
2013-04-02,123.20941925048828,204.93307495117188,205.26768493652344,202.26577758789062,203.55641174316406,3260173,137.7842272131384
2013-04-03,122.23231506347656,203.30784606933594,205.4397735595703,203.27915954589844,204.89483642578125,3272725,136.69153847121333
2013-04-04,121.45632934570312,202.0172119140625,203.5659637451172,200.8030548095703,203.41299438476562,3880137,135.8237590992931
2013-04-05,120.36426544189453,200.2007598876953,200.6118621826172,197.26577758789062,199.90440368652344,4338808,134.60251171440183
2013-04-08,120.31253814697266,200.11471557617188,200.11471557617188,198.2122344970703,199.87571716308594,2459355,134.544665444206
2013-04-09,120.2550277709961,200.0191192626953,200.7648162841797,199.43594360351562,200.3441619873047,2695856,134.48035199512984
2013-04-10,121.85292053222656,202.67686462402344,203.1644287109375,201.21414184570312,202.5430145263672,3686313,136.2672642345911
2013-04-11,122.38175964355469,203.55641174316406,203.71893310546875,201.5774383544922,202.1988525390625,3823758,136.8586612943101
2013-04-12,121.49658966064453,202.08413696289062,202.18930053710938,200.5544891357422,201.52008056640625,3311008,135.86878192640572
2013-04-15,120.27803039550781,200.05735778808594,202.3804931640625,200.05735778808594,201.1854705810547,4412133,134.50607566838065
2013-04-16,121.85292053222656,202.67686462402344,202.67686462402344,200.0,201.56787109375,2991037,136.2672642345911
2013-04-17,120.51374816894531,200.44932556152344,201.806884765625,200.28680419921875,201.27151489257812,3420211,134.7696771969899
2013-04-18,119.06527709960938,198.04014587402344,201.0038299560547,197.08413696289062,200.86997985839844,6801092,133.1498621849307
2013-04-19,109.2078628540039,181.6443634033203,187.85850524902344,181.4149169921875,187.13192749023438,19713962,122.12638514549039
2013-04-22,107.9605712890625,179.56979370117188,182.9636688232422,179.4263916015625,182.74378967285156,10298288,120.73154775862204
2013-04-23,110.13323974609375,183.18356323242188,184.08221435546875,180.31549072265625,180.9464569091797,6585721,123.1612276172196
2013-04-24,110.1906509399414,183.27915954589844,184.034423828125,182.68641662597656,183.70936584472656,3863819,123.22543015161837
2013-04-25,111.47821044921875,185.420654296875,186.58700561523438,183.86233520507812,184.216064453125,4864841,124.66529889749758
2013-04-26,111.68513488769531,185.7648162841797,186.14723205566406,184.75143432617188,185.6214141845703,3650854,124.89670104207747
2013-04-29,114.46707153320312,190.3919677734375,190.89866638183594,186.08985900878906,186.21414184570312,6205290,128.00772123184015
2013-04-30,116.41553497314453,193.6328887939453,193.68069458007812,188.67112731933594,190.3728485107422,7886735,130.18667419630123
2013-05-01,114.74290466308594,190.85086059570312,193.27915954589844,190.4397735595703,192.9923553466797,5124459,128.3161834814951
2013-05-02,116.3293228149414,193.48948669433594,193.52772521972656,190.965576171875,191.31930541992188,4126575,130.09026374597482
2013-05-03,117.54786682128906,195.51625061035156,196.29063415527344,194.7896728515625,194.9713134765625,4699364,131.45295294020337
2013-05-06,116.55349731445312,193.86233520507812,195.0191192626953,192.65774536132812,194.82791137695312,5048519,130.34095651251826
2013-05-07,117.04204559326172,194.67495727539062,194.7705535888672,192.7820281982422,193.89100646972656,3609746,130.88729661753166
2013-05-08,118.27780151367188,195.8126220703125,195.84129333496094,193.6042022705078,194.01528930664062,3767378,132.26923377423245
2013-05-09,117.365478515625,194.30210876464844,195.98471069335938,193.8049774169922,195.68833923339844,3705246,131.24898938042435
2013-05-10,118.07572937011719,195.47801208496094,195.53536987304688,193.90057373046875,194.4263916015625,3430043,132.04325791694527
2013-05-13,116.92074584960938,193.5659637451172,195.47801208496094,193.32696533203125,195.2007598876953,3816226,130.75164796711223
2013-05-14,117.34811401367188,194.27342224121094,194.71319580078125,193.193115234375,193.2026824951172,3869886,131.22957077998691
2013-05-15,117.41157531738281,194.3785858154297,194.72274780273438,193.15487670898438,193.3556365966797,4213393,131.30053910970506
2013-05-16,118.20280456542969,195.68833923339844,197.50477600097656,195.0286865234375,195.0286865234375,4714322,132.18536521434672
2013-05-17,120.36831665039062,199.27342224121094,200.28680419921875,195.9751434326172,196.2237091064453,5966489,134.60704215237735
2013-05-20,119.88320922851562,198.47036743164062,199.9521942138672,198.29827880859375,198.87188720703125,3780767,134.06454993347876
2013-05-21,120.4896011352539,199.47418212890625,200.26768493652344,197.89674377441406,198.12619018554688,3120113,134.74267373900025
2013-05-22,119.53093719482422,197.88719177246094,200.90821838378906,197.05545043945312,199.33078002929688,5425393,133.67060659516716
2013-05-23,119.05160522460938,197.09368896484375,199.43594360351562,196.10899353027344,196.44358825683594,5417339,133.1345730232506
2013-05-24,118.79755401611328,196.67303466796875,197.35182189941406,195.43020629882812,195.68833923339844,3447407,132.85046934312504
2013-05-28,119.9871597290039,198.64244079589844,199.4168243408203,198.04971313476562,198.31739807128906,4196029,134.18079704725727
2013-05-29,120.06796264648438,198.7762908935547,199.25430297851562,196.97897338867188,197.1510467529297,3597612,134.27115838171807
2013-05-30,120.8995590209961,200.15296936035156,201.71128845214844,197.86807250976562,197.86807250976562,4602086,135.20112676004797
2013-05-31,120.12574005126953,198.87188720703125,202.65774536132812,198.87188720703125,199.4168243408203,5176654,134.33577044723327
2013-06-03,120.66280364990234,199.76100158691406,200.8126220703125,198.2122344970703,199.09178161621094,3474812,134.93636489327548
2013-06-04,119.06898498535156,197.12237548828125,199.8087921142578,196.06118774414062,199.4263916015625,3763822,133.15400868748455
2013-06-05,117.07670593261719,193.8240966796875,197.2179718017578,193.49903869628906,196.13766479492188,4409308,130.9260570313222
2013-06-06,117.68885040283203,194.8374786376953,195.21987915039062,192.6099395751953,194.07266235351562,3848652,131.61061388813096
2013-06-07,119.16136932373047,197.27532958984375,197.27532958984375,195.13385009765625,195.84129333496094,3089256,133.25732144350246
2013-06-10,118.39337921142578,196.0038299560547,197.87762451171875,195.88909912109375,197.86807250976562,2774306,132.39848350095764
2013-06-11,117.79279327392578,195.0095672607422,196.89292907714844,193.6042022705078,194.2351837158203,2943862,131.7268524700112
2013-06-12,116.18742370605469,192.35182189941406,196.20458984375,191.69215393066406,195.5927276611328,3566651,129.93157897025617
2013-06-13,117.67151641845703,194.8087921142578,195.4110870361328,191.52963256835938,192.170166015625,3032877,131.59122941528656
2013-06-14,116.76486206054688,193.30784606933594,195.73614501953125,192.93499755859375,195.0,2933507,130.57732422188488
2013-06-17,117.24993133544922,194.11090087890625,196.14723205566406,193.64244079589844,194.49330139160156,3368015,131.11977378129217
2013-06-18,118.30672454833984,195.8604278564453,197.02676391601562,193.94837951660156,194.09178161621094,3428579,132.30157820053222
2013-06-19,116.61473083496094,193.0592803955078,196.0133819580078,193.04971313476562,195.44932556152344,2977021,130.4094335279448
2013-06-20,113.96416473388672,188.67112731933594,192.829833984375,188.6042022705078,191.84512329101562,4722481,127.44532409430337
2013-06-21,112.8726577758789,186.86424255371094,189.7896728515625,185.0286865234375,189.7705535888672,9324881,126.22469953798502
2013-06-24,111.76394653320312,185.0286865234375,186.3384246826172,182.92543029785156,185.45889282226562,4556585,124.98483555109267
2013-06-25,112.59554290771484,186.4053497314453,186.988525390625,184.6558380126953,186.72084045410156,4023125,125.91480392942256
2013-06-26,112.52622985839844,186.29063415527344,187.6003875732422,185.9464569091797,187.35182189941406,3472929,125.83729163373978
2013-06-27,112.98240661621094,187.04588317871094,188.2409210205078,186.70172119140625,187.4282989501953,3675853,126.34743089444035
2013-06-28,110.36071014404297,182.70555114746094,184.1873779296875,180.12428283691406,183.29827880859375,10518367,123.41560616381089
2013-07-01,110.4588394165039,182.86807250976562,185.27725219726562,182.71510314941406,183.69981384277344,4646750,123.52534343921782
2013-07-02,110.58594512939453,183.07839965820312,184.73231506347656,181.89292907714844,182.3900604248047,3825954,123.66748486421233
2013-07-03,111.59651184082031,184.75143432617188,185.67877197265625,182.13192749023438,182.58126831054688,1958740,124.79759451190122
2013-07-05,112.566650390625,186.35755920410156,186.5774383544922,183.89100646972656,185.93690490722656,2516048,125.88249363071583
2013-07-08,112.59554290771484,186.4053497314453,187.170166015625,186.05162048339844,186.9980926513672,3083085,125.91480392942256
2013-07-09,110.47039031982422,182.88719177246094,184.32122802734375,182.3900604248047,183.44168090820312,5443593,123.5382607331819
2013-07-10,111.01904296875,183.79541015625,184.92352294921875,182.85850524902344,183.08795166015625,4071032,124.15181513267949
2013-07-11,111.33665466308594,184.32122802734375,185.5736083984375,184.1395721435547,185.2581329345703,4369665,124.50699805720058
2013-07-12,110.91507720947266,183.62332153320312,185.181640625,183.1644287109375,184.579345703125,4701456,124.03555095510445
2013-07-15,112.02959442138672,185.46844482421875,186.31930541992188,183.25047302246094,183.9579315185547,5935736,125.28190771657188
2013-07-16,111.9429931640625,185.32504272460938,186.02294921875,184.2064971923828,185.50669860839844,3917584,125.18506213943427
2013-07-17,112.3471908569336,185.9942626953125,186.31930541992188,184.54110717773438,186.1567840576172,7184346,125.63707357729645
2013-07-18,114.3337173461914,189.28298950195312,192.10325622558594,187.37094116210938,189.55067443847656,8779496,127.85859218217155
2013-07-19,111.76394653320312,185.0286865234375,189.28298950195312,184.7418670654297,189.2064971923828,7319490,124.98483555109267
2013-07-22,112.08150482177734,185.5544891357422,187.1797332763672,184.78012084960938,184.89483642578125,3554308,125.33995875232594
2013-07-23,112.59554290771484,186.4053497314453,187.7915802001953,185.56405639648438,185.66921997070312,2995535,125.91480392942256
2013-07-24,113.5367660522461,187.9636688232422,188.62332153320312,187.2466583251953,187.33270263671875,3093963,126.96736715383565
2013-07-25,113.8890609741211,188.54684448242188,189.13002014160156,187.05545043945312,187.66729736328125,3152958,127.36133608784203
2013-07-26,113.96416473388672,188.67112731933594,188.69024658203125,186.42446899414062,187.94454956054688,2599415,127.44532409430337
2013-07-29,113.30580139160156,187.58126831054688,188.51815795898438,186.93116760253906,188.1739959716797,2210930,126.70908099784174
2013-07-30,113.19031524658203,187.3900604248047,189.13002014160156,187.1988525390625,188.32696533203125,2785707,126.57993365389565
2013-07-31,112.63015747070312,186.46270751953125,188.25047302246094,185.93690490722656,185.93690490722656,3985260,125.95351315182353
2013-08-01,113.07481384277344,187.1988525390625,188.49903869628906,186.81643676757812,188.0019073486328,3010074,126.45076924615304
2013-08-02,112.69945526123047,186.5774383544922,186.90248107910156,184.72274780273438,186.90248107910156,4052204,126.03100838370979
2013-08-05,112.89580535888672,186.90248107910156,187.26577758789062,185.8030548095703,186.5774383544922,2605481,126.25058531730274
2013-08-06,110.29142761230469,182.5908203125,184.04397583007812,181.90248107910156,183.8049774169922,6211671,123.33812799572115
2013-08-07,109.43244934082031,180.26768493652344,181.5774383544922,179.78012084960938,181.26194763183594,4081178,122.3775386345398
2013-08-08,109.06683349609375,179.66539001464844,181.52008056640625,178.57553100585938,181.11854553222656,4756790,121.96867300617326
2013-08-09,109.00292205810547,179.5602264404297,180.84129333496094,178.7762908935547,179.73231506347656,3399082,121.89720129445783
2013-08-12,109.74005126953125,180.77438354492188,181.2237091064453,178.67112731933594,178.7476043701172,3165719,122.72152770854511
2013-08-13,109.35122680664062,180.13385009765625,181.63479614257812,179.31166076660156,181.20458984375,3705873,122.28670804567477
2013-08-14,108.834716796875,179.28298950195312,180.6214141845703,179.06309509277344,180.28680419921875,3025346,121.70909853354223
2013-08-15,107.82486724853516,177.6195068359375,178.7762908935547,177.29444885253906,178.04014587402344,3862250,120.57979088428968
2013-08-16,107.563720703125,177.18930053710938,178.26004028320312,177.18930053710938,177.3804931640625,3584014,120.28775253878325
2013-08-19,106.91950988769531,176.12811279296875,178.29827880859375,175.88909912109375,177.1510467529297,3398349,119.56733611359202
2013-08-20,107.11103057861328,176.44358825683594,177.46653747558594,175.11471557617188,176.26194763183594,3261219,119.78151235558704
2013-08-21,107.2851333618164,176.73040771484375,178.36520385742188,176.1759033203125,176.5487518310547,3714346,119.97621027385682
2013-08-22,107.47666931152344,177.04588317871094,178.0592803955078,176.14723205566406,177.48565673828125,2462598,120.19040357964836
2013-08-23,107.61013793945312,177.26577758789062,177.5717010498047,176.45315551757812,177.18930053710938,2398164,120.33966060779085
2013-08-26,107.21550750732422,176.6156768798828,178.7762908935547,176.55831909179688,177.12237548828125,2270238,119.89834817034543
2013-08-27,106.05477142333984,174.70362854003906,176.38623046875,174.54110717773438,175.5544891357422,3337472,118.60030516922514
2013-08-28,105.71817779541016,174.14913940429688,175.4015350341797,173.13575744628906,174.64627075195312,4162243,118.22389488183573
2013-08-29,105.99675750732422,174.6080322265625,175.6214141845703,173.46080017089844,173.9579315185547,3118021,118.5354286148639
2013-08-30,105.7820053100586,174.25430297851562,174.94264221191406,173.52772521972656,174.71319580078125,2856626,118.2952727426703
2013-09-03,106.7627944946289,175.86997985839844,176.21414184570312,174.48374938964844,175.5544891357422,3647611,119.39208239145444
2013-09-04,106.28112030029297,175.07647705078125,176.08985900878906,174.29254150390625,175.50669860839844,2717403,118.85342952677237
2013-09-05,106.87308502197266,176.05162048339844,176.86424255371094,175.0191192626953,175.28680419921875,2999510,119.51541951268617
2013-09-06,106.22306823730469,174.9808807373047,176.8546905517578,174.61758422851562,176.52963256835938,3037061,118.78851031291984
2013-09-09,107.35476684570312,176.84512329101562,177.33270263671875,175.24856567382812,175.602294921875,3155991,120.05408090926647
2013-09-10,108.29495239257812,178.3938751220703,179.397705078125,178.1739959716797,178.96749877929688,3294482,121.10548379551635
2013-09-11,110.67440032958984,182.31358337402344,182.47610473632812,178.6042022705078,178.61376953125,5191193,123.76640369262687
2013-09-12,110.69186401367188,182.34225463867188,182.90631103515625,181.50096130371094,182.5621337890625,3509121,123.78593320774166
2013-09-13,111.52758026123047,183.71893310546875,184.6080322265625,182.6003875732422,182.8011474609375,3881078,124.7205088111314
2013-09-16,112.09632873535156,184.6558380126953,186.24282836914062,184.1395721435547,185.181640625,4081910,125.35653623064313
2013-09-17,111.52178192138672,183.70936584472656,185.6118621826172,183.3938751220703,184.91395568847656,3065721,124.71402456845458
2013-09-18,112.83335876464844,185.86997985839844,186.31930541992188,183.55641174316406,184.13002014160156,4018523,126.18075173005305
2013-09-19,112.235595703125,184.88528442382812,186.31930541992188,184.72274780273438,185.64053344726562,3324293,125.51227750146244
2013-09-20,110.27976989746094,181.66348266601562,185.87954711914062,181.66348266601562,185.43020629882812,8918091,123.32509125518145
2013-09-23,110.84275817871094,182.5908203125,183.94837951660156,181.0038299560547,181.70172119140625,3494477,123.95467709150765
2013-09-24,110.25078582763672,181.6156768798828,183.13575744628906,181.31930541992188,182.53346252441406,3227224,123.2926785736956
2013-09-25,109.96060943603516,181.13766479492188,182.23709106445312,180.2103271484375,181.7781982421875,2776607,122.96817635531379
2013-09-26,110.39585876464844,181.8546905517578,183.32696533203125,181.12811279296875,181.73995971679688,2189906,123.45491261909
2013-09-27,108.4806900024414,178.69981384277344,180.6309814453125,178.25047302246094,180.56405639648438,4085153,121.31319285863107
2013-09-30,107.47085571289062,177.0363311767578,178.52772521972656,176.2332763671875,177.3996124267578,4161197,120.18390227317502
2013-10-01,108.16727447509766,178.18356323242188,178.44168090820312,176.52963256835938,177.18930053710938,2804535,120.96270247815242
2013-10-02,107.3431625366211,176.8260040283203,178.11663818359375,176.30018615722656,177.3804931640625,3783487,120.04110389201458
2013-10-03,106.70477294921875,175.77438354492188,176.8260040283203,174.9521942138672,176.5774383544922,3359543,119.32719730519494
2013-10-04,106.84405517578125,176.0038299560547,176.988525390625,175.50669860839844,176.07073974609375,2995326,119.48295563981077
2013-10-07,105.63107299804688,174.0057373046875,175.24856567382812,173.85276794433594,173.85276794433594,4148854,118.12648619941302
2013-10-08,103.72175598144531,170.8604278564453,173.9866180419922,170.85086059570312,173.89100646972656,5834902,115.99131040491874
2013-10-09,105.23065948486328,173.34608459472656,173.68069458007812,171.2237091064453,171.48184204101562,4626981,117.67870658308729
2013-10-10,107.23291778564453,176.6443634033203,176.6443634033203,174.34034729003906,175.11471557617188,3827209,119.9178179621724
2013-10-11,108.03961944580078,177.97323608398438,178.04014587402344,176.02294921875,177.10325622558594,3381300,120.81994675648328
2013-10-14,108.50973510742188,178.7476043701172,178.7667236328125,176.30975341796875,177.25621032714844,2785603,121.34567379530299
2013-10-15,107.16905975341797,176.53919982910156,177.76290893554688,176.11854553222656,177.5717010498047,3519895,119.8464059737448
2013-10-16,108.37043762207031,178.51815795898438,178.51815795898438,176.8546905517578,177.26577758789062,7027028,121.18989839689064
2013-10-17,101.4641342163086,167.14149475097656,169.216064453125,164.9808807373047,166.1950225830078,23397869,113.4666278592075
2013-10-18,100.85475158691406,166.13766479492188,167.30401611328125,165.6309814453125,167.11280822753906,11033208,112.78515954956849
2013-10-21,100.32083129882812,165.2581329345703,167.06500244140625,165.03823852539062,166.74952697753906,7425240,112.18808024560897
2013-10-22,101.54541778564453,167.27532958984375,167.8489532470703,165.3441619873047,165.72657775878906,7298256,113.55752670325862
2013-10-23,102.00963592529297,168.04014587402344,168.25047302246094,166.73040771484375,167.3900604248047,5658232,114.07665858472414
2013-10-24,103.18778991699219,169.9808807373047,170.06692504882812,168.49903869628906,168.67112731933594,5787832,115.39417990956967
2013-10-25,102.636474609375,169.07266235351562,171.2237091064453,168.50860595703125,170.5831756591797,5065569,114.7776478775797
2013-10-28,102.92667388916016,169.55067443847656,170.06692504882812,168.4512481689453,169.25430297851562,3883484,115.10217569165629
2013-10-29,105.69498443603516,174.11090087890625,174.30210876464844,169.69407653808594,169.8087921142578,9314212,118.19795791112846
2013-10-30,104.5516586303711,172.2275390625,174.1682586669922,171.95028686523438,173.69981384277344,5516290,116.91938470183514
2013-10-31,104.00608825683594,171.32887268066406,173.68069458007812,171.16635131835938,171.74952697753906,4516733,116.30927718923418
2013-11-01,104.01773834228516,171.34799194335938,172.4091796875,171.0133819580078,171.90248107910156,3812147,116.32230539787562
2013-11-04,104.62129974365234,172.34225463867188,172.8489532470703,171.45315551757812,171.988525390625,3643532,116.99726386914305
2013-11-05,103.2168197631836,170.0286865234375,171.89292907714844,169.89483642578125,171.6443634033203,6377253,115.42664378244507
2013-11-06,104.55298614501953,171.30975341796875,171.84512329101562,169.96176147460938,170.08604431152344,4770492,116.9208692521322
2013-11-07,105.02561950683594,172.08413696289062,173.41299438476562,171.70172119140625,171.70172119140625,5459597,117.44941181737737
2013-11-08,105.019775390625,172.07456970214844,172.16061401367188,169.55067443847656,170.965576171875,6563650,117.442876383311
2013-11-11,106.70599365234375,174.8374786376953,175.32504272460938,172.12237548828125,172.26577758789062,5462526,119.32856240891637
2013-11-12,106.81688690185547,175.0191192626953,175.95602416992188,174.24473571777344,174.50286865234375,4454391,119.45257355011056
2013-11-13,107.09693908691406,175.47801208496094,175.47801208496094,173.6042022705078,174.25430297851562,4920802,119.76575393950272
2013-11-14,106.3150634765625,174.1969451904297,175.14340209960938,171.7590789794922,172.5430145263672,6612289,118.89138794212656
2013-11-15,106.88689422607422,175.13385009765625,175.21987915039062,173.193115234375,174.35946655273438,5414201,119.5308622485349
2013-11-18,107.63374328613281,176.35755920410156,176.8546905517578,175.2103271484375,175.44932556152344,5590765,120.36605830100412
2013-11-19,108.0888671875,177.10325622558594,178.011474609375,176.05162048339844,176.51051330566406,4787542,120.87502015974495
2013-11-20,108.05382537841797,177.04588317871094,178.04971313476562,176.52963256835938,177.07456970214844,3813507,120.83583315104148
2013-11-21,107.43534851074219,176.03250122070312,177.58126831054688,175.3441619873047,177.3804931640625,4664637,120.14419481867776
2013-11-22,105.78408813476562,173.32696533203125,176.8546905517578,172.0076446533203,175.43020629882812,7960269,118.297601950895
2013-11-25,104.40711212158203,171.07073974609375,172.8011474609375,170.0,172.32313537597656,7491347,116.75773935742062
2013-11-26,103.45602416992188,169.51242065429688,171.07073974609375,169.51242065429688,170.8126220703125,6020776,115.69414438855867
2013-11-27,104.42461395263672,171.09942626953125,172.25621032714844,170.0,170.0095672607422,4807939,116.7773115320267
2013-11-29,104.83889770507812,171.7781982421875,172.81069946289062,171.12811279296875,171.32887268066406,3002543,117.24060213938725
2013-12-02,103.55525970458984,169.67495727539062,171.69215393066406,169.33078002929688,171.56787109375,4769760,115.80511878921315
2013-12-03,102.73834991455078,168.33651733398438,170.3919677734375,167.91586303710938,169.216064453125,6133744,114.89157431503178
2013-12-04,102.54000091552734,168.011474609375,169.69407653808594,167.4569854736328,167.65774536132812,5509700,114.66976202409498
2013-12-05,102.73834991455078,168.33651733398438,169.08221435546875,167.5717010498047,168.4034423828125,4586605,114.89157431503178
2013-12-06,103.66606140136719,169.85659790039062,170.17208862304688,168.26959228515625,168.92926025390625,4957831,115.92902754762822
2013-12-09,103.54357147216797,169.6558380126953,170.31549072265625,169.0535430908203,170.1625213623047,3971244,115.7920479210804
2013-12-10,103.34519958496094,169.33078002929688,169.85659790039062,168.31739807128906,169.12045288085938,4317679,115.57021003444882
2013-12-11,102.22490692138672,167.49522399902344,169.94264221191406,167.3996124267578,169.216064453125,4278558,114.31739462599936
2013-12-12,101.15716552734375,165.74569702148438,168.06883239746094,165.67877197265625,167.3613739013672,5932494,113.1233469327577
2013-12-13,100.82457733154297,165.2007598876953,166.71128845214844,165.13385009765625,165.88909912109375,4376882,112.75141589195425
2013-12-16,103.77115631103516,170.0286865234375,170.50669860839844,165.13385009765625,165.602294921875,7862782,116.04655444614559
2013-12-17,102.55167388916016,168.0305938720703,169.68450927734375,167.41873168945312,169.5602264404297,5723607,114.6828158284312
2013-12-18,104.26708984375,170.84129333496094,170.87954711914062,167.16061401367188,168.69024658203125,5959794,116.60115342867367
2013-12-19,105.15397644042969,172.29444885253906,172.6003875732422,170.05735778808594,170.05735778808594,6199642,117.59295247368635
2013-12-20,105.03723907470703,172.10325622558594,173.9961700439453,172.10325622558594,172.1988525390625,8005561,117.46240589842579
2013-12-23,106.3267593383789,174.216064453125,174.88528442382812,172.66729736328125,173.08795166015625,4267575,118.90446734215756
2013-12-24,106.90438079833984,175.1625213623047,175.43020629882812,173.91014099121094,173.9579315185547,1687826,119.55041735934446
2013-12-26,108.1472396850586,177.1988525390625,177.3996124267578,175.4397735595703,175.48757934570312,3478682,120.94029771332436
2013-12-27,107.98966979980469,176.9407196044922,178.29827880859375,176.44358825683594,177.66729736328125,3537154,120.76408841858176
2013-12-30,108.76565551757812,178.2122344970703,178.48948669433594,176.5487518310547,177.170166015625,3157456,121.631867790502
2013-12-31,109.44252014160156,179.32122802734375,179.53155517578125,178.10707092285156,178.28871154785156,3786206,122.38880074024165
2014-01-02,108.25222778320312,177.37094116210938,179.15870666503906,177.05545043945312,178.97705078125,4755639,121.0577051652661
2014-01-03,108.89987182617188,178.43212890625,179.11090087890625,177.1510467529297,177.65774536132812,4250107,121.78196094467387
2014-01-06,108.52644348144531,177.8202667236328,179.12045288085938,177.1510467529297,178.91969299316406,4254919,121.36435865249014
2014-01-07,110.6911392211914,181.3671112060547,181.97897338867188,178.18356323242188,178.193115234375,6205186,123.78512267740706
2014-01-08,109.67591094970703,179.70362854003906,181.08985900878906,179.0248565673828,181.0038299560547,4815470,122.64980003988192
2014-01-09,109.33165740966797,179.1395721435547,181.16635131835938,178.34608459472656,180.70745849609375,4520080,122.2648237266405
2014-01-10,109.26161193847656,179.0248565673828,180.27725219726562,178.08795166015625,180.0286865234375,4207430,122.18649236872486
2014-01-13,107.45289611816406,176.06118774414062,178.72848510742188,175.77438354492188,178.06883239746094,6050796,120.1638181846734
2014-01-14,108.47976684570312,177.74378967285156,178.23135375976562,175.7935028076172,176.92160034179688,4831683,121.31216049894174
2014-01-15,109.54171752929688,179.48374938964844,180.35372924804688,177.33270263671875,177.64817810058594,5038059,122.49973248140482
2014-01-16,110.1368408203125,180.45889282226562,180.67877197265625,178.5850830078125,179.28298950195312,4989734,123.16525467319782
2014-01-17,110.91287994384766,181.73040771484375,182.41873168945312,179.5984649658203,179.7705535888672,7996252,124.03309376840588
2014-01-21,109.94432830810547,180.14340209960938,182.0172119140625,178.57553100585938,181.86424255371094,11585810,122.94996928442913
2014-01-22,106.33843231201172,174.2351837158203,175.43020629882812,171.76864624023438,173.30784606933594,14430721,118.91752114649378
2014-01-23,106.61848449707031,174.69407653808594,175.64053344726562,172.76290893554688,173.4512481689453,7294699,119.23070153588594
2014-01-24,104.81553649902344,171.73995971679688,174.7705535888672,171.73995971679688,173.27915954589844,7207568,117.21447746691827
2014-01-27,103.8002700805664,170.07647705078125,171.74952697753906,169.84703063964844,171.71128845214844,5448196,116.07911216990183
2014-01-28,103.18761444091797,169.07266235351562,170.602294921875,168.41299438476562,170.21987915039062,5578632,115.39398367590971
2014-01-29,102.92506408691406,168.64244079589844,170.67877197265625,168.15487670898438,168.2409210205078,5199561,115.10037546112365
2014-01-30,103.48524475097656,169.5602264404297,170.03823852539062,168.6042022705078,169.3785858154297,5076970,115.72682155889055
2014-01-31,103.08845520019531,168.91014099121094,170.0191192626953,167.62905883789062,168.36520385742188,5432296,115.28309459423782
2014-02-03,100.88291931152344,165.29637145996094,168.27915954589844,165.12428283691406,168.27915954589844,7517393,112.81665931794062
2014-02-04,100.84790802001953,165.23899841308594,166.10899353027344,164.78012084960938,165.89866638183594,4549891,112.7775064368302
2014-02-05,101.66474151611328,166.5774383544922,167.27532958984375,164.61758422851562,164.61758422851562,4929066,113.69096559202897
2014-02-06,102.47434997558594,166.988525390625,167.16061401367188,166.14723205566406,166.31930541992188,4489641,114.5963450395765
2014-02-07,103.98799896240234,169.45506286621094,169.75143432617188,167.37094116210938,167.91586303710938,4908773,116.28904805846214
2014-02-10,103.92347717285156,169.3498992919922,169.8374786376953,168.49903869628906,169.1873779296875,3703258,116.216893794886
2014-02-11,105.42536926269531,171.7973175048828,172.4569854736328,169.0248565673828,169.034423828125,4861076,117.89644915855457
2014-02-12,105.7421875,172.31358337402344,173.27915954589844,171.37667846679688,171.625244140625,4166218,118.25074476565672
2014-02-13,106.68087768554688,173.8432159423828,174.34034729003906,170.03823852539062,170.38241577148438,4688172,119.30047539984783
2014-02-14,107.76618957519531,175.6118621826172,176.31930541992188,173.0305938720703,173.28871154785156,4874255,120.5141720547799
2014-02-18,107.47289276123047,175.13385009765625,175.90821838378906,174.30210876464844,175.12428283691406,4639219,120.18618029001017
2014-02-19,107.33204650878906,174.90440368652344,177.48565673828125,174.3881378173828,174.70362854003906,4886389,120.02867291625125
2014-02-20,108.10060119628906,176.1567840576172,176.73040771484375,174.75143432617188,174.91395568847656,5196737,120.88814221926725
2014-02-21,107.23818969726562,174.75143432617188,177.5430145263672,174.5889129638672,176.14723205566406,5961468,119.92371350386935
2014-02-24,107.62540435791016,175.38241577148438,177.0172119140625,174.78012084960938,174.78012084960938,4806684,120.35673293620705
2014-02-25,107.49632263183594,175.17208862304688,176.48184204101562,174.8374786376953,175.44932556152344,4081806,120.21238174956348
2014-02-26,107.9832534790039,175.965576171875,177.13192749023438,175.48757934570312,175.85086059570312,3912772,120.75691309214596
2014-02-27,108.69316101074219,177.12237548828125,177.7724609375,175.72657775878906,175.74569702148438,4003879,121.55079769324523
2014-02-28,108.63441467285156,177.02676391601562,177.93499755859375,175.5736083984375,177.2275390625,4882623,121.48510207665113
2014-03-03,108.10060119628906,176.1567840576172,176.52008056640625,174.78012084960938,175.26768493652344,4131805,120.88814221926725
2014-03-04,109.37957763671875,178.2409210205078,178.92926025390625,177.51434326171875,177.6386260986328,4950718,122.31841257960511
2014-03-05,109.79023742675781,178.91014099121094,179.68450927734375,178.2026824951172,178.36520385742188,3645519,122.77765053529264
2014-03-06,110.0835189819336,179.3881378173828,180.10516357421875,178.68069458007812,179.13002014160156,3992896,123.10562523626585
2014-03-07,110.10700225830078,179.4263916015625,180.6118621826172,178.94837951660156,180.06692504882812,4307219,123.13188641910698
2014-03-10,109.35022735595703,178.193115234375,180.08604431152344,177.67686462402344,179.30210876464844,4802395,122.28559036700284
2014-03-11,109.56729125976562,178.54684448242188,180.1625213623047,177.85850524902344,179.1682586669922,4424057,122.52833140436891
2014-03-12,109.25048828125,178.0305938720703,179.2064971923828,177.71510314941406,177.829833984375,5055318,122.17405286106327
2014-03-13,107.8894271850586,175.8126220703125,178.7762908935547,175.6309814453125,178.2122344970703,5139207,120.6519878073571
2014-03-14,106.89794921875,174.1969451904297,176.1854705810547,174.1969451904297,175.8030548095703,5742854,119.54322496911216
2014-03-17,109.00995635986328,177.6386260986328,178.15487670898438,174.6271514892578,174.6271514892578,5165253,121.90506770465261
2014-03-18,109.5966567993164,178.5946502685547,179.63670349121094,177.3804931640625,177.81069946289062,4143520,122.5611706807677
2014-03-19,108.36458587646484,176.58700561523438,178.48948669433594,175.43020629882812,177.4378662109375,4522799,121.183354430926
2014-03-20,110.23607635498047,179.63670349121094,179.9808807373047,176.07073974609375,176.35755920410156,5295480,123.27622907385229
2014-03-21,109.51451110839844,178.46080017089844,180.4015350341797,178.2026824951172,180.2103271484375,13111819,122.46930773221332
2014-03-24,110.44140625,179.9713134765625,181.10899353027344,179.13002014160156,179.1873779296875,6002471,123.50584805169606
2014-03-25,114.42494201660156,186.46270751953125,186.806884765625,180.4015350341797,180.45889282226562,11414684,127.9606080896541
2014-03-26,113.00521087646484,184.14913940429688,187.02676391601562,183.51815795898438,186.4053497314453,7166878,126.37293273833643
2014-03-27,111.36837005615234,181.48184204101562,184.1969451904297,180.9942626953125,183.47036743164062,7079014,124.54246515826313
2014-03-28,111.73210144042969,182.07456970214844,184.14913940429688,180.7935028076172,181.58700561523438,5433342,124.94922340775972
2014-03-31,112.92896270751953,184.0248565673828,185.24856567382812,182.9827880859375,183.2122344970703,8930016,126.28766494713624
2014-04-01,114.108154296875,185.9464569091797,186.5487518310547,184.30210876464844,184.6271514892578,5642229,127.60634661014498
2014-04-02,113.55083465576172,185.03823852539062,185.9464569091797,184.0248565673828,185.69789123535156,5150609,126.9830999742252
2014-04-03,113.04623413085938,184.216064453125,184.87571716308594,183.89100646972656,184.70362854003906,4279291,126.41880875527492
2014-04-04,112.50650024414062,183.33651733398438,185.4397735595703,182.86807250976562,184.6271514892578,6370035,125.81522814484208
2014-04-07,114.1198501586914,185.965576171875,186.72084045410156,183.1453094482422,183.28871154785156,7050563,127.619426010176
2014-04-08,113.39825439453125,184.7896728515625,185.6309814453125,184.216064453125,185.36329650878906,5360750,126.81247054094399
2014-04-09,115.36360931396484,187.9923553466797,188.33651733398438,185.08604431152344,185.35372924804688,5732185,129.01031312815044
2014-04-10,114.80044555664062,187.07456970214844,190.44932556152344,187.05545043945312,187.4378662109375,8805123,128.38053105816428
2014-04-11,114.51289367675781,186.6061248779297,188.33651733398438,185.72657775878906,186.46270751953125,5057410,128.05896381278356
2014-04-14,116.02658081054688,189.07266235351562,189.52198791503906,187.26577758789062,187.6099395751953,5680931,129.75170949116048
2014-04-15,115.58656311035156,188.3556365966797,188.72848510742188,186.8260040283203,187.3613739013672,5597460,129.25964079097244
2014-04-16,115.22283172607422,187.76290893554688,189.9713134765625,186.42446899414062,189.34034729003906,8919556,128.85288254147585
2014-04-17,111.4739761352539,181.65391540527344,182.31358337402344,178.78585815429688,179.01528930664062,11767082,124.66056369396385
2014-04-21,112.7999038696289,183.8145294189453,184.33078002929688,181.3957977294922,181.45315551757812,5669006,126.14333935618744
2014-04-22,112.7294692993164,183.69981384277344,184.51242065429688,182.7915802001953,183.5659637451172,4057016,126.0645728714606
2014-04-23,112.48306274414062,183.29827880859375,183.94837951660156,181.74952697753906,183.3556365966797,4954274,125.78901815339051
2014-04-24,111.59716033935547,181.8546905517578,183.7667236328125,181.67303466796875,183.7667236328125,4609827,124.79831972325324
2014-04-25,111.25104522705078,181.29063415527344,182.28489685058594,180.7935028076172,182.16061401367188,4049066,124.41126162683663
2014-04-28,113.31025695800781,184.64627075195312,185.45889282226562,182.1988525390625,182.73422241210938,5897662,126.71406362642497
2014-04-29,114.46602630615234,186.52963256835938,187.32313537597656,184.90440368652344,185.07647705078125,4839110,128.0065523617787
2014-04-30,115.26393127441406,187.829833984375,188.2026824951172,185.8030548095703,185.8317413330078,4400313,128.89884387739696
2014-05-01,113.53907012939453,185.0191192626953,188.08795166015625,184.6558380126953,187.67686462402344,3843004,126.96994378710987
2014-05-02,112.31289672851562,183.02102661132812,185.31549072265625,182.83938598632812,185.2294464111328,3190195,125.59872269462235
2014-05-05,112.20735931396484,182.8489532470703,183.06883239746094,181.45315551757812,182.64817810058594,2324317,125.48070094600597
2014-05-06,111.48568725585938,181.67303466796875,182.55258178710938,180.92733764648438,182.53346252441406,3335380,124.67366015779137
2014-05-07,111.70404815673828,180.9751434326172,181.93116760253906,178.70936584472656,181.0133819580078,3996766,124.91785161786146
2014-05-08,111.47392272949219,180.602294921875,182.18930053710938,179.9521942138672,180.84129333496094,2543767,124.66050397067603
2014-05-09,112.16432189941406,181.72084045410156,182.2084197998047,180.08604431152344,180.66921997070312,2365634,125.4325725079271
2014-05-12,113.6336441040039,184.10133361816406,184.53155517578125,182.5430145263672,182.71510314941406,3951160,127.0757051979281
2014-05-13,113.40941619873047,183.73805236816406,184.54110717773438,183.32696533203125,184.31166076660156,2329024,126.82495270809686
2014-05-14,111.36180877685547,180.420654296875,183.54684448242188,179.89483642578125,183.47036743164062,5493069,124.53512772576042
2014-05-15,110.02818298339844,178.26004028320312,180.7648162841797,177.9923553466797,180.75526428222656,4395501,123.04374337819353
2014-05-16,110.38224029541016,178.83364868164062,179.1682586669922,177.7533416748047,178.07839965820312,4131177,123.43968318069773
2014-05-19,110.34687042236328,178.7762908935547,178.90057373046875,177.85850524902344,178.4034423828125,3421152,123.40012930036912
2014-05-20,109.10176086425781,176.7590789794922,178.48948669433594,176.5774383544922,178.0592803955078,3165719,122.00773203640284
2014-05-21,109.98689270019531,178.193115234375,178.92926025390625,176.81643676757812,177.67686462402344,3125448,122.99756874481595
2014-05-22,109.56793212890625,177.51434326171875,178.25047302246094,176.89292907714844,178.25047302246094,2320028,122.52904808382266
2014-05-23,109.72132873535156,177.76290893554688,177.95411682128906,177.16061401367188,177.66729736328125,2680793,122.70059043021759
2014-05-27,109.03683471679688,176.65391540527344,177.48565673828125,175.84129333496094,176.67303466796875,5014315,121.93512558221897
2014-05-28,108.03366088867188,175.0286865234375,176.74952697753906,174.89483642578125,176.3671112060547,3892794,120.81328334394301
2014-05-29,108.43495178222656,175.67877197265625,175.69789123535156,174.31166076660156,175.56405639648438,2886855,121.26204412856852
2014-05-30,108.78902435302734,176.2523956298828,176.45315551757812,174.46463012695312,175.31549072265625,4833043,121.65800099486924
2014-06-02,109.57383728027344,177.52389526367188,178.08795166015625,176.5487518310547,176.63479614257812,3347723,122.5356517730751
2014-06-03,108.7948989868164,176.26194763183594,177.5908203125,176.02294921875,177.3900604248047,2632887,121.66457055652864
2014-06-04,108.87751770019531,176.3957977294922,177.29444885253906,176.09942626953125,176.58700561523438,2486133,121.75696248277508
2014-06-05,109.74494934082031,177.8011474609375,177.90631103515625,175.8317413330078,176.53919982910156,2983401,122.72700518722738
2014-06-06,109.9750747680664,178.1739959716797,179.397705078125,177.72467041015625,178.26959228515625,3448348,122.9843528344128
2014-06-09,109.88656616210938,178.0305938720703,179.3881378173828,177.7820281982422,178.0305938720703,2853906,122.88537428271044
2014-06-10,108.74768829345703,176.1854705810547,178.0305938720703,175.73614501953125,178.011474609375,4346025,121.61177517010212
2014-06-11,107.5439224243164,174.2351837158203,176.09942626953125,174.0057373046875,175.53536987304688,4248538,120.26561226280121
2014-06-12,106.93611907958984,173.25047302246094,174.52198791503906,172.95411682128906,174.45506286621094,4628864,119.58591005610181
2014-06-13,107.72682189941406,174.53155517578125,174.9521942138672,173.53729248046875,173.9961700439453,2901186,120.4701474597636
2014-06-16,107.60289764404297,174.33078002929688,174.67495727539062,173.26959228515625,174.3785858154297,3719785,120.33156383634308
2014-06-17,107.54985046386719,174.24473571777344,174.7705535888672,173.57553100585938,173.90057373046875,2574101,120.27224154774844
2014-06-18,108.3405532836914,175.52581787109375,175.53536987304688,173.79541015625,174.034423828125,4112663,121.15647895141024
2014-06-19,107.88028717041016,174.78012084960938,176.35755920410156,174.34034729003906,176.02294921875,3714451,120.64176659324286
2014-06-20,107.13084411621094,173.5659637451172,174.63670349121094,173.4225616455078,174.5602264404297,11178393,119.8036696953656
2014-06-23,107.4790267944336,174.13002014160156,174.2351837158203,173.04014587402344,173.91969299316406,3380358,120.19303993621038
2014-06-24,106.73548889160156,172.92543029785156,174.9521942138672,172.70555114746094,173.51815795898438,4053668,119.36154672758556
2014-06-25,106.64105987548828,172.7724609375,173.011474609375,172.14149475097656,172.32313537597656,2889889,119.25594742283425
2014-06-26,106.43457794189453,172.4378662109375,173.3938751220703,171.38623046875,172.91586303710938,3408391,119.02504012835338
2014-06-27,107.22526550292969,173.71893310546875,174.43594360351562,171.7590789794922,171.86424255371094,4785973,119.90926046821866
2014-06-30,106.96562194824219,173.29827880859375,173.92926025390625,172.33270263671875,173.3556365966797,4418095,119.61890290666925
2014-07-01,109.96329498291016,178.15487670898438,179.034423828125,173.70936584472656,173.70936584472656,6948683,122.97117958350094
2014-07-02,111.16706085205078,180.10516357421875,180.67877197265625,177.9827880859375,178.1453094482422,5327278,124.31734249080185
2014-07-03,111.24964904785156,180.23899841308594,180.50669860839844,179.11090087890625,180.10516357421875,2533830,124.40970028945524
2014-07-07,110.96056365966797,179.7705535888672,179.9904327392578,179.1969451904297,179.35946655273438,3094800,124.08641813252446
2014-07-08,110.47664642333984,178.9866180419922,179.8087921142578,178.1739959716797,179.397705078125,3279315,123.54525688975427
2014-07-09,111.18474578857422,180.13385009765625,180.5927276611328,178.67112731933594,179.4263916015625,3461842,124.33711943096615
2014-07-10,110.75988006591797,179.4455108642578,179.78012084960938,178.02102661132812,178.2409210205078,3323979,123.8619950807204
2014-07-11,110.9369125366211,179.73231506347656,180.06692504882812,178.49903869628906,179.47418212890625,2513015,124.05996924792164
2014-07-14,112.03449249267578,181.51051330566406,182.06500244140625,180.23899841308594,180.2581329345703,4708151,125.28738519525415
2014-07-15,111.22604370117188,180.2007598876953,181.72084045410156,179.93307495117188,181.20458984375,5088476,124.38330259624198
2014-07-16,113.50971221923828,183.90057373046875,184.85659790039062,182.37094116210938,183.78585815429688,8171980,126.93711304260934
2014-07-17,113.58645629882812,184.0248565673828,187.33270263671875,183.55641174316406,183.90057373046875,9280426,127.02293540719636
2014-07-18,113.59230041503906,184.034423828125,184.93307495117188,181.6443634033203,183.51815795898438,8542054,127.02947084126272
2014-07-21,112.61868286132812,182.4569854736328,183.26959228515625,180.92733764648438,182.88719177246094,4345502,125.94068117684203
2014-07-22,114.53056335449219,185.5544891357422,186.1567840576172,183.13575744628906,183.1644287109375,5076238,128.07872368915133
2014-07-23,114.25912475585938,185.11471557617188,186.32887268066406,185.05735778808594,185.5736083984375,3749073,127.77517581289356
2014-07-24,115.20918273925781,186.65391540527344,187.0172119140625,185.2294464111328,185.420654296875,3778884,128.83761897549056
2014-07-25,114.71350860595703,185.85086059570312,187.28489685058594,185.26768493652344,186.71128845214844,3531714,128.28331007750327
2014-07-28,115.52780151367188,187.170166015625,187.76290893554688,185.13385009765625,185.75526428222656,3391550,129.19392811058182
2014-07-29,114.81380462646484,186.0133819580078,187.27532958984375,185.98471069335938,186.71128845214844,3414249,128.39547041201575
2014-07-30,114.47749328613281,185.46844482421875,187.37094116210938,184.4168243408203,186.6156768798828,4125215,128.0193758048619
2014-07-31,113.1025619506836,183.2409210205078,185.74569702148438,183.11663818359375,184.35946655273438,4401045,126.48179976012094
2014-08-01,111.61554718017578,180.8317413330078,183.07839965820312,180.5544891357422,182.12237548828125,5419431,124.81888159805737
2014-08-04,111.90464782714844,181.30018615722656,181.5965576171875,180.30592346191406,181.02294921875,2223691,125.14218081878467
2014-08-05,110.4058609008789,178.87188720703125,180.87954711914062,178.2409210205078,180.44932556152344,3460063,123.4660979377075
2014-08-06,110.38802337646484,177.7915802001953,178.6615753173828,176.32887268066406,177.2084197998047,4023962,123.44615035957803
2014-08-07,109.39678192138672,176.1950225830078,178.47036743164062,175.50669860839844,178.43212890625,2833196,122.3376520101791
2014-08-08,110.77986145019531,178.4225616455078,178.46080017089844,175.50669860839844,176.29063415527344,2909449,123.88434012226067
2014-08-11,111.27838897705078,179.22561645507812,180.07647705078125,178.08795166015625,179.55067443847656,2643451,124.4418399501968
2014-08-12,111.20126342773438,179.10133361816406,180.3919677734375,178.5946502685547,179.2064971923828,1944096,124.35559099069683
2014-08-13,111.5633316040039,179.68450927734375,180.1912078857422,179.13002014160156,179.73231506347656,1877570,124.76048928637294
2014-08-14,111.5217514038086,179.61758422851562,179.89483642578125,178.70936584472656,179.32122802734375,2018257,124.71399044086154
2014-08-15,111.22499084472656,179.1395721435547,180.5736083984375,178.57553100585938,179.5889129638672,2944281,124.38212519428224
2014-08-18,112.4002914428711,181.03250122070312,181.46270751953125,179.50286865234375,179.82791137695312,2531634,125.69645558917891
2014-08-19,112.82173156738281,181.71128845214844,181.88336181640625,181.03250122070312,181.68260192871094,2133945,126.16774911710637
2014-08-20,112.83953094482422,181.73995971679688,182.0172119140625,180.92733764648438,181.51051330566406,2277770,126.18765403574454
2014-08-21,113.51021575927734,182.8202667236328,183.62332153320312,182.12237548828125,182.50477600097656,2611339,126.93767614789442
2014-08-22,113.02352142333984,182.0363311767578,183.44168090820312,181.92160034179688,182.3804931640625,2029554,126.39340929415796
2014-08-25,113.46870422363281,182.7533416748047,183.374755859375,182.32313537597656,182.97323608398438,1802886,126.89125408946735
2014-08-26,114.55493927001953,184.50286865234375,185.0191192626953,182.6195068359375,182.6195068359375,3321468,128.10598310408875
2014-08-27,114.11576080322266,183.79541015625,185.5927276611328,183.13575744628906,184.54110717773438,2290949,127.61485291270918
2014-08-28,113.96731567382812,183.55641174316406,183.8432159423828,182.27532958984375,183.04971313476562,1572766,127.44884776828432
2014-08-29,114.1454086303711,183.8432159423828,184.27342224121094,182.73422241210938,183.8240966796875,3043232,127.64800786934356
2014-09-02,113.70620727539062,183.13575744628906,184.48374938964844,182.53346252441406,184.2064971923828,2802966,127.15685208226921
2014-09-03,113.9376449584961,183.50860595703125,184.46463012695312,183.4225616455078,183.92926025390625,1906649,127.41566721595518
2014-09-04,113.18379211425781,182.29444885253906,184.216064453125,181.70172119140625,183.26004028320312,2996790,126.57263888088423
2014-09-05,113.49243927001953,182.7915802001953,183.31739807128906,181.73040771484375,182.1510467529297,2364169,126.91779682495101
2014-09-08,112.86326599121094,181.7781982421875,182.7915802001953,181.1759033203125,182.3613739013672,2640313,126.21419677122822
2014-09-09,112.77426147460938,181.63479614257812,182.35182189941406,181.4340362548828,181.9694061279297,2514166,126.11466364613902
2014-09-10,113.69432830810547,183.11663818359375,183.69981384277344,181.73995971679688,181.7590789794922,2891144,127.14356791667998
2014-09-11,113.80110931396484,183.28871154785156,184.30210876464844,181.7590789794922,182.67686462402344,2404231,127.26298036471259
2014-09-12,113.53999328613281,182.86807250976562,183.1739959716797,182.18930053710938,183.04971313476562,3034446,126.9709761467992
2014-09-15,113.85454559326172,183.374755859375,184.0248565673828,182.1988525390625,183.0019073486328,2569394,127.32273778011843
2014-09-16,114.53720092773438,184.47418212890625,185.05735778808594,182.4282989501953,182.83938598632812,2679329,128.08614644063664
2014-09-17,114.44217681884766,184.32122802734375,185.12428283691406,183.8432159423828,184.72274780273438,3358497,127.97988164782113
2014-09-18,115.00613403320312,185.2294464111328,185.5927276611328,184.2351837158203,184.31166076660156,3099612,128.61055103522622
2014-09-19,115.15451049804688,185.46844482421875,186.42446899414062,184.69407653808594,185.98471069335938,9259192,128.77647939256673
2014-09-22,114.62620544433594,184.61758422851562,185.602294921875,184.15870666503906,185.2007598876953,3470628,128.18567956572582
2014-09-23,113.74178314208984,183.193115234375,184.579345703125,183.09751892089844,184.27342224121094,3453683,127.1966363238508
2014-09-24,114.1513442993164,183.85276794433594,183.9866180419922,181.52963256835938,182.6003875732422,3224400,127.65464568618904
2014-09-25,112.19248962402344,180.69789123535156,184.034423828125,180.65965270996094,183.6042022705078,4342364,125.46407227629923
2014-09-26,112.81578063964844,181.70172119140625,181.95985412597656,180.31549072265625,180.6214141845703,2608619,126.16109423646436
2014-09-29,112.5664291381836,181.30018615722656,181.6061248779297,179.84703063964844,180.21987915039062,2443770,125.88224620566632
2014-09-30,112.67928314208984,181.48184204101562,182.4569854736328,180.8317413330078,181.30018615722656,3067500,126.00845004471306
2014-10-01,111.10032653808594,178.93881225585938,182.02676391601562,178.57553100585938,181.55831909179688,3894467,124.2427139767306
2014-10-02,110.946044921875,178.69024658203125,179.52198791503906,178.04971313476562,179.4072723388672,2388123,124.07018193013764
2014-10-03,111.9906997680664,180.3728485107422,181.0420684814453,179.31166076660156,179.8374786376953,3212789,125.23841209924764
2014-10-06,112.21033477783203,180.72657775878906,182.49522399902344,180.4110870361328,181.34799194335938,2196077,125.48402838632697
2014-10-07,110.23368835449219,177.5430145263672,179.84703063964844,177.3804931640625,179.51242065429688,3128900,123.27355858969725
2014-10-08,112.4002914428711,181.03250122070312,181.26194763183594,177.44741821289062,177.7915802001953,3122101,125.69645558917891
2014-10-09,110.65513610839844,178.2218017578125,181.16635131835938,177.90631103515625,180.8030548095703,2746168,123.74486064952296
2014-10-10,110.36428833007812,177.7533416748047,179.48374938964844,176.95985412597656,177.68641662597656,5324349,123.41960762409435
2014-10-13,108.93378448486328,175.44932556152344,178.44168090820312,175.35372924804688,177.33270263671875,3762148,121.81988523243501
2014-10-14,109.10000610351562,175.71701049804688,177.55258178710938,175.51625061035156,176.7590789794922,4105236,122.00576969980327
2014-10-15,107.88314056396484,173.75717163085938,175.70745849609375,170.88909912109375,174.43594360351562,7213007,120.64495752319172
2014-10-16,106.74938201904297,171.93116760253906,173.49903869628906,170.8317413330078,171.89292907714844,5835216,119.37708331431516
2014-10-17,108.06118774414062,174.04397583007812,174.7992401123047,172.29444885253906,173.26959228515625,4550309,120.84406643286138
2014-10-20,100.37438201904297,161.66348266601562,162.83938598632812,159.35946655273438,159.51242065429688,24493659,112.24796563948871
2014-10-21,96.89006042480469,156.05162048339844,159.3498992919922,154.56979370117188,159.08221435546875,21913491,108.35147330031012
2014-10-22,96.03530883789062,154.67495727539062,158.13575744628906,154.01528930664062,155.26768493652344,11594701,107.39561061076424
2014-10-23,96.26679229736328,155.0478057861328,155.66921997070312,154.43594360351562,154.9904327392578,7948972,107.65447693583977
2014-10-24,96.20740509033203,154.9521942138672,155.29637145996094,154.3498992919922,154.9521942138672,6958097,107.58806463979191
2014-10-27,96.08275604248047,154.75143432617188,155.74569702148438,154.69407653808594,154.87571716308594,5218599,107.44867048603679
2014-10-28,97.10965728759766,156.4053497314453,156.4053497314453,154.68450927734375,154.87571716308594,8258484,108.59704692789816
2014-10-29,97.02658081054688,156.27151489257812,157.3804931640625,155.602294921875,157.10325622558594,4957308,108.50414308775619
2014-10-30,97.55484008789062,157.12237548828125,157.3804931640625,155.85086059570312,156.30975341796875,4075216,109.09489172320755
2014-10-31,97.58451843261719,157.170166015625,158.30784606933594,156.42446899414062,158.2026824951172,6085628,109.12808080743496
2014-11-03,97.56077575683594,157.13192749023438,157.30401611328125,156.1950225830078,157.02676391601562,4903857,109.10152954005304
2014-11-04,96.5457534790039,155.49713134765625,157.13192749023438,155.10516357421875,157.11280822753906,4442257,107.96643726378089
2014-11-05,96.05307006835938,154.70362854003906,156.34799194335938,154.45506286621094,155.95602416992188,4293516,107.41547286991113
2014-11-06,96.4953384399414,154.35946655273438,154.4263916015625,153.011474609375,154.1873779296875,4254710,107.91005848008558
2014-11-07,96.85990142822266,154.94264221191406,155.07647705078125,153.7762908935547,154.32122802734375,3655561,108.31774670649239
2014-11-10,97.70860290527344,156.30018615722656,157.23709106445312,154.50286865234375,154.78012084960938,5186277,109.26684360071891
2014-11-11,97.59500122070312,156.11854553222656,156.69215393066406,155.44932556152344,156.50096130371094,3696982,109.13980363564279
2014-11-12,96.77027893066406,154.7992401123047,155.8317413330078,154.64627075195312,155.14340209960938,3533597,108.21752249764423
2014-11-13,97.29019165039062,155.6309814453125,155.64053344726562,154.68450927734375,154.87571716308594,3388726,108.79893723640026
2014-11-14,98.10895538330078,156.9407196044922,157.25621032714844,154.579345703125,154.9713134765625,5207406,109.71455496185857
2014-11-17,98.10895538330078,156.9407196044922,157.71510314941406,156.52008056640625,156.9407196044922,5019649,109.71455496185857
2014-11-18,96.7523422241211,154.7705535888672,157.50477600097656,154.7705535888672,157.48565673828125,5658965,108.19746400483739
2014-11-19,96.4773941040039,154.33078002929688,154.9713134765625,153.88145446777344,154.92352294921875,3977520,107.88999145538048
2014-11-20,96.00528717041016,153.57553100585938,154.397705078125,152.7724609375,153.87188720703125,4375523,107.36203759111517
2014-11-21,96.17261505126953,153.8432159423828,154.82791137695312,153.68069458007812,154.71319580078125,4264437,107.54915918373099
2014-11-24,96.90771484375,155.0191192626953,156.65391540527344,153.97705078125,154.43594360351562,6923474,108.37121611288138
2014-11-25,96.67464447021484,154.64627075195312,156.30975341796875,154.45506286621094,155.49713134765625,4249270,108.11057515296798
2014-11-26,96.78815460205078,154.82791137695312,154.9713134765625,153.92926025390625,154.8087921142578,4148436,108.237512735265
2014-11-28,96.9196548461914,155.03823852539062,156.1854705810547,154.34034729003906,155.5927276611328,2516153,108.38456853365668
2014-12-01,96.54315948486328,154.43594360351562,156.13766479492188,154.25430297851562,154.53155517578125,4360146,107.96353641837284
2014-12-02,97.2184829711914,155.51625061035156,155.5736083984375,154.53155517578125,155.32504272460938,3625122,108.71874592466416
2014-12-03,98.32411193847656,157.28489685058594,157.28489685058594,154.87571716308594,155.32504272460938,6724839,109.95516302465988
2014-12-04,98.04324340820312,156.8355712890625,157.26577758789062,155.84129333496094,156.7973175048828,4036932,109.64106972215401
2014-12-05,97.57706451416016,156.08985900878906,157.26577758789062,155.74569702148438,156.4149169921875,3152121,109.11974514283594
2014-12-08,96.73438262939453,154.7418670654297,156.10899353027344,154.43594360351562,156.10899353027344,2982146,108.17737991633575
2014-12-09,97.40973663330078,155.82217407226562,155.85086059570312,153.72848510742188,153.7667236328125,4038815,108.93262355022013
2014-12-10,95.9275894165039,153.4512481689453,156.14723205566406,152.9923553466797,155.84129333496094,4260149,107.27514873924578
2014-12-11,96.26229095458984,153.9866180419922,155.7648162841797,153.46080017089844,153.7476043701172,4173122,107.64944311586697
2014-12-12,92.8616714477539,148.54684448242188,153.44168090820312,148.49903869628906,153.2026824951172,9007838,103.84655423248758
2014-12-15,91.47515869140625,146.32887268066406,149.84703063964844,146.11854553222656,149.07266235351562,6799314,102.29602676618947
2014-12-16,90.4890365600586,144.75143432617188,148.07839965820312,143.88145446777344,145.3441619873047,7094600,101.19325332052232
2014-12-17,90.79981231689453,145.24856567382812,146.56787109375,144.46463012695312,144.85659790039062,5367026,101.54079166420335
2014-12-18,94.23625946044922,150.74569702148438,150.74569702148438,146.55831909179688,146.8260040283203,7638310,105.3837463418069
2014-12-19,94.7322769165039,151.53919982910156,153.3556365966797,150.56405639648438,150.56405639648438,9272685,105.93843917521582
2014-12-22,96.48339080810547,154.34034729003906,154.7896728515625,151.3671112060547,151.3671112060547,4897895,107.89669752741203
2014-12-23,96.96153259277344,155.10516357421875,155.73614501953125,154.50286865234375,155.09559631347656,4229292,108.43140012320019
2014-12-24,96.71048736572266,154.70362854003906,155.82217407226562,154.50286865234375,155.71701049804688,1954033,108.15065801098865
2014-12-26,97.02125549316406,155.2007598876953,155.91778564453125,154.88528442382812,155.13385009765625,2000161,108.49818782277143
2014-12-29,95.9275894165039,153.4512481689453,155.2007598876953,152.4378662109375,154.87571716308594,3485063,107.27514873924578
2014-12-30,95.65267944335938,153.011474609375,153.7476043701172,152.76290893554688,152.9827880859375,2960075,106.96771884928017
2014-12-31,95.88573455810547,153.3843231201172,154.397705078125,153.32696533203125,153.3556365966797,4196447,107.22834274539706
2015-01-02,96.85395050048828,154.93307495117188,156.12811279296875,153.91969299316406,154.216064453125,5779673,108.3110918258504
2015-01-05,95.3299331665039,152.49522399902344,154.17782592773438,152.18930053710938,154.17782592773438,5104898,106.6067939572308
2015-01-06,93.2740249633789,149.2064971923828,152.92543029785156,148.34608459472656,152.64817810058594,6429448,104.30768626958859
2015-01-07,92.66443634033203,148.23135375976562,150.28680419921875,147.25621032714844,150.28680419921875,4918083,103.62598759869658
2015-01-08,94.67849731445312,151.45315551757812,152.04588317871094,148.70936584472656,149.3690185546875,4431693,105.87829782438831
2015-01-09,95.09088134765625,152.11280822753906,153.28871154785156,150.33460998535156,151.45315551757812,4694762,106.33946398908238
2015-01-12,93.49517059326172,149.5602264404297,152.2466583251953,148.91014099121094,152.0076446533203,4380230,104.5549918725232
2015-01-13,93.71630096435547,149.91395568847656,152.93499755859375,148.83364868164062,150.3441619873047,4578865,104.80228041166131
2015-01-14,93.1126937866211,148.94837951660156,149.6080322265625,146.97897338867188,148.04971313476562,4906054,104.12727074900432
2015-01-15,92.3775863647461,147.7724609375,150.06692504882812,147.3804931640625,149.7992401123047,4443826,103.30520528795567
2015-01-16,93.91351318359375,150.2294464111328,150.69789123535156,147.05545043945312,147.05545043945312,6020776,105.02282144975753
2015-01-20,93.79997253417969,150.0478057861328,150.4110870361328,147.25621032714844,149.8087921142578,8778869,104.89584973986747
2015-01-21,90.89545440673828,145.4015350341797,147.70555114746094,144.4263916015625,146.30018615722656,12444367,101.64774754077786
2015-01-22,92.86766052246094,148.55641174316406,148.87188720703125,145.08604431152344,145.2581329345703,6401625,103.85325177262087
2015-01-23,93.15451049804688,149.01528930664062,150.66921997070312,148.07839965820312,148.2122344970703,5057201,104.17403408336176
2015-01-26,93.44739532470703,149.48374938964844,152.44741821289062,148.91969299316406,151.30018615722656,8250953,104.50156512562552
2015-01-27,91.83970642089844,146.91204833984375,148.26959228515625,145.87954711914062,148.12619018554688,5919942,102.70369792879976
2015-01-28,90.57271575927734,144.88528442382812,147.73422241210938,144.88528442382812,147.2275390625,4702711,101.28683118062673
2015-01-29,92.92145538330078,148.64244079589844,148.73805236816406,142.94454956054688,144.72274780273438,8703557,103.91341018724489
2015-01-30,91.6245346069336,146.56787109375,148.41299438476562,146.30975341796875,147.14149475097656,6865526,102.46307280220192
2015-02-02,92.4313735961914,147.85850524902344,147.85850524902344,144.84703063964844,147.2275390625,4928961,103.36535517068144
2015-02-03,94.7083969116211,151.50096130371094,151.625244140625,147.94454956054688,147.94454956054688,5794212,105.91173433366524
2015-02-04,93.80595397949219,150.05735778808594,151.73040771484375,149.8087921142578,150.29637145996094,3847711,104.90253874810251
2015-02-05,94.37374877929688,150.965576171875,151.6156768798828,150.23899841308594,150.3728485107422,5495266,105.53749968033186
2015-02-06,94.3195571899414,149.82791137695312,151.12811279296875,149.35946655273438,150.420654296875,3406299,105.47689760699838
2015-02-09,93.7357406616211,148.90057373046875,150.5736083984375,148.5659637451172,149.1395721435547,3198354,104.82401968842517
2015-02-10,95.42691802978516,151.58700561523438,151.58700561523438,148.26004028320312,149.84703063964844,4644868,106.71525144789888
2015-02-11,95.21023559570312,151.24282836914062,152.09368896484375,150.2581329345703,150.82217407226562,3793528,106.47293700544576
2015-02-12,95.40286254882812,151.5487518310547,152.48565673828125,151.13766479492188,151.73995971679688,3486423,106.68835037268833
2015-02-13,96.53433227539062,153.34608459472656,153.72848510742188,151.66348266601562,151.7973175048828,3877417,107.9536650120872
2015-02-17,96.87130737304688,153.88145446777344,154.31166076660156,152.70555114746094,152.72467041015625,3027647,108.33050189438956
2015-02-18,97.61154174804688,155.05735778808594,155.32504272460938,153.57553100585938,154.7418670654297,4558886,109.15830079106824
2015-02-19,98.63469696044922,156.68260192871094,157.25621032714844,154.34034729003906,154.92352294921875,3665602,110.30248807088445
2015-02-20,98.49028015136719,156.45315551757812,157.11280822753906,154.96176147460938,156.44358825683594,3507238,110.14098776874033
2015-02-23,98.04487609863281,155.74569702148438,157.170166015625,155.35372924804688,157.0076446533203,2839262,109.64289554838145
2015-02-24,99.20040893554688,157.58126831054688,157.73422241210938,154.4072723388672,155.3441619873047,4917874,110.9351197948891
2015-02-25,97.98469543457031,155.6501007080078,157.70555114746094,155.43020629882812,157.68641662597656,4188812,109.57559593491466
2015-02-26,96.81716918945312,153.79541015625,156.92160034179688,152.74378967285156,156.53919982910156,7437897,108.26995954434388
2015-02-27,97.46111297607422,154.818359375,155.15296936035156,153.11663818359375,153.79541015625,4612860,108.99007735309605
2015-03-02,96.58245849609375,153.4225616455078,154.818359375,152.7820281982422,154.818359375,6190123,108.00748422630481
2015-03-03,96.91345977783203,153.94837951660156,154.63670349121094,152.9636688232422,153.2218017578125,3383182,108.37764063227038
2015-03-04,95.94451904296875,152.4091796875,153.49903869628906,151.73995971679688,153.47991943359375,3800746,107.29408102148244
2015-03-05,97.00372314453125,154.09178161621094,154.397705078125,152.67686462402344,152.829833984375,3966118,108.4785815205723
2015-03-06,95.39080810546875,151.52963256835938,154.34034729003906,151.10899353027344,153.1453094482422,4749049,106.67486997343916
2015-03-09,96.75699615478516,153.69981384277344,154.06309509277344,151.24282836914062,151.24282836914062,5432819,108.20266846277535
2015-03-10,94.97555541992188,150.86997985839844,153.18356323242188,150.86997985839844,152.58126831054688,4812646,106.21049581499973
2015-03-11,94.36767578125,149.90440368652344,152.14149475097656,149.08221435546875,151.5965576171875,5972555,105.53070828931772
2015-03-12,95.07785034179688,151.03250122070312,151.73995971679688,149.397705078125,149.397705078125,4777396,106.32489150685605
2015-03-13,92.85105895996094,147.49522399902344,150.5927276611328,146.65391540527344,150.53536987304688,6343049,103.83468636200934
2015-03-16,94.53621673583984,150.17208862304688,150.181640625,147.9923553466797,148.23135375976562,3922082,105.71918645375672
2015-03-17,94.46400451660156,150.05735778808594,150.3728485107422,148.53729248046875,149.33078002929688,3464038,105.63843203673552
2015-03-18,96.1792221069336,152.7820281982422,153.6328887939453,148.94837951660156,149.9521942138672,6002785,107.55654780762326
2015-03-19,96.1792221069336,152.7820281982422,153.8432159423828,151.8260040283203,152.67686462402344,4057016,107.55654780762326
2015-03-20,98.02684020996094,155.71701049804688,155.8317413330078,153.29827880859375,153.87188720703125,9420694,109.62272614089723
2015-03-23,99.080078125,157.3900604248047,158.07839965820312,155.5736083984375,155.6118621826172,6202885,110.80055469554857
2015-03-24,98.09907531738281,155.8317413330078,157.6386260986328,155.73614501953125,157.5430145263672,4546021,109.70350615361319
2015-03-25,95.81210327148438,152.1988525390625,155.90821838378906,152.1988525390625,155.90821838378906,5678629,107.14600139529969
2015-03-26,96.64864349365234,153.52772521972656,154.15870666503906,151.92160034179688,152.26577758789062,4598216,108.0814984437014
2015-03-27,96.53433227539062,153.34608459472656,153.8240966796875,152.2275390625,153.71893310546875,3637883,107.9536650120872
2015-03-30,97.90045928955078,155.51625061035156,156.4053497314453,154.15870666503906,154.216064453125,4328348,109.48139524623733
2015-03-31,96.59446716308594,153.44168090820312,155.1912078857422,153.34608459472656,153.9961700439453,4451148,108.02091343416443
2015-04-01,95.80006408691406,152.1797332763672,153.55641174316406,151.42446899414062,153.18356323242188,3871037,107.13253805984704
2015-04-02,96.56439971923828,153.3938751220703,155.3919677734375,151.90248107910156,152.50477600097656,4886494,107.98728922312581
2015-04-06,97.52130126953125,154.91395568847656,155.64053344726562,151.72084045410156,152.66729736328125,3625122,109.0573854984611
2015-04-07,97.53936004638672,154.94264221191406,156.63479614257812,154.51242065429688,154.5602264404297,3292808,109.07758050164009
2015-04-08,97.4069595336914,154.73231506347656,156.35755920410156,153.92926025390625,154.6080322265625,2640418,108.92951793925386
2015-04-09,97.70183563232422,155.2007598876953,155.32504272460938,153.65200805664062,154.5889129638672,2367621,109.2592758069632
2015-04-10,98.0147933959961,155.69789123535156,156.14723205566406,154.15870666503906,155.2007598876953,2631422,109.60925427354631
2015-04-13,97.7259292602539,155.23899841308594,156.7877655029297,155.21987915039062,155.2294464111328,4046869,109.28621954166503
2015-04-14,97.67781066894531,155.1625213623047,155.5831756591797,153.71893310546875,155.27725219726562,2844388,109.2324088593457
2015-04-15,98.77915954589844,156.91204833984375,157.70555114746094,155.35372924804688,155.47801208496094,3659745,110.46403956441813
2015-04-16,98.17729949951172,155.95602416992188,156.76864624023438,155.3919677734375,156.12811279296875,3281197,109.79098370646246
2015-04-17,96.69677734375,153.6042022705078,154.7418670654297,152.9923553466797,154.63670349121094,4512862,108.13532618981728
2015-04-20,100.00086975097656,158.85276794433594,159.31166076660156,154.78012084960938,154.9713134765625,10051223,111.83026949642414
2015-04-21,98.85737609863281,157.0363311767578,160.0191192626953,156.8355712890625,158.7667236328125,10129046,110.55150858536912
2015-04-22,99.51942443847656,158.08795166015625,158.69981384277344,155.72657775878906,157.16061401367188,4209941,111.29187258868984
2015-04-23,102.45638275146484,162.7533416748047,164.3498992919922,157.87762451171875,157.9636688232422,8614438,114.57625241917663
2015-04-24,102.17949676513672,162.31358337402344,163.33651733398438,161.31930541992188,162.74378967285156,4067266,114.26661276756194
2015-04-27,102.75126647949219,163.2218017578125,163.94837951660156,162.81069946289062,163.374755859375,3314356,114.90601881878422
2015-04-28,104.67109680175781,166.27151489257812,167.0076446533203,162.5430145263672,163.31739807128906,6084268,117.05295156907937
2015-04-29,104.9599838256836,166.73040771484375,167.4282989501953,165.2007598876953,165.77438354492188,4726246,117.37601189665543
2015-04-30,103.0882797241211,163.75717163085938,166.6156768798828,162.81069946289062,166.12811279296875,5295793,115.28289836057787
2015-05-01,104.52064514160156,166.03250122070312,166.34799194335938,164.8374786376953,165.5831756591797,3464457,116.88470253541242
2015-05-04,104.70122528076172,166.31930541992188,168.54684448242188,166.06118774414062,166.7973175048828,4213288,117.08664403530406
2015-05-05,104.16555786132812,165.46844482421875,166.56787109375,164.397705078125,165.87954711914062,3758906,116.48761092664324
2015-05-06,103.11650085449219,162.5717010498047,166.3957977294922,161.4340362548828,165.29637145996094,3778780,115.31445785223782
2015-05-07,103.68653869628906,163.47036743164062,164.4168243408203,161.6061248779297,162.170166015625,2585712,115.95192716255531
2015-05-08,104.71131896972656,165.08604431152344,165.70745849609375,164.66539001464844,165.33460998535156,3234860,117.09793173670069
2015-05-11,103.76535034179688,163.5946502685547,165.38241577148438,163.34608459472656,165.05735778808594,2783406,116.04006167157051
2015-05-12,103.41969299316406,163.04971313476562,163.94837951660156,161.4149169921875,163.04971313476562,3098670,115.65351548904944
2015-05-13,104.46876525878906,164.70362854003906,165.14340209960938,163.2409210205078,163.70936584472656,2570545,116.8266856272514
2015-05-14,105.5420913696289,166.3957977294922,166.73040771484375,165.602294921875,165.86997985839844,2551299,118.02697867001861
2015-05-15,105.06304168701172,165.64053344726562,166.73995971679688,165.0095672607422,166.26194763183594,3050764,117.49126077833765
2015-05-18,104.94171142578125,165.44932556152344,165.8604278564453,164.72274780273438,165.8126220703125,2061248,117.35557800032518
2015-05-19,105.1964111328125,165.85086059570312,166.10899353027344,164.3690185546875,165.36329650878906,2639058,117.64040689180277
2015-05-20,105.3662109375,166.11854553222656,166.76864624023438,164.87571716308594,165.70745849609375,2406114,117.83029281945448
2015-05-21,105.11151123046875,165.71701049804688,166.48184204101562,165.43020629882812,165.69789123535156,2401198,117.5454639279769
2015-05-22,104.43231201171875,164.64627075195312,165.7648162841797,164.61758422851562,165.43020629882812,2980786,116.78592021737
2015-05-26,103.1650161743164,162.64817810058594,164.55067443847656,161.69215393066406,164.54110717773438,4031493,115.36871219326663
2015-05-27,104.29895782470703,164.43594360351562,164.89483642578125,162.9923553466797,163.6328887939453,2891562,116.6367911677014
2015-05-28,104.12311553955078,164.15870666503906,164.28298950195312,163.15487670898438,163.91014099121094,1811044,116.44014797662858
2015-05-29,102.87393951416016,162.18930053710938,163.8145294189453,162.18930053710938,163.8145294189453,4280232,115.04320321089025
2015-06-01,103.19532775878906,162.69598388671875,163.51815795898438,161.5965576171875,162.72467041015625,3122833,115.40260942504953
2015-06-02,102.87393951416016,162.18930053710938,162.95411682128906,161.02294921875,162.1988525390625,2689684,115.04320321089025
2015-06-03,103.03767395019531,162.44741821289062,164.01528930664062,162.170166015625,163.0019073486328,2229026,115.2263062794261
2015-06-04,102.10383605957031,160.9751434326172,163.09751892089844,160.54493713378906,162.07456970214844,3220948,114.1820019325277
2015-06-05,101.50959014892578,160.03823852539062,161.48184204101562,159.84703063964844,160.85086059570312,3243123,113.51746090903448
2015-06-08,100.26041412353516,158.06883239746094,159.92352294921875,157.76290893554688,159.818359375,3931600,112.12051614329617
2015-06-09,100.46658325195312,158.3938751220703,158.71893310546875,156.1854705810547,158.06883239746094,3552111,112.35107362994842
2015-06-10,102.43126678466797,161.49139404296875,161.9407196044922,158.75717163085938,159.1682586669922,4895803,114.54816541010808
2015-06-11,102.34640502929688,161.35755920410156,162.94454956054688,161.12811279296875,161.81643676757812,3623344,114.45326510577351
2015-06-12,101.26097106933594,159.64627075195312,160.89866638183594,159.35946655273438,160.8317413330078,3206095,113.2394319404693
2015-06-15,100.81830596923828,158.94837951660156,159.64627075195312,157.02676391601562,159.64627075195312,4441002,112.74440267158538
2015-06-16,101.16999816894531,159.50286865234375,160.03823852539062,158.61376953125,159.01528930664062,3399291,113.1376975856293
2015-06-17,101.3700942993164,159.818359375,160.46844482421875,158.79541015625,159.6558380126953,2994698,113.3614636812674
2015-06-18,102.02503204345703,160.85086059570312,161.30018615722656,159.70362854003906,159.70362854003906,3484121,114.09387595541075
2015-06-19,101.26097106933594,159.64627075195312,161.0133819580078,159.43594360351562,160.24856567382812,7399404,113.2394319404693
2015-06-22,101.70967864990234,160.35372924804688,160.93690490722656,159.84703063964844,160.27725219726562,2443247,113.74121847277432
2015-06-23,102.24934387207031,161.20458984375,162.49522399902344,160.2007598876953,160.9751434326172,3871874,114.34472229612284
2015-06-24,101.24884033203125,159.6271514892578,161.4149169921875,159.49330139160156,161.29063415527344,3711313,113.22586622223753
2015-06-25,100.70915985107422,158.7762908935547,160.73614501953125,158.7762908935547,160.420654296875,2519709,112.62234533509249
2015-06-26,100.33318328857422,158.18356323242188,159.47418212890625,157.9636688232422,158.91969299316406,9357516,112.20189338889026
2015-06-29,98.82327270507812,155.8030548095703,158.07839965820312,155.72657775878906,156.71128845214844,3467176,110.51337100015151
2015-06-30,98.63530731201172,155.50669860839844,156.7877655029297,154.9904327392578,156.7781982421875,3762776,110.30317062274517
2015-07-01,99.7449722290039,157.25621032714844,158.32696533203125,156.4053497314453,156.7590789794922,3362367,111.54410109691989
2015-07-02,100.1087875366211,157.829833984375,158.04971313476562,157.18930053710938,157.7915802001953,2983924,111.95095319729732
2015-07-06,99.89051055908203,157.48565673828125,157.9636688232422,156.32887268066406,156.625244140625,3221471,111.70685558810807
2015-07-07,100.05422973632812,157.74378967285156,158.07839965820312,155.09559631347656,157.68641662597656,3713195,111.88994159284739
2015-07-08,98.9384994506836,155.98471069335938,157.68641662597656,155.52581787109375,156.7877655029297,2904010,110.64222825955679
2015-07-09,99.35688781738281,156.6443634033203,158.23135375976562,156.50096130371094,158.06883239746094,4392886,111.11010902818066
2015-07-10,101.23670196533203,159.6080322265625,160.03823852539062,158.2409210205078,158.374755859375,4747062,113.2122919721075
2015-07-13,102.71022033691406,161.93116760253906,162.41873168945312,160.15296936035156,160.54493713378906,4423534,114.86011720615095
2015-07-14,102.24333953857422,161.1950225830078,162.08413696289062,160.84129333496094,161.97897338867188,3164464,114.33800769219303
2015-07-15,102.19479370117188,161.11854553222656,161.8260040283203,160.6118621826172,161.07073974609375,2089908,114.28371922357118
2015-07-16,103.69258117675781,163.47991943359375,163.5659637451172,161.72084045410156,162.0172119140625,3692275,115.95868442597641
2015-07-17,104.60822296142578,164.92352294921875,164.93307495117188,162.6195068359375,162.83938598632812,4556794,116.98264019552717
2015-07-20,105.03875732421875,165.602294921875,166.13766479492188,164.56979370117188,165.1912078857422,7717179,117.46410374617933
2015-07-21,98.88394165039062,155.89866638183594,159.034423828125,154.89483642578125,157.11280822753906,14384906,110.58121665510687
2015-07-22,97.23455047607422,153.29827880859375,155.89866638183594,152.67686462402344,155.5736083984375,7512163,108.73671410239757
2015-07-23,98.07133483886719,154.61758422851562,155.5927276611328,152.8011474609375,153.2218017578125,5265773,109.67248417154356
2015-07-24,96.8707275390625,152.72467041015625,154.8087921142578,152.3996124267578,154.1969451904297,3951997,108.32985347012188
2015-07-27,96.45834350585938,152.07456970214844,153.13575744628906,151.625244140625,152.0076446533203,3876685,107.86868730542783
2015-07-28,97.0526123046875,153.011474609375,153.1453094482422,151.52963256835938,152.87762451171875,2846166,108.53325392461582
2015-07-29,97.68325805664062,154.0057373046875,154.397705078125,152.3804931640625,152.9636688232422,3533806,109.2385006347026
2015-07-30,97.60440063476562,153.88145446777344,154.30210876464844,152.72467041015625,153.44168090820312,2086456,109.15031493429784
2015-07-31,98.2289810180664,154.86614990234375,154.93307495117188,153.5659637451172,154.30210876464844,3744889,109.84877878526873
2015-08-03,96.24007415771484,151.73040771484375,154.73231506347656,150.95602416992188,154.5889129638672,4828022,107.62459822813683
2015-08-04,95.56693267822266,150.66921997070312,151.8355712890625,149.9713134765625,151.4340362548828,5502588,106.87182884474757
2015-08-05,95.74884033203125,150.95602416992188,152.52389526367188,150.5544891357422,152.10325622558594,3632549,107.07525489493628
2015-08-06,95.57769775390625,149.4455108642578,150.6118621826172,149.31166076660156,150.21987915039062,3143021,106.88386735319098
2015-08-07,94.84396362304688,148.29827880859375,149.3785858154297,147.55258178710938,149.034423828125,3969465,106.06333763382895
2015-08-10,95.84061431884766,149.85659790039062,150.54493713378906,149.25430297851562,149.87571716308594,4825616,107.17788509909349
2015-08-11,95.08241271972656,148.67112731933594,149.13002014160156,148.04971313476562,149.10133361816406,3312787,106.32999358201492
2015-08-12,95.4798583984375,149.29254150390625,149.63670349121094,147.1797332763672,147.47610473632812,3724074,106.7744542899179
2015-08-13,94.81340026855469,148.25047302246094,149.22561645507812,147.53346252441406,149.1969451904297,2649936,106.0291588494035
2015-08-14,95.22915649414062,148.90057373046875,149.34034729003906,147.7820281982422,148.18356323242188,3374814,106.49409611312802
2015-08-17,95.57154846191406,149.43594360351562,149.7992401123047,147.89674377441406,148.374755859375,2353082,106.87699064319425
2015-08-18,95.38814544677734,149.14913940429688,149.63670349121094,148.4225616455078,148.67112731933594,2111142,106.67189234094677
2015-08-19,94.12248229980469,147.170166015625,148.8240966796875,146.66348266601562,148.32696533203125,4399894,105.25651014307081
2015-08-20,93.33987426757812,145.9464569091797,147.14149475097656,145.7935028076172,146.02294921875,4196029,104.38132508346179
2015-08-21,91.0103530883789,142.30401611328125,146.45315551757812,142.16061401367188,144.8374786376953,7700757,101.776237928558
2015-08-24,87.72088623046875,137.16061401367188,141.26194763183594,136.71128845214844,137.16061401367188,10658426,98.09765027091359
2015-08-25,86.18623352050781,134.76100158691406,140.64053344726562,134.43594360351562,140.47801208496094,7398567,96.38145893612099
2015-08-26,89.69578552246094,140.24856567382812,140.51625061035156,135.88909912109375,137.7533416748047,6508003,100.30616626284203
2015-08-27,90.82083129882812,142.0076446533203,142.41873168945312,139.25430297851562,141.9694061279297,5205524,101.56429704390683
2015-08-28,90.4784164428711,141.47227478027344,141.68260192871094,140.70745849609375,141.2523956298828,4263810,101.18137691814583
2015-08-31,90.42335510253906,141.38623046875,141.87380981445312,139.82791137695312,140.89866638183594,4281383,101.1198022084108
2015-09-01,87.23785400390625,136.4053497314453,138.6042022705078,135.6118621826172,138.53729248046875,5514512,97.55747872834144
2015-09-02,88.68694305419922,138.67112731933594,138.69981384277344,136.88336181640625,138.374755859375,4447592,99.17798482415965
2015-09-03,89.74468994140625,140.32504272460938,141.52008056640625,139.35946655273438,139.6271514892578,3769261,100.36085573068205
2015-09-04,87.86151123046875,137.3804931640625,139.0057373046875,137.0172119140625,138.2122344970703,4394351,98.254910219623
2015-09-08,90.01982879638672,140.75526428222656,140.8604278564453,139.25430297851562,139.4455108642578,4114232,100.66854157759542
2015-09-09,88.68694305419922,138.67112731933594,142.48565673828125,138.47991943359375,142.1988525390625,3564559,99.17798482415965
2015-09-10,89.39008331298828,139.7705535888672,140.68833923339844,138.15487670898438,139.43594360351562,3620938,99.9643016315032
2015-09-11,90.10542297363281,140.88909912109375,141.0133819580078,139.26385498046875,139.49330139160156,3258395,100.76426094416284
2015-09-14,89.05377960205078,139.24473571777344,140.88909912109375,139.01528930664062,140.88909912109375,3375128,99.58821555624763
2015-09-15,90.20327758789062,141.0420684814453,141.42446899414062,139.3498992919922,140.15296936035156,2842087,100.87369107123244
2015-09-16,90.7413101196289,141.88336181640625,142.34225463867188,141.05162048339844,141.3384246826172,2927963,101.47536906835354
2015-09-17,90.57623291015625,141.625244140625,143.09751892089844,140.82217407226562,141.58700561523438,4187138,101.29076438572413
2015-09-18,88.35678100585938,138.15487670898438,139.9521942138672,137.64817810058594,139.6271514892578,8342687,98.80876692700255
2015-09-21,89.56129455566406,140.03823852539062,140.51625061035156,138.54684448242188,138.9961700439453,4000950,100.15576596033283
2015-09-22,88.30784606933594,138.07839965820312,138.68069458007812,137.44741821289062,138.26004028320312,3728049,98.75404333156949
2015-09-23,87.8370590209961,137.34225463867188,138.2122344970703,136.47227478027344,137.86807250976562,2797213,98.227565485703
2015-09-24,88.295654296875,138.0592803955078,138.69024658203125,135.70745849609375,136.32887268066406,3431194,98.74040935815165
2015-09-25,88.91316986083984,139.0248565673828,139.8374786376953,138.1739959716797,139.14913940429688,3634222,99.43097267133474
2015-09-28,87.14004516601562,136.2523956298828,138.9866180419922,136.20458984375,138.06883239746094,4515896,97.4480997926614
2015-09-29,87.1094741821289,136.20458984375,136.38623046875,134.94264221191406,135.74569702148438,4982621,97.41391247633769
2015-09-30,88.63803100585938,138.5946502685547,139.30210876464844,137.34225463867188,137.37094116210938,4127725,99.12328682442137
2015-10-01,87.79425811767578,137.27532958984375,139.26385498046875,135.36329650878906,138.91969299316406,4059421,98.17970153647015
2015-10-02,88.39956665039062,138.2218017578125,138.23135375976562,134.3785858154297,134.84703063964844,3194902,98.85661381243888
2015-10-05,91.12651062011719,142.48565673828125,143.29827880859375,139.4072723388672,139.4072723388672,5367863,101.90613607955088
2015-10-06,90.96753692626953,142.23709106445312,143.54684448242188,141.95985412597656,142.50477600097656,3156933,101.72835691552864
2015-10-07,91.76850891113281,143.48948669433594,144.10133361816406,142.31358337402344,143.44168090820312,3117917,102.62407825424701
2015-10-08,93.10751342773438,145.5831756591797,146.29063415527344,142.72467041015625,143.10707092285156,5014942,104.12147759008649
2015-10-09,93.17479705810547,145.68833923339844,146.4149169921875,144.61758422851562,145.75526428222656,3693531,104.19672040083238
2015-10-12,92.41048431396484,144.49330139160156,145.86997985839844,144.216064453125,145.69789123535156,3376070,103.34199483324838
2015-10-13,91.48112487792969,143.04014587402344,144.14913940429688,142.6195068359375,144.14913940429688,4095822,102.30269871062798
2015-10-14,91.7196044921875,143.41299438476562,144.0248565673828,142.46653747558594,143.02102661132812,3507238,102.56938878640699
2015-10-15,91.76850891113281,143.48948669433594,144.5889129638672,142.04588317871094,144.27342224121094,3636105,102.62407825424701
2015-10-16,91.95191192626953,143.7762908935547,144.55067443847656,142.69598388671875,143.83364868164062,3643950,102.82917655649449
2015-10-19,91.23658752441406,142.65774536132812,143.374755859375,141.8546905517578,143.26004028320312,8320616,102.02923430763136
2015-10-20,85.99055480957031,134.45506286621094,136.5965576171875,134.10133361816406,136.2237091064453,16762778,96.16263280957483
2015-10-21,86.16173553466797,134.72274780273438,136.38623046875,133.1739959716797,134.08221435546875,7312168,96.35406301081143
2015-10-22,88.0999526977539,137.7533416748047,138.69024658203125,135.3919677734375,135.50669860839844,5840027,98.52155763591071
2015-10-23,88.46068572998047,138.31739807128906,139.09178161621094,137.3804931640625,138.25047302246094,5617438,98.92496284939152
2015-10-26,87.8370590209961,137.34225463867188,138.62332153320312,136.91204833984375,138.3843231201172,3649912,98.227565485703
2015-10-27,84.29080963134766,131.7973175048828,137.50477600097656,131.29063415527344,137.1988525390625,15698891,94.2618197283563
2015-10-28,86.10671997070312,134.63670349121094,135.0191192626953,131.45315551757812,131.8546905517578,8902924,96.29253949246598
2015-10-29,85.93553924560547,134.3690185546875,134.6271514892578,132.90631103515625,134.1873779296875,3881078,96.10110929122938
2015-10-30,85.64817810058594,133.91969299316406,135.11471557617188,133.7476043701172,134.26385498046875,4167264,95.77975534330513
2015-11-02,85.82549285888672,134.1969451904297,134.34034729003906,133.43212890625,134.32122802734375,3998021,95.97804519074194
2015-11-03,86.74871063232422,135.64053344726562,136.52008056640625,133.7476043701172,133.86233520507812,4549472,97.01047313526385
2015-11-04,86.59590911865234,135.4015350341797,136.37667846679688,135.08604431152344,136.28106689453125,3678677,96.83959627693312
2015-11-05,85.53199768066406,133.73805236816406,136.11854553222656,133.48948669433594,135.38241577148438,5331357,95.64983159661746
2015-11-06,85.32215881347656,132.170166015625,133.41299438476562,131.806884765625,132.50477600097656,4963165,95.41517026690265
2015-11-09,83.50772094726562,129.35946655273438,132.0076446533203,128.94837951660156,131.8546905517578,8447078,93.38609715915696
2015-11-10,83.60645294189453,129.51242065429688,129.7705535888672,128.2218017578125,129.4072723388672,4728757,93.49650845452634
2015-11-11,83.32874298095703,129.08221435546875,130.2103271484375,128.5850830078125,130.10516357421875,3310381,93.18594735789969
2015-11-12,82.10678100585938,127.18929290771484,128.7762908935547,127.16061401367188,128.7762908935547,4917664,91.81943587325114
2015-11-13,81.3106460571289,125.95602416992188,127.15105438232422,125.86042022705078,127.1032485961914,4826035,90.92912375802895
2015-11-16,82.520263671875,127.82982635498047,128.193115234375,125.9942626953125,125.9942626953125,4383577,92.28183063129448
2015-11-17,82.58815002441406,127.93498992919922,128.89100646972656,127.44741821289062,128.31739807128906,2944595,92.35774746200283
2015-11-18,83.82247161865234,129.84703063964844,129.93307495117188,128.3556365966797,128.86233520507812,4340063,93.73808062183093
2015-11-19,84.39025115966797,130.72657775878906,131.68260192871094,130.0286865234375,130.21987915039062,4972266,94.37302449026376
2015-11-20,85.4764633178711,132.4091796875,132.81069946289062,131.21414184570312,131.32887268066406,5414514,95.58772790919039
2015-11-23,85.45177459716797,132.37094116210938,132.76290893554688,131.08985900878906,132.4378662109375,5374243,95.56011868642436
2015-11-24,85.53816223144531,132.50477600097656,133.2122344970703,131.27151489257812,131.5965576171875,3564454,95.65672537041071
2015-11-25,85.16785430908203,131.93116760253906,132.34225463867188,131.3384246826172,132.28489685058594,3387157,95.2426126246149
2015-11-27,85.45177459716797,132.37094116210938,132.70555114746094,131.1759033203125,131.93116760253906,1480927,95.56011868642436
2015-11-30,86.04423522949219,133.28871154785156,133.7476043701172,132.4282989501953,132.51434326171875,4754698,96.22266324572497
2015-12-01,87.19214630126953,135.06692504882812,135.181640625,133.44168090820312,133.44168090820312,4388075,97.50636412587193
2015-12-02,86.21705627441406,133.55641174316406,135.0,133.36520385742188,134.73231506347656,3896768,96.41592780508725
2015-12-03,85.73566436767578,132.81069946289062,134.54110717773438,132.11280822753906,133.93881225585938,6181442,95.87759062064077
2015-12-04,86.6675796508789,134.25430297851562,134.818359375,131.92160034179688,132.0172119140625,4781894,96.91974492917792
2015-12-07,86.12446594238281,133.41299438476562,134.2351837158203,132.70555114746094,133.9961700439453,3430252,96.31238468781635
2015-12-08,85.19873046875,131.97897338867188,132.94454956054688,131.48184204101562,132.1988525390625,4084839,95.27714121686897
2015-12-09,84.31001281738281,130.602294921875,133.69024658203125,130.23899841308594,131.3384246826172,4827290,94.28329451627414
2015-12-10,84.4149398803711,130.7648162841797,131.7877655029297,129.75143432617188,131.0038299560547,4416526,94.4006337130298
2015-12-11,83.05101776123047,128.65200805664062,129.48374938964844,128.02102661132812,129.28298950195312,5579155,92.87536919747653
2015-12-14,83.89034271240234,129.9521942138672,130.15296936035156,128.12619018554688,129.35946655273438,5380415,93.81398038874276
2015-12-15,85.03829956054688,131.73040771484375,132.85850524902344,131.24282836914062,131.35755920410156,4433471,95.09773246027926
2015-12-16,85.96399688720703,133.1644287109375,133.50860595703125,131.73040771484375,133.0019073486328,4545393,96.13293327173534
2015-12-17,84.39642333984375,130.73614501953125,133.36520385742188,130.31549072265625,133.2218017578125,4277617,94.37992679595527
2015-12-18,83.25467681884766,128.96749877929688,130.93690490722656,128.36520385742188,130.4110870361328,10487301,93.10311968960157
2015-12-21,83.62496185302734,129.54110717773438,129.85659790039062,128.12619018554688,129.85659790039062,5875905,93.51720683970261
2015-12-22,85.12467193603516,131.86424255371094,132.11280822753906,129.68450927734375,129.90440368652344,4459935,95.1943220804691
2015-12-23,85.5011215209961,132.44741821289062,133.18356323242188,132.0363311767578,132.2179718017578,5402485,95.6153030043634
2015-12-24,85.32215881347656,132.170166015625,132.7724609375,132.0363311767578,132.34225463867188,1563979,95.41517026690265
2015-12-28,84.92720794677734,131.55831909179688,131.9694061279297,130.53536987304688,131.68260192871094,3287996,94.97349948973034
2015-12-29,86.26641082763672,133.6328887939453,133.90057373046875,132.12237548828125,132.170166015625,4125110,96.47112065492455
2015-12-30,85.99485778808594,133.2122344970703,134.26385498046875,133.09751892089844,133.44168090820312,3126912,96.1674448001929
2015-12-31,84.93334197998047,131.56787109375,132.9827880859375,131.52008056640625,132.95411682128906,3621357,94.98035913593056
2016-01-04,83.90269470214844,129.9713134765625,129.9904327392578,128.33651733398438,129.63670349121094,5469952,93.82779353202403
2016-01-05,83.84097290039062,129.87571716308594,130.86997985839844,128.91969299316406,130.74569702148438,4105341,93.75877047510895
2016-01-06,83.42131042480469,129.22561645507812,129.61758422851562,127.74378967285156,128.47036743164062,4509201,93.28946487947582
2016-01-07,81.99567413330078,127.01720428466797,129.08221435546875,126.60611724853516,127.82026672363281,7348987,91.6951858389057
2016-01-08,81.23658752441406,125.84130096435547,127.93498992919922,125.54492950439453,127.32313537597656,4981784,90.84630462162909
2016-01-11,82.22400665283203,127.37093353271484,127.93498992919922,125.96558380126953,126.01338195800781,5203222,91.95052849000027
2016-01-12,82.0203628540039,127.05545043945312,127.8967514038086,125.36328887939453,127.77246856689453,5312320,91.72279506167175
2016-01-13,80.95269012451172,125.40152740478516,128.374755859375,125.33460998535156,127.62906646728516,4916305,90.52882415551441
2016-01-14,82.02653503417969,127.06501007080078,127.90631103515625,125.44933319091797,126.12810516357422,5972242,91.72969736736324
2016-01-15,80.24911499023438,124.31166076660156,125.12428283691406,123.20267486572266,124.29254150390625,9422891,89.7420210299701
2016-01-19,79.06416320800781,122.4760971069336,126.29063415527344,122.42829895019531,124.38814544677734,10438662,88.41689778377584
2016-01-20,75.2069320678711,116.5009536743164,118.53728485107422,112.81070709228516,113.25048065185547,16901059,84.1033833214951
2016-01-21,75.85493469238281,117.5047836303711,119.59847259521484,115.2772445678711,115.96558380126953,9258774,84.82804010012106
2016-01-22,75.6019287109375,117.11280822753906,119.25430297851562,116.4149169921875,119.1873779296875,9663366,84.54510529005697
2016-01-25,75.34270477294922,116.7112808227539,118.76673126220703,116.29063415527344,116.73040008544922,5696516,84.2552169829118
2016-01-26,75.65747833251953,117.1988525390625,118.17399597167969,116.86424255371094,116.8738021850586,4830219,84.60722604128055
2016-01-27,74.65149688720703,115.64053344726562,117.94454956054688,115.34416961669922,117.33269500732422,5257614,83.48224406444528
2016-01-28,75.42910766601562,116.84512329101562,117.42829895019531,115.68833923339844,115.9273452758789,4123855,84.35184073069469
2016-01-29,77.01522064208984,119.3021011352539,119.3021011352539,117.55258178710938,117.85850524902344,8627513,86.12557971924406
2016-02-01,77.0399169921875,119.34034729003906,119.78011322021484,118.26959991455078,118.92925262451172,3739345,86.15319747390836
2016-02-02,75.87345886230469,117.53346252441406,118.6806869506836,117.24665069580078,118.23136138916016,3438516,84.84875554909384
2016-02-03,76.97199249267578,119.23518371582031,119.93307495117188,116.91204833984375,118.53728485107422,6509781,86.07723798370871
2016-02-04,78.78028869628906,122.03633117675781,122.84894561767578,119.50286865234375,119.57935333251953,5508759,88.09944291335593
2016-02-05,79.34805297851562,122.9158706665039,122.98279571533203,120.31549072265625,121.62523651123047,7507874,88.73436971799225
2016-02-08,79.1672592163086,121.39579010009766,121.9024887084961,118.67112731933594,120.45889282226562,7702744,88.53218932494934
2016-02-09,77.35299682617188,118.61376953125,121.34799194335938,118.32695770263672,120.57361602783203,6231231,86.50331245086362
2016-02-10,74.9339599609375,114.9043960571289,119.78011322021484,114.56979370117188,119.50286865234375,6766679,83.79812053368728
2016-02-11,73.47505187988281,112.66730499267578,114.397705078125,111.75907897949219,113.55640411376953,7643750,82.16663388480977
2016-02-12,75.46389770507812,115.7170181274414,115.72657775878906,113.14531707763672,114.01529693603516,5163579,84.3907461867556
2016-02-16,76.52378845214844,117.34225463867188,117.67686462402344,116.00382232666016,116.47227478027344,4248224,85.57601455668878
2016-02-17,78.61862182617188,120.55449676513672,121.00382232666016,117.82982635498047,118.26959991455078,5042766,87.91865198924827
2016-02-18,82.57759094238281,126.62523651123047,128.10707092285156,124.04397583007812,124.2829818725586,10409374,92.34593931481241
2016-02-19,82.97036743164062,127.22753143310547,127.77246856689453,125.08604431152344,126.53919982910156,5361064,92.7851785009809
2016-02-22,83.40059661865234,127.88719177246094,128.4034423828125,126.58699798583984,127.22753143310547,4662440,93.2663007757027
2016-02-23,82.54644775390625,126.57743835449219,127.54302215576172,126.20458984375,127.28489685058594,3597926,92.31111210611928
2016-02-24,82.79582214355469,126.95984649658203,127.61949920654297,123.97705841064453,125.76481628417969,4312240,92.5899857326121
2016-02-25,83.8556900024414,128.5850830078125,128.5946502685547,125.12428283691406,127.42829895019531,4558782,93.7752285068505
2016-02-26,82.31571960449219,126.22370910644531,128.9866180419922,126.14722442626953,128.5946502685547,4587965,92.0530904389714
2016-02-29,81.69229888916016,125.26768493652344,127.4952163696289,125.14340209960938,126.19503021240234,4631688,91.35592343653586
2016-03-01,83.77464294433594,128.46080017089844,128.71893310546875,126.22370910644531,126.42447662353516,3962771,93.68459415164543
2016-03-02,84.97794342041016,130.30592346191406,131.3957977294922,127.36137390136719,127.82026672363281,5457191,95.03023661315252
2016-03-03,85.91312408447266,131.73995971679688,131.89292907714844,130.08604431152344,131.1854705810547,5393594,96.07604257414451
2016-03-04,85.91312408447266,131.73995971679688,133.28871154785156,130.9942626953125,131.49139404296875,4150946,96.07604257414451
2016-03-07,87.37826538085938,133.9866180419922,134.33078002929688,130.85086059570312,131.24282836914062,5408866,97.7144997838996
2016-03-08,86.7049331665039,132.95411682128906,134.17782592773438,131.37667846679688,133.5659637451172,5835739,96.96151710305385
2016-03-09,87.54035949707031,134.2351837158203,135.91778564453125,133.10707092285156,133.18356323242188,4609199,97.89576849430975
2016-03-10,87.40320587158203,134.0248565673828,135.24856567382812,132.0172119140625,135.0286865234375,4205548,97.74239055930818
2016-03-11,88.756103515625,136.09942626953125,136.63479614257812,134.33078002929688,135.49713134765625,4625307,99.25532648187725
2016-03-14,89.01797485351562,136.50096130371094,136.89292907714844,134.8374786376953,135.7648162841797,4235045,99.54817535771826
2016-03-15,89.13020324707031,136.67303466796875,137.02676391601562,135.31549072265625,135.50669860839844,3878045,99.67367958110778
2016-03-16,90.2711410522461,138.4225616455078,138.50860595703125,135.8604278564453,136.34799194335938,4416107,100.94958230624601
2016-03-17,91.67389678955078,140.5736083984375,140.84129333496094,138.09751892089844,138.41299438476562,6089394,102.51827418393748
2016-03-18,91.70508575439453,140.6214141845703,141.02294921875,139.11090087890625,140.91778564453125,12645826,102.55315258402017
2016-03-21,92.66525268554688,142.09368896484375,142.170166015625,140.26768493652344,140.82217407226562,3892794,103.62690051181029
2016-03-22,92.33479309082031,141.58700561523438,142.71510314941406,141.3384246826172,141.5487518310547,4269667,103.2573498706211
2016-03-23,90.65147399902344,139.0057373046875,141.52008056640625,138.7476043701172,141.49139404296875,4983353,101.37490596635413
2016-03-24,92.24124145507812,141.44358825683594,141.70172119140625,138.13575744628906,138.6042022705078,5276547,103.15273173416955
2016-03-28,92.52184295654297,141.87380981445312,142.11280822753906,140.75526428222656,141.2523956298828,3415295,103.46652642023635
2016-03-29,93.1016616821289,142.76290893554688,143.1739959716797,141.0133819580078,141.09942626953125,3282871,104.11493362412185
2016-03-30,92.52806091308594,141.88336181640625,143.79541015625,141.7973175048828,143.3556365966797,3484435,103.47347991731742
2016-03-31,94.42338562011719,144.7896728515625,146.3671112060547,142.7915802001953,143.2026824951172,7092508,105.59300821040475
2016-04-01,95.09049224853516,145.8126220703125,146.2332763671875,143.64244079589844,143.89100646972656,4106073,106.33902886227116
2016-04-04,94.80992889404297,145.38241577148438,146.76864624023438,145.2294464111328,145.64053344726562,4112035,106.02527683569566
2016-04-05,93.5193862915039,143.4034423828125,144.93307495117188,143.06883239746094,144.7705535888672,3490502,104.58207211759719
2016-04-06,93.53182983398438,143.4225616455078,143.54684448242188,141.30975341796875,143.30784606933594,4387552,104.59598764365758
2016-04-07,92.42832946777344,141.73040771484375,143.02102661132812,141.49139404296875,142.51434326171875,3831498,103.36195094327611
2016-04-08,93.11414337158203,142.7820281982422,143.3938751220703,141.6061248779297,142.50477600097656,3445315,104.12889180967353
2016-04-11,93.05175018310547,142.68641662597656,145.26768493652344,142.65774536132812,143.65200805664062,4023021,104.05911794571165
2016-04-12,93.2886962890625,143.04971313476562,143.50860595703125,142.04588317871094,143.0305938720703,3761207,104.3240931099406
2016-04-13,94.2862319946289,144.579345703125,144.579345703125,143.04971313476562,144.12045288085938,3314146,105.43963027540318
2016-04-14,94.24259948730469,144.51242065429688,146.0420684814453,143.7667236328125,144.8374786376953,3322619,105.3908363492601
2016-04-15,94.59172821044922,145.0478057861328,145.4110870361328,144.32122802734375,144.397705078125,3825850,105.78126454548901
2016-04-18,95.09673309326172,145.82217407226562,146.4053497314453,144.82791137695312,145.0478057861328,6884458,106.34600795504701
2016-04-19,89.77857971191406,137.66729736328125,140.48757934570312,136.3384246826172,140.0286865234375,13796949,100.39875442274841
2016-04-20,91.0940933227539,139.68450927734375,140.72657775878906,137.66729736328125,137.89674377441406,7064998,101.8698840438485
2016-04-21,93.08296203613281,142.73422241210938,143.51815795898438,140.0191192626953,140.13385009765625,6294514,104.0940219414891
2016-04-22,92.58414459228516,141.9694061279297,144.35946655273438,141.0133819580078,142.86807250976562,5430727,103.53619790141914
2016-04-25,92.77742767333984,142.26577758789062,142.35182189941406,140.64053344726562,141.6443634033203,2979949,103.75234501191198
2016-04-26,92.94580078125,142.52389526367188,143.2026824951172,141.3957977294922,142.11280822753906,3116871,103.94063547458927
2016-04-27,93.81238555908203,143.85276794433594,144.14913940429688,142.41873168945312,142.7820281982422,3254315,104.90973113833482
2016-04-28,91.6926040649414,140.602294921875,143.57553100585938,140.27725219726562,143.1644287109375,3965909,102.53919439846848
2016-04-29,90.98811340332031,139.52198791503906,140.8604278564453,137.8489532470703,140.0478057861328,4420187,101.7513674451331
2016-05-02,90.57039642333984,138.88145446777344,140.53536987304688,138.07839965820312,140.11471557617188,3663510,101.28423748355601
2016-05-03,89.85961151123047,137.7915802001953,138.52772521972656,136.6156768798828,138.28871154785156,3749178,100.48937171415697
2016-05-04,89.93445587158203,137.90631103515625,138.62332153320312,137.0076446533203,137.05545043945312,2695647,100.5730696360775
2016-05-05,91.31855773925781,140.0286865234375,140.82217407226562,139.0535430908203,139.53155517578125,6800255,102.12090102252577
2016-05-06,92.71600341796875,140.8126220703125,141.46270751953125,138.11663818359375,138.48948669433594,5121007,103.68365469902898
2016-05-09,92.74745178222656,140.8604278564453,141.68260192871094,140.54493713378906,141.20458984375,4500310,103.71882318365247
2016-05-10,94.40298461914062,143.374755859375,143.44168090820312,141.24282836914062,141.72084045410156,4176364,105.57019391446025
2016-05-11,93.76092529296875,142.3996124267578,144.4455108642578,142.1988525390625,143.12619018554688,3235278,104.85218348457805
2016-05-12,93.69166564941406,142.29444885253906,142.8202667236328,140.64053344726562,142.64817810058594,3398663,104.77473091218309
2016-05-13,92.9866714477539,141.2237091064453,143.26959228515625,140.93690490722656,142.2466583251953,2508308,103.9863408535626
2016-05-16,94.08196258544922,142.88719177246094,143.3938751220703,140.95602416992188,141.1567840576172,3210279,105.21119723141742
2016-05-17,93.16291046142578,141.49139404296875,142.92543029785156,140.8126220703125,142.64817810058594,3651168,104.18342770334489
2016-05-18,92.74745178222656,140.8604278564453,141.988525390625,139.92352294921875,141.48184204101562,2605691,103.71882318365247
2016-05-19,91.23041534423828,138.55641174316406,140.46844482421875,137.62905883789062,140.03823852539062,3855138,102.02233200193984
2016-05-20,92.69082641601562,140.77438354492188,141.02294921875,139.14913940429688,139.30210876464844,3840389,103.65549943477437
2016-05-23,92.38867950439453,140.31549072265625,141.44358825683594,140.2103271484375,141.11854553222656,2200575,103.31761066802423
2016-05-24,93.3580551147461,141.7877655029297,142.2084197998047,140.420654296875,140.420654296875,3064048,104.40165659701293
2016-05-25,95.48570251464844,145.0191192626953,145.4015350341797,141.9694061279297,142.3804931640625,4555644,106.78098972398428
2016-05-26,95.9577865600586,145.73614501953125,145.8030548095703,144.4072723388672,144.88528442382812,3203793,107.3089179925548
2016-05-27,96.2095947265625,146.11854553222656,146.20458984375,145.45889282226562,145.6501007080078,2570127,107.59051329459224
2016-05-31,96.77613067626953,146.97897338867188,147.04588317871094,145.5736083984375,145.85086059570312,6105084,108.22406646360886
2016-06-01,96.00186920166016,145.8030548095703,146.52963256835938,144.87571716308594,146.27151489257812,2785916,107.35821530069515
2016-06-02,96.62505340576172,146.74952697753906,146.74952697753906,145.43020629882812,145.87954711914062,2764160,108.05511781428466
2016-06-03,96.2411117553711,146.16635131835938,146.30975341796875,145.0286865234375,145.69789123535156,2435402,107.62575856630005
2016-06-06,96.1403579711914,146.0133819580078,147.1797332763672,145.64053344726562,146.35755920410156,2488120,107.51308631789205
2016-06-07,96.5180435180664,146.58700561523438,147.16061401367188,145.9464569091797,146.56787109375,4670390,107.9354494093043
2016-06-08,96.9397964477539,147.2275390625,147.31358337402344,146.30975341796875,146.7781982421875,3070010,108.40709274506037
2016-06-09,96.57466888427734,146.67303466796875,146.9980926513672,146.0133819580078,146.1950225830078,2114803,107.9987731581824
2016-06-10,95.91372680664062,145.66921997070312,146.58700561523438,145.181640625,146.07073974609375,3264148,107.25964628010922
2016-06-13,95.22761535644531,144.6271514892578,145.7935028076172,143.67112731933594,144.96176147460938,3776478,106.49237266967971
2016-06-14,95.089111328125,144.4168243408203,145.11471557617188,143.78585815429688,144.6271514892578,2997627,106.3374845886863
2016-06-15,94.8499526977539,144.0535430908203,145.11471557617188,143.97705078125,144.7992401123047,2364378,106.07003517396224
2016-06-16,95.089111328125,144.4168243408203,144.63670349121094,142.44741821289062,143.5850830078125,2561759,106.3374845886863
2016-06-17,95.67451477050781,145.30592346191406,146.0038299560547,143.97705078125,144.32122802734375,4878439,106.99213714209736
2016-06-20,96.69429016113281,146.8546905517578,147.86807250976562,145.8126220703125,145.88909912109375,3736417,108.13254479098485
2016-06-21,96.97127532958984,147.27532958984375,147.7724609375,146.93116760253906,147.3804931640625,2887274,108.44229535727689
2016-06-22,96.25994873046875,146.1950225830078,147.90631103515625,145.5736083984375,146.988525390625,2964050,107.64682382310146
2016-06-23,97.78959655761719,148.51815795898438,148.64244079589844,145.88909912109375,146.70172119140625,4151992,109.35741823263618
2016-06-24,92.27534484863281,140.14340209960938,143.9866180419922,139.75143432617188,143.374755859375,9500609,103.19086931938716
2016-06-27,90.33027648925781,137.18930053710938,140.15296936035156,136.2332763671875,139.75143432617188,5248723,101.01571304965132
2016-06-28,91.71512603759766,139.29254150390625,139.32122802734375,137.87762451171875,138.41299438476562,4181594,102.56438056212897
2016-06-29,93.45248413085938,141.93116760253906,141.95028686523438,140.0095672607422,140.05735778808594,3522614,104.50725590176425
2016-06-30,95.54236602783203,145.10516357421875,145.2294464111328,142.13192749023438,142.31358337402344,4149587,106.84435613235367
2016-07-01,95.90115356445312,145.6501007080078,146.24282836914062,144.7418670654297,145.10516357421875,2780582,107.24558571177843
2016-07-05,95.47941589355469,145.0095672607422,145.31549072265625,144.13002014160156,144.54110717773438,2578599,106.77395943981888
2016-07-06,95.91372680664062,145.66921997070312,145.70745849609375,143.32696533203125,145.17208862304688,2687592,107.25964628010922
2016-07-07,96.05853271484375,145.88909912109375,146.93116760253906,145.2103271484375,146.03250122070312,2236766,107.42158170906455
2016-07-08,97.22936248779297,147.66729736328125,147.8011474609375,146.34799194335938,147.2275390625,3180468,108.73091241158146
2016-07-11,97.77699279785156,148.49903869628906,149.17782592773438,147.70555114746094,147.8011474609375,2964050,109.34332353671235
2016-07-12,98.85342407226562,150.13385009765625,150.2103271484375,148.68069458007812,149.1395721435547,4020615,110.54708906207098
2016-07-13,99.47028350830078,151.07073974609375,151.37667846679688,150.15296936035156,150.8126220703125,2872734,111.23691863200379
2016-07-14,100.89293670654297,153.23135375976562,154.30210876464844,151.6061248779297,151.8260040283203,4850930,112.82786170035466
2016-07-15,100.57819366455078,152.7533416748047,152.94454956054688,151.52963256835938,152.86807250976562,4682733,112.47588676957895
2016-07-18,100.62853240966797,152.829833984375,153.68069458007812,151.74952697753906,152.29444885253906,7039266,112.53218023429166
2016-07-19,100.45228576660156,152.5621337890625,155.0095672607422,150.9464569091797,154.66539001464844,7447520,112.3350848526111
2016-07-20,101.57274627685547,154.26385498046875,154.5984649658203,152.58126831054688,152.93499755859375,4577610,113.58808796282226
2016-07-21,100.99993896484375,153.3938751220703,154.73231506347656,152.85850524902344,153.68069458007812,3680769,112.94752157343676
2016-07-22,102.01969146728516,154.94264221191406,155.03823852539062,153.4225616455078,153.70936584472656,2636025,114.08790362662947
2016-07-25,102.3847885131836,155.49713134765625,155.71701049804688,154.63670349121094,154.87571716308594,2933612,114.49618908591441
2016-07-26,102.05117797851562,154.9904327392578,156.4053497314453,154.27342224121094,155.49713134765625,3027752,114.12311477074425
2016-07-27,101.86861419677734,154.71319580078125,155.420654296875,154.09178161621094,154.9904327392578,2262184,113.91895497730528
2016-07-28,101.57907104492188,154.27342224121094,154.69407653808594,153.64244079589844,154.28298950195312,2448058,113.59516090647895
2016-07-29,101.10694122314453,153.55641174316406,154.5602264404297,152.9923553466797,154.26385498046875,3710685,113.06718144651887
2016-08-01,101.62942504882812,154.3498992919922,154.54110717773438,152.81069946289062,153.5850830078125,2953486,113.65147143498818
2016-08-02,101.08177185058594,153.51815795898438,154.3498992919922,153.30784606933594,154.17782592773438,3222621,113.03903471416251
2016-08-03,101.13838195800781,153.6042022705078,153.78585815429688,152.7724609375,153.08795166015625,2993338,113.1023413992441
2016-08-04,101.6923828125,154.4455108642578,154.5889129638672,153.07839965820312,153.78585815429688,2603599,113.72187665942123
2016-08-05,102.91986083984375,156.30975341796875,156.31930541992188,154.46463012695312,154.87571716308594,3987770,115.09455670651103
2016-08-08,102.88175201416016,154.91395568847656,156.08985900878906,154.47418212890625,155.5736083984375,3179108,115.05193987470746
2016-08-09,102.71031951904297,154.6558380126953,155.6118621826172,154.54110717773438,155.08604431152344,2863425,114.86022812082831
2016-08-10,102.90714263916016,154.9521942138672,155.50669860839844,154.8374786376953,155.05735778808594,2580168,115.08033403211331
2016-08-11,103.8277587890625,156.3384246826172,157.69598388671875,155.0478057861328,155.11471557617188,9171956,116.10985259932892
2016-08-12,102.82459259033203,154.82791137695312,156.27151489257812,154.4168243408203,156.0133819580078,2660083,114.98801889295122
2016-08-15,102.78015899658203,154.76100158691406,155.8030548095703,154.66539001464844,155.2581329345703,3107038,114.93832911749095
2016-08-16,102.03096771240234,153.6328887939453,154.8087921142578,153.62332153320312,154.0248565673828,2311869,114.10051377225624
2016-08-17,101.86588287353516,153.3843231201172,154.07266235351562,152.81069946289062,153.89100646972656,3374291,113.91590055772856
2016-08-18,102.44999694824219,154.26385498046875,154.87571716308594,153.3843231201172,153.8145294189453,3819992,114.56911122033387
2016-08-19,101.6119155883789,153.0019073486328,153.83364868164062,152.50477600097656,153.7667236328125,2944699,113.63189072848384
2016-08-22,101.58651733398438,152.9636688232422,153.50860595703125,152.13192749023438,152.9636688232422,2133108,113.60348803917971
2016-08-23,101.75161743164062,153.2122344970703,154.24473571777344,153.18356323242188,153.27915954589844,2968653,113.7881183175039
2016-08-24,100.98336029052734,152.05545043945312,153.13575744628906,151.35755920410156,152.85850524902344,3813507,112.92898175852001
2016-08-25,100.7166748046875,151.65391540527344,152.52389526367188,151.45315551757812,152.0076446533203,2693450,112.63074925487759
2016-08-26,100.51983642578125,151.35755920410156,153.3843231201172,150.90821838378906,151.89292907714844,2613849,112.41062627979605
2016-08-29,101.40873718261719,152.69598388671875,153.1644287109375,151.52963256835938,151.84512329101562,2589791,113.4046777459491
2016-08-30,101.20558166503906,152.3900604248047,153.10707092285156,151.8260040283203,152.73422241210938,1896712,113.17749035910914
2016-08-31,100.87541961669922,151.89292907714844,152.6386260986328,151.30018615722656,152.6386260986328,2430486,112.80827246195204
2016-09-01,101.2944564819336,152.52389526367188,152.6003875732422,151.14723205566406,151.35755920410156,2466886,113.27687844192793
2016-09-02,101.30081939697266,152.53346252441406,153.50860595703125,152.1510467529297,152.8489532470703,2421908,113.28399404507591
2016-09-06,101.80872344970703,153.29827880859375,153.78585815429688,152.11280822753906,152.8489532470703,3131829,113.85197957597232
2016-09-07,102.62779235839844,154.53155517578125,154.64627075195312,152.9636688232422,153.1453094482422,2999196,114.767938577361
2016-09-08,100.95159149169922,152.0076446533203,154.12045288085938,151.7781982421875,153.48948669433594,4145507,112.89345493416964
2016-09-09,98.85006713867188,148.8432159423828,151.4340362548828,148.8049774169922,151.08030700683594,5424556,110.54333502683703
2016-09-12,100.5008544921875,151.32887268066406,151.55831909179688,148.0305938720703,148.43212890625,4568405,112.38939891692773
2016-09-13,98.92623138427734,148.9579315185547,150.98471069335938,148.6615753173828,150.69789123535156,3803988,110.62850896715636
2016-09-14,97.80878448486328,147.27532958984375,149.01528930664062,146.6443634033203,148.85276794433594,4038188,109.3788759567575
2016-09-15,98.83097839355469,148.8145294189453,149.45506286621094,146.47227478027344,147.51434326171875,3813298,110.52198821739307
2016-09-16,97.6754379272461,147.07456970214844,148.5659637451172,146.72084045410156,148.2218017578125,6760926,109.22975543898716
2016-09-19,98.32940673828125,148.0592803955078,149.32122802734375,147.7533416748047,148.0592803955078,2562805,109.96108416205162
2016-09-20,98.06272888183594,147.65774536132812,149.68450927734375,147.65774536132812,149.01528930664062,2258419,109.66286019030744
2016-09-21,98.74850463867188,148.69024658203125,148.83364868164062,147.10325622558594,148.09751892089844,2587699,110.42975839721356
2016-09-22,99.11669158935547,149.24473571777344,150.30592346191406,148.8432159423828,149.28298950195312,2814891,110.84149927529339
2016-09-23,98.39923095703125,148.1644287109375,149.17782592773438,147.90631103515625,148.7762908935547,2826501,110.03916809491774
2016-09-26,97.76434326171875,147.2084197998047,147.66729736328125,146.71128845214844,147.66729736328125,2649832,109.32917764939897
2016-09-27,99.53573608398438,149.87571716308594,149.87571716308594,147.04588317871094,147.53346252441406,3124611,111.31011378716752
2016-09-28,100.5008544921875,151.32887268066406,151.65391540527344,149.35946655273438,150.08604431152344,3462260,112.38939891692773
2016-09-29,100.38651275634766,151.1567840576172,157.74378967285156,150.53536987304688,151.65391540527344,3530041,112.26153135772049
2016-09-30,100.85635375976562,151.86424255371094,152.81069946289062,151.10899353027344,151.91204833984375,3762357,112.78695124820287
2016-10-03,100.0690689086914,150.67877197265625,151.4053497314453,150.11471557617188,151.10899353027344,2330279,111.9065361349611
2016-10-04,99.33892822265625,149.579345703125,151.55831909179688,148.96749877929688,150.73614501953125,3016769,111.09002493967904
2016-10-05,99.73258209228516,150.17208862304688,150.88909912109375,149.82791137695312,150.1625213623047,1761987,111.53024529414732
2016-10-06,99.60555267333984,149.9808807373047,150.50669860839844,149.034423828125,149.94264221191406,2039805,111.3881891881354
2016-10-07,98.83733367919922,148.8240966796875,150.7648162841797,148.04971313476562,150.2294464111328,2794807,110.52909528864281
2016-10-10,99.69445037841797,150.11471557617188,151.52008056640625,149.7705535888672,149.818359375,2595440,111.48760286664897
2016-10-11,98.27862548828125,147.9827880859375,150.0478057861328,147.12237548828125,149.8374786376953,3034760,109.90429584723988
2016-10-12,97.96112823486328,147.50477600097656,148.15487670898438,146.34799194335938,148.15487670898438,3100344,109.54924090119269
2016-10-13,97.5992660522461,146.95985412597656,147.4378662109375,145.5736083984375,146.9407196044922,3043755,109.14457296676956
2016-10-14,98.06272888183594,147.65774536132812,148.69024658203125,147.31358337402344,147.67686462402344,4558677,109.66286019030744
2016-10-17,98.26593017578125,147.9636688232422,149.034423828125,147.55258178710938,147.65774536132812,6161358,109.89009876853694
2016-10-18,95.69453430175781,144.09178161621094,144.35946655273438,141.29063415527344,143.4225616455078,13358048,107.01452484312891
2016-10-19,96.03733825683594,144.6080322265625,145.74569702148438,144.1969451904297,144.61758422851562,4846013,107.39788009570113
2016-10-20,96.20242309570312,144.85659790039062,146.1759033203125,144.3785858154297,144.6271514892578,4208163,107.5824933102288
2016-10-21,95.00243377685547,143.04971313476562,144.50286865234375,142.9827880859375,143.9579315185547,4617253,106.2405536925661
2016-10-24,95.59929656982422,143.94837951660156,144.85659790039062,143.78585815429688,143.78585815429688,2789368,106.90802115716214
2016-10-25,95.79608917236328,144.24473571777344,144.51242065429688,143.2409210205078,143.94837951660156,2769285,107.1280929408541
2016-10-26,96.38654327392578,145.13385009765625,146.21414184570312,143.65200805664062,144.08221435546875,2941038,107.78839361091262
2016-10-27,97.36433410644531,146.6061248779297,147.28489685058594,145.33460998535156,146.09942626953125,4423848,108.88185022368097
2016-10-28,96.89450073242188,145.89866638183594,147.64817810058594,145.48757934570312,147.27532958984375,3822607,108.35643886509683
2016-10-31,97.58019256591797,146.93116760253906,147.5430145263672,146.0420684814453,146.0420684814453,3716647,109.12324322112212
2016-11-01,97.00877380371094,146.07073974609375,147.14149475097656,145.06692504882812,146.74952697753906,3338727,108.48422963721976
2016-11-02,96.47547149658203,145.26768493652344,146.6061248779297,145.0,145.77438354492188,3215822,107.88784141701922
2016-11-03,96.74211120605469,145.66921997070312,146.97897338867188,145.12428283691406,145.8030548095703,3011225,108.1860227292721
2016-11-04,96.78021240234375,145.72657775878906,146.88336181640625,145.1912078857422,145.69789123535156,2584038,108.22863102917741
2016-11-07,98.86908721923828,148.87188720703125,149.24473571777344,147.07456970214844,147.2179718017578,3979925,110.56460504919664
2016-11-08,99.41364288330078,148.34608459472656,149.07266235351562,146.32887268066406,147.76290893554688,4102307,111.17357781932917
2016-11-09,99.1830062866211,148.0019073486328,148.71893310546875,144.35946655273438,146.2332763671875,5652270,110.91565853496039
2016-11-10,102.64905548095703,153.1739959716797,154.07266235351562,150.65965270996094,150.72657775878906,8070727,114.79171697780875
2016-11-11,103.32180786132812,154.17782592773438,154.24473571777344,152.32313537597656,152.93499755859375,4651144,115.5440512343868
2016-11-14,101.361328125,151.2523956298828,154.7418670654297,150.6501007080078,154.15870666503906,5435539,113.35166053016783
2016-11-15,101.65599060058594,151.69215393066406,152.1510467529297,150.6214141845703,151.45315551757812,3636942,113.68117950472593
2016-11-16,102.05323791503906,152.28489685058594,152.53346252441406,151.08030700683594,151.49139404296875,2356429,114.12541838327418
2016-11-17,102.3800048828125,152.7724609375,152.89674377441406,151.86424255371094,152.2179718017578,2365215,114.49083958570603
2016-11-18,102.75798797607422,153.33651733398438,153.65200805664062,152.2084197998047,152.7724609375,3118754,114.91353542115037
2016-11-21,104.28276824951172,155.6118621826172,155.8317413330078,153.31739807128906,153.62332153320312,4850407,116.61868647959587
2016-11-22,104.21870422363281,155.51625061035156,155.8317413330078,154.82791137695312,155.8317413330078,2898257,116.54704412991526
2016-11-23,103.77668762207031,154.85659790039062,155.23899841308594,154.26385498046875,154.818359375,2356324,116.05274007238334
2016-11-25,104.51984405517578,155.965576171875,156.0133819580078,154.71319580078125,154.71319580078125,1679144,116.88380668609521
2016-11-28,105.40399169921875,157.28489685058594,157.41873168945312,155.54493713378906,156.02294921875,4654072,117.87254277963292
2016-11-29,104.76969909667969,156.3384246826172,157.1797332763672,155.8604278564453,156.7877655029297,3293017,117.16321782217835
2016-11-30,103.93042755126953,155.08604431152344,156.5965576171875,155.07647705078125,156.16635131835938,4600099,116.22466635419993
2016-12-01,102.39277648925781,152.7915802001953,155.06692504882812,151.3384246826172,154.82791137695312,4848942,114.50512198339156
2016-12-02,102.52092742919922,152.9827880859375,153.2409210205078,151.44358825683594,152.0076446533203,2866981,114.64843227844754
2016-12-05,102.40562438964844,152.81069946289062,154.06309509277344,152.5717010498047,153.7762908935547,3605667,114.51948970005967
2016-12-06,102.73236083984375,153.29827880859375,153.71893310546875,151.9407196044922,153.08795166015625,2990514,114.88487677489849
2016-12-07,105.57697296142578,157.5430145263672,157.91586303710938,153.33651733398438,153.53729248046875,4639115,118.06598650885864
2016-12-08,105.94213104248047,158.08795166015625,158.69981384277344,156.9980926513672,157.6195068359375,3416654,118.47434022332965
2016-12-09,106.68535614013672,159.1969451904297,159.3881378173828,157.3613739013672,157.91586303710938,3291657,119.30548362412586
2016-12-12,106.03184509277344,158.2218017578125,159.45506286621094,157.81069946289062,159.3881378173828,3548346,118.57466681495693
2016-12-13,107.81932067871094,160.88909912109375,162.47610473632812,158.3938751220703,158.3938751220703,6205186,120.5735881942554
2016-12-14,107.96028137207031,161.09942626953125,162.41873168945312,160.08604431152344,160.965576171875,4313913,120.7312235464882
2016-12-15,107.6463394165039,160.6309814453125,162.3804931640625,160.4015350341797,160.6214141845703,3544476,120.38014446502969
2016-12-16,106.8198471069336,159.397705078125,161.67303466796875,158.75717163085938,161.53919982910156,7448148,119.45588392663504
2016-12-19,106.78782653808594,159.3498992919922,159.90440368652344,158.69981384277344,159.49330139160156,3091871,119.42007554964212
2016-12-20,107.37727355957031,160.2294464111328,160.85086059570312,159.13002014160156,160.12428283691406,2274632,120.07925000913045
2016-12-21,107.20426177978516,159.9713134765625,160.5544891357422,157.9827880859375,158.93881225585938,3740182,119.8857721523117
2016-12-22,107.03130340576172,159.71319580078125,160.8317413330078,159.25430297851562,160.0,2931520,119.69235401878076
2016-12-23,106.80703735351562,159.3785858154297,160.12428283691406,159.13002014160156,159.6558380126953,1779455,119.44155886945822
2016-12-27,107.08253479003906,159.7896728515625,160.5927276611328,159.51242065429688,159.63670349121094,1461785,119.74964571558976
2016-12-28,106.47389221191406,158.88145446777344,160.36329650878906,158.69981384277344,159.93307495117188,1838345,119.06900500008187
2016-12-29,106.7365951538086,159.27342224121094,159.64627075195312,158.69981384277344,158.71893310546875,1740021,119.36278385283312
2016-12-30,106.34574127197266,158.69024658203125,159.3690185546875,158.2218017578125,159.12045288085938,3088629,118.92569470502589
2017-01-03,107.11458587646484,159.8374786376953,160.48757934570312,158.70936584472656,159.6558380126953,3069278,119.78548822017572
2017-01-04,108.4407730102539,161.81643676757812,162.3996124267578,160.0,160.3919677734375,3536944,121.26855396694012
2017-01-05,108.08197021484375,161.28106689453125,161.9407196044922,159.90440368652344,161.806884765625,2805686,120.86730732371883
2017-01-06,108.6137466430664,162.07456970214844,162.44741821289062,160.15296936035156,161.27151489257812,3080993,121.46198916426758
2017-01-09,107.4093246459961,160.27725219726562,162.33270263671875,160.24856567382812,162.0172119140625,3336635,120.1150925137164
2017-01-10,106.0446548461914,158.2409210205078,160.69789123535156,158.06883239746094,160.5927276611328,4308160,118.58899187213375
2017-01-11,107.47335815429688,160.3728485107422,160.38241577148438,158.31739807128906,158.7476043701172,3765077,120.18670073580397
2017-01-12,107.60147857666016,160.56405639648438,160.6214141845703,158.27915954589844,160.3919677734375,3062165,120.32997690326691
2017-01-13,107.21065521240234,159.9808807373047,161.07073974609375,159.54110717773438,160.5831756591797,3007668,119.89292188305272
2017-01-17,107.56307220458984,160.50669860839844,160.783935546875,158.8145294189453,159.35946655273438,3468222,120.28702732743125
2017-01-18,106.86470794677734,159.46463012695312,161.1759033203125,159.35946655273438,160.08604431152344,4192159,119.5060514883978
2017-01-19,106.87110900878906,159.47418212890625,160.08604431152344,158.50860595703125,159.61758422851562,7283716,119.51320975103708
2017-01-20,109.26727294921875,163.04971313476562,163.13575744628906,158.69981384277344,160.43020629882812,13273740,122.19282303723301
2017-01-23,109.57479095458984,163.50860595703125,163.71893310546875,162.53346252441406,162.6003875732422,5730197,122.53671826035747
2017-01-24,112.69485473632812,168.1644287109375,168.26004028320312,163.6328887939453,163.8240966796875,7272210,126.02586364905963
2017-01-25,114.22607421875,170.44932556152344,171.3671112060547,168.3843231201172,168.50860595703125,6194935,127.73821562963569
2017-01-26,114.463134765625,170.8030548095703,171.0133819580078,169.70362854003906,170.2294464111328,3204839,128.00331877233853
2017-01-27,113.59181213378906,169.50286865234375,171.31930541992188,169.50286865234375,170.6214141845703,3642486,127.02892479977416
2017-01-30,112.63080596923828,168.06883239746094,169.28298950195312,166.90248107910156,169.1969451904297,4283161,125.95423836317555
2017-01-31,111.8107681274414,166.84512329101562,167.85850524902344,165.9751434326172,167.35182189941406,4329394,125.037195810708
2017-02-01,111.66338348388672,166.625244140625,167.97323608398438,165.28680419921875,167.30401611328125,2924302,124.87237660014114
2017-02-02,111.84918212890625,166.90248107910156,167.27532958984375,165.91778564453125,166.56787109375,2741043,125.08015391844192
2017-02-03,112.64361572265625,168.08795166015625,168.5850830078125,167.1988525390625,167.30401611328125,3461528,125.96856342035235
2017-02-06,112.6692123413086,168.12619018554688,168.2409210205078,166.71128845214844,167.6003875732422,2772737,125.99718793901121
2017-02-07,114.33499908447266,170.6118621826172,170.7648162841797,168.1644287109375,168.26004028320312,4051681,127.86002554107905
2017-02-08,113.76029968261719,168.4225616455078,169.69407653808594,168.1453094482422,169.69407653808594,3047103,127.21734324092533
2017-02-09,114.43182373046875,169.4168243408203,169.9808807373047,168.1739959716797,168.4225616455078,3232872,127.9683038618837
2017-02-10,115.38108825683594,170.82217407226562,171.0038299560547,168.9866180419922,169.56979370117188,3065512,129.02985970706175
2017-02-13,115.82014465332031,171.47227478027344,171.988525390625,170.9751434326172,171.35755920410156,3235696,129.52085338806918
2017-02-14,116.31742858886719,172.2084197998047,172.2084197998047,170.50669860839844,170.71701049804688,2904219,130.0769625165891
2017-02-15,117.31830596923828,173.69024658203125,173.91969299316406,171.90248107910156,172.27532958984375,3048358,131.1962366534891
2017-02-16,117.15684509277344,173.4512481689453,174.75143432617188,172.91586303710938,173.47036743164062,3401069,131.01567609063443
2017-02-17,116.66612243652344,172.72467041015625,173.5850830078125,172.08413696289062,173.27915954589844,3715915,130.46690439461725
2017-02-21,116.4013671875,172.33270263671875,172.83938598632812,171.24282836914062,172.65774536132812,4686394,130.17083046123432
2017-02-22,116.97602844238281,173.18356323242188,173.36520385742188,172.170166015625,172.170166015625,3159443,130.81347010189677
2017-02-23,117.29894256591797,173.6615753173828,174.47418212890625,172.9636688232422,173.9961700439453,2387495,131.17458269570784
2017-02-24,117.10517883300781,173.374755859375,173.50860595703125,171.97897338867188,172.28489685058594,3451905,130.95789807562466
2017-02-27,115.84602355957031,171.51051330566406,173.27915954589844,171.3957977294922,173.2218017578125,3861100,129.5497935869636
2017-02-28,116.11724853515625,171.91204833984375,172.68641662597656,171.46270751953125,171.49139404296875,3423976,129.85310257007015
2017-03-01,117.49264526367188,173.94837951660156,174.52198791503906,172.11280822753906,172.5430145263672,3143858,131.39119906060492
2017-03-02,116.57571411132812,172.5908203125,173.88145446777344,172.49522399902344,173.88145446777344,3052437,130.3658014002484
2017-03-03,116.26573181152344,172.13192749023438,173.34608459472656,171.8546905517578,172.5908203125,1905812,130.0191503739863
2017-03-06,116.53697967529297,172.53346252441406,173.0305938720703,171.67303466796875,171.81643676757812,3351802,130.3224849527876
2017-03-07,116.47883605957031,172.44741821289062,173.31739807128906,172.27532958984375,172.76290893554688,3117603,130.25746335615594
2017-03-08,115.87832641601562,171.55831909179688,172.9923553466797,171.4149169921875,172.8011474609375,3721040,129.5859176441921
2017-03-09,114.41249084472656,169.3881378173828,171.3671112060547,168.1453094482422,171.27151489257812,5694529,127.94668403169545
2017-03-10,114.83219146728516,170.0095672607422,171.5965576171875,169.61758422851562,170.3728485107422,3242914,128.41603228681987
2017-03-13,113.94752502441406,168.69981384277344,170.2294464111328,168.6615753173828,170.0286865234375,3642381,127.42671602420056
2017-03-14,113.46968841552734,167.9923553466797,169.04397583007812,167.50477600097656,168.43212890625,3292285,126.89235470434276
2017-03-15,113.52775573730469,168.07839965820312,168.52772521972656,167.06500244140625,167.9827880859375,3991013,126.9572909819918
2017-03-16,114.45120239257812,169.4455108642578,171.12811279296875,169.04397583007812,170.6118621826172,4510143,127.98997488346149
2017-03-17,113.42452239990234,167.92543029785156,169.01528930664062,167.92543029785156,168.53729248046875,6193366,126.84184586664963
2017-03-20,113.45675659179688,167.97323608398438,168.43212890625,167.4378662109375,167.92543029785156,2590001,126.8778931367938
2017-03-21,112.28150177001953,166.2332763671875,168.47991943359375,166.1950225830078,168.26959228515625,4108374,125.56361393328667
2017-03-22,112.86268615722656,167.09368896484375,167.3613739013672,165.2007598876953,166.38623046875,3609223,126.21354834696054
2017-03-23,112.88850402832031,167.13192749023438,167.94454956054688,165.92733764648438,166.7590789794922,3912040,126.2424202906689
2017-03-24,112.24923706054688,166.1854705810547,167.7820281982422,165.7648162841797,167.41873168945312,3369898,125.52753253554948
2017-03-27,112.21049499511719,166.12811279296875,166.50096130371094,164.52198791503906,165.09559631347656,3408914,125.48420755619041
2017-03-28,112.68836212158203,166.8355712890625,167.30401611328125,165.3919677734375,166.29063415527344,3685999,126.01860300364125
2017-03-29,112.32028198242188,166.29063415527344,166.81643676757812,165.8317413330078,166.63479614257812,3227538,125.60698157213704
2017-03-30,112.26860809326172,166.21414184570312,166.91204833984375,166.05162048339844,166.21414184570312,3314042,125.54919502522901
2017-03-31,112.449462890625,166.48184204101562,167.25621032714844,166.05162048339844,166.32887268066406,3047730,125.751443673458
2017-04-03,112.68190002441406,166.8260040283203,167.1797332763672,165.75526428222656,166.1759033203125,4483679,126.01137648581589
2017-04-04,112.69481658935547,166.84512329101562,167.26577758789062,165.64053344726562,165.88909912109375,3251909,126.02582098956833
2017-04-05,111.63580322265625,165.27725219726562,168.57553100585938,165.2103271484375,167.0172119140625,6525889,124.84153378793495
2017-04-06,111.35810852050781,164.86614990234375,165.84129333496094,164.67495727539062,165.84129333496094,3593428,124.53098975510481
2017-04-07,111.15794372558594,164.56979370117188,165.32504272460938,163.7476043701172,164.51242065429688,3753362,124.30714687238238
2017-04-10,110.55095672607422,163.67112731933594,164.9713134765625,163.47991943359375,164.94264221191406,3964235,123.62835757879667
2017-04-11,110.15058135986328,163.07839965820312,163.69981384277344,161.5487518310547,163.1453094482422,5116927,123.18062062196223
2017-04-12,110.20223999023438,163.15487670898438,163.67112731933594,162.5430145263672,163.51815795898438,3427637,123.23839010507375
2017-04-13,109.47257232666016,162.07456970214844,163.8240966796875,162.07456970214844,162.44741821289062,3352953,122.42240788748374
2017-04-17,110.4863510131836,163.57553100585938,163.7667236328125,162.16061401367188,162.28489685058594,3891329,123.55610946433968
2017-04-18,109.80831909179688,162.5717010498047,164.1395721435547,162.3613739013672,163.27915954589844,6637393,122.79787113416641
2017-04-19,104.4099349975586,154.579345703125,155.48757934570312,152.58126831054688,154.64627075195312,20171378,116.76089615977644
2017-04-20,104.80384063720703,155.1625213623047,155.2581329345703,153.44168090820312,154.22561645507812,6785193,117.20139806688726
2017-04-21,103.56404113769531,153.32696533203125,154.9808807373047,153.32696533203125,154.92352294921875,5865759,115.81493900410922
2017-04-24,103.80294036865234,153.68069458007812,154.46463012695312,153.36520385742188,154.1969451904297,5565348,116.08209833429248
2017-04-25,103.57050323486328,153.33651733398438,154.91395568847656,153.32696533203125,154.66539001464844,5083978,115.82216552193458
2017-04-26,103.35739135742188,153.02102661132812,154.01528930664062,152.85850524902344,153.47036743164062,4526879,115.58384400786666
2017-04-27,103.52529907226562,153.26959228515625,153.4225616455078,152.6099395751953,153.2409210205078,4312240,115.77161402475016
2017-04-28,103.50591278076172,153.2409210205078,153.52772521972656,152.67686462402344,153.44168090820312,4345189,115.7499344712741
2017-05-01,102.56961059570312,151.8546905517578,153.36520385742188,151.72084045410156,153.011474609375,5162324,114.70287432123806
2017-05-02,102.73749542236328,152.10325622558594,152.47610473632812,151.66348266601562,152.4282989501953,3355777,114.89061874242677
2017-05-03,102.4339599609375,151.65391540527344,152.4378662109375,151.5487518310547,151.7590789794922,4176992,114.5511771701935
2017-05-04,102.7051773071289,152.05545043945312,152.14149475097656,151.3957977294922,151.90248107910156,4477508,114.85447762140176
2017-05-05,100.12222290039062,148.23135375976562,148.92926025390625,146.27151489257812,146.76864624023438,13097280,111.96597787013137
2017-05-08,99.78315734863281,146.30018615722656,146.72084045410156,145.50669860839844,146.08030700683594,7836632,111.58680324770606
2017-05-09,99.18328094482422,145.420654296875,146.3671112060547,144.89483642578125,145.88909912109375,7168238,110.91596568329771
2017-05-10,98.62252044677734,144.5984649658203,145.66921997070312,144.48374938964844,144.9808807373047,5229895,110.28887116126313
2017-05-11,98.23126983642578,144.0248565673828,144.50286865234375,143.2026824951172,144.4072723388672,5886783,109.85133835474643
2017-05-12,98.04869079589844,143.75717163085938,144.6080322265625,143.4034423828125,143.69024658203125,3886204,109.64716149751092
2017-05-15,98.79203796386719,144.84703063964844,145.15296936035156,143.83364868164062,143.9961700439453,4440793,110.47844140867927
2017-05-16,100.20697021484375,146.92160034179688,147.2179718017578,144.9904327392578,144.9904327392578,5767330,112.06075019599206
2017-05-17,98.41387176513672,144.29254150390625,147.3613739013672,144.25430297851562,146.55831909179688,5430309,110.0555408076767
2017-05-18,98.3160400390625,144.14913940429688,144.67495727539062,143.50860595703125,144.22561645507812,3424813,109.94613627630189
2017-05-19,99.09850311279297,145.29637145996094,145.75526428222656,144.25430297851562,144.3690185546875,5902578,110.821159229844
2017-05-22,99.52884674072266,145.92733764648438,146.11854553222656,144.93307495117188,145.4110870361328,3453997,111.30240948303968
2017-05-23,99.13111114501953,145.3441619873047,146.92160034179688,145.23899841308594,145.8604278564453,2682467,110.85762456300284
2017-05-24,99.44408416748047,145.8030548095703,146.0420684814453,144.579345703125,145.51625061035156,3904090,111.20762009338247
2017-05-25,99.8940200805664,146.46270751953125,146.9694061279297,146.2237091064453,146.51051330566406,2701504,111.7107802613072
2017-05-26,99.4310302734375,145.783935546875,146.27151489257812,145.3728485107422,146.12811279296875,2555692,111.19302201546137
2017-05-30,98.93550109863281,145.05735778808594,145.95602416992188,144.92352294921875,145.26768493652344,3834636,110.63887522354102
2017-05-31,99.52232360839844,145.91778564453125,146.08030700683594,144.9808807373047,145.3441619873047,3706396,111.29511471002826
2017-06-01,99.54838562011719,145.95602416992188,146.14723205566406,144.96176147460938,146.08030700683594,3052333,111.32425967448091
2017-06-02,99.14414978027344,145.36329650878906,146.46270751953125,145.12428283691406,146.3384246826172,3750642,110.87220557712743
2017-06-05,99.3788833618164,145.70745849609375,146.20458984375,145.0095672607422,145.14340209960938,4157955,111.13470649086129
2017-06-06,99.352783203125,145.66921997070312,146.16635131835938,145.31549072265625,145.31549072265625,3971871,111.10551886691734
2017-06-07,98.44645690917969,144.34034729003906,147.41873168945312,144.1682586669922,146.31930541992188,5089522,110.09198054514079
2017-06-08,99.1767349243164,145.4110870361328,146.09942626953125,144.28298950195312,144.35946655273438,3879614,110.90864531459151
2017-06-09,100.48085021972656,147.32313537597656,147.47610473632812,145.2007598876953,145.31549072265625,4562129,112.3670282796927
2017-06-12,101.18505859375,148.3556365966797,150.28680419921875,147.2466583251953,147.4091796875,6769189,113.1545395527925
2017-06-13,100.5786361694336,147.46653747558594,148.64244079589844,147.37094116210938,148.6042022705078,3685581,112.47638161967797
2017-06-14,100.291748046875,147.04588317871094,148.12619018554688,146.21414184570312,147.1988525390625,3189359,112.15555664944577
2017-06-15,100.55908966064453,147.4378662109375,147.88719177246094,146.5487518310547,146.5487518310547,4868398,112.45452289633847
2017-06-16,101.31548309326172,148.54684448242188,148.5850830078125,146.24282836914062,147.44741821289062,7052132,113.30039235352966
2017-06-19,100.96338653564453,148.0305938720703,149.0057373046875,147.74378967285156,148.67112731933594,4842457,112.90664524887802
2017-06-20,101.03510284423828,148.13575744628906,148.55641174316406,147.46653747558594,147.68641662597656,4687858,112.98684509251237
2017-06-21,100.2786865234375,147.02676391601562,148.93881225585938,146.6443634033203,148.93881225585938,4141846,112.1409500396264
2017-06-22,100.67646026611328,147.6099395751953,148.1739959716797,146.93116760253906,147.7533416748047,2485819,112.58577761915453
2017-06-23,100.48737335205078,147.33270263671875,147.87762451171875,147.0363311767578,147.55258178710938,3433181,112.37432305270411
2017-06-26,101.21765899658203,148.4034423828125,148.90057373046875,147.829833984375,147.90631103515625,2252561,113.1909963540531
2017-06-27,100.9046630859375,147.94454956054688,148.50860595703125,147.70555114746094,148.18356323242188,2496279,112.8409752279787
2017-06-28,101.27635192871094,148.48948669433594,148.70936584472656,147.97323608398438,148.32696533203125,2323166,113.25663224735939
2017-06-29,100.50043487548828,147.35182189941406,148.89100646972656,146.86424255371094,148.51815795898438,3412261,112.38892966252348
2017-06-30,100.30480194091797,147.06500244140625,147.70555114746094,146.4053497314453,147.49522399902344,3735789,112.17015472736688
2017-07-03,101.4458999633789,148.73805236816406,149.1682586669922,146.76864624023438,146.8260040283203,2952335,113.44623662236856
2017-07-05,100.20047760009766,146.91204833984375,149.034423828125,146.87380981445312,148.91969299316406,3728362,112.05348955057367
2017-07-06,99.34626770019531,145.65965270996094,147.06500244140625,145.53536987304688,146.6156768798828,2884345,111.09823262580417
2017-07-07,99.72447204589844,146.21414184570312,146.73995971679688,145.44932556152344,145.90821838378906,2573265,111.52117588629802
2017-07-10,100.03746032714844,146.67303466796875,147.12237548828125,145.91778564453125,146.1854705810547,3353685,111.87118848047417
2017-07-11,99.8874740600586,146.45315551757812,146.89292907714844,145.36329650878906,146.52008056640625,3606085,111.703459892601
2017-07-12,100.22002410888672,146.9407196044922,147.4569854736328,146.31930541992188,146.73040771484375,3240403,112.07534827391316
2017-07-13,100.17437744140625,146.87380981445312,147.4091796875,146.45315551757812,146.9407196044922,2590001,112.02430192662972
2017-07-14,100.57212829589844,147.4569854736328,147.8202667236328,146.65391540527344,147.23709106445312,3406194,112.46910391046306
2017-07-17,99.77009582519531,146.28106689453125,147.11280822753906,145.54493713378906,146.8355712890625,4981680,111.57219663788669
2017-07-18,100.41564178466797,147.2275390625,147.50477600097656,145.31549072265625,145.65965270996094,7914873,112.29410614527325
2017-07-19,96.1968765258789,141.0420684814453,143.64244079589844,140.2581329345703,143.4225616455078,14951106,107.57629062019453
2017-07-20,96.28165435791016,141.16635131835938,142.28489685058594,140.56405639648438,141.0420684814453,7543961,107.67109707364824
2017-07-21,95.90345764160156,140.6118621826172,141.3671112060547,140.06692504882812,141.09942626953125,6808937,107.24816234505265
2017-07-24,95.1927261352539,139.56979370117188,140.5736083984375,139.3881378173828,140.53536987304688,4055970,106.45335629894142
2017-07-25,95.3231430053711,139.76100158691406,141.0038299560547,139.6080322265625,140.12428283691406,4402509,106.59920056778031
2017-07-26,94.78195190429688,138.96749877929688,140.0191192626953,138.11663818359375,139.8374786376953,4113290,105.99399036478
2017-07-27,94.59281921386719,138.69024658203125,139.0057373046875,137.32313537597656,138.62332153320312,6726617,105.78248460694005
2017-07-28,94.084228515625,137.94454956054688,138.6615753173828,137.51434326171875,138.44168090820312,3195321,105.21373120520032
2017-07-31,94.3320083618164,138.30784606933594,138.55641174316406,137.829833984375,138.0305938720703,4556062,105.49082166495702
2017-08-01,94.74281311035156,138.91014099121094,139.26385498046875,138.3556365966797,138.62332153320312,3367597,105.95022172671146
2017-08-02,94.18856811523438,138.09751892089844,138.90057373046875,137.87762451171875,138.73805236816406,3703781,105.33041344579006
2017-08-03,94.50806427001953,138.5659637451172,138.94837951660156,138.07839965820312,138.07839965820312,3175028,105.6877037491811
2017-08-04,94.65152740478516,138.7762908935547,138.9961700439453,138.04971313476562,138.62332153320312,2666672,105.84813756404284
2017-08-07,93.549560546875,137.16061401367188,138.70936584472656,136.47227478027344,138.62332153320312,4830742,104.61581577521143
2017-08-08,93.6418228149414,135.8604278564453,136.48184204101562,135.75526428222656,135.75526428222656,3450440,104.7189920208572
2017-08-09,93.41776275634766,135.53536987304688,135.783935546875,134.9808807373047,135.51625061035156,3060387,104.46842723278766
2017-08-10,93.46389770507812,135.602294921875,136.1567840576172,135.0191192626953,135.4110870361328,4733568,104.52001962155967
2017-08-11,93.46389770507812,135.602294921875,136.31930541992188,135.29637145996094,136.1854705810547,3142184,104.52001962155967
2017-08-14,93.78018188476562,136.06118774414062,136.48184204101562,135.69789123535156,135.75526428222656,2352036,104.8737179957837
2017-08-15,93.6154556274414,135.82217407226562,137.0363311767578,134.397705078125,136.28106689453125,4896849,104.68950578047419
2017-08-16,93.89881896972656,136.2332763671875,136.625244140625,135.38241577148438,135.5544891357422,3439039,105.00638901371074
2017-08-17,92.71269226074219,134.51242065429688,136.6061248779297,134.51242065429688,136.2523956298828,4625517,103.67995185518458
2017-08-18,92.05377197265625,133.55641174316406,134.94264221191406,133.44168090820312,134.67495727539062,4343724,102.94308593015005
2017-08-21,92.46890258789062,134.15870666503906,134.24473571777344,133.011474609375,133.4512481689453,3337472,103.40732357821733
2017-08-22,92.91698455810547,134.8087921142578,134.94264221191406,134.2064971923828,134.45506286621094,2661442,103.90841049486514
2017-08-23,93.66156005859375,135.88909912109375,136.7590789794922,134.49330139160156,134.51242065429688,4234522,104.74106404165317
2017-08-24,94.18873596191406,136.65391540527344,137.3613739013672,135.9942626953125,136.2332763671875,3757441,105.33060114755175
2017-08-25,94.71589660644531,137.41873168945312,137.8489532470703,136.95028686523438,136.9980926513672,3005053,105.92012118965381
2017-08-28,93.9053955078125,136.24282836914062,138.2026824951172,136.12811279296875,137.7724609375,5319956,105.01374351000997
2017-08-29,94.32051849365234,136.84512329101562,137.12237548828125,135.65965270996094,135.85086059570312,3147937,105.47797262617901
2017-08-30,93.93834686279297,136.29063415527344,136.97897338867188,136.14723205566406,136.95985412597656,2861856,105.05059277859048
2017-08-31,94.24803924560547,136.73995971679688,137.34225463867188,136.35755920410156,136.73040771484375,3824594,105.39691959271875
2017-09-01,94.93992614746094,137.74378967285156,138.1453094482422,136.69215393066406,136.69215393066406,3505878,106.17065185013031
2017-09-05,94.254638671875,136.74952697753906,138.011474609375,136.42446899414062,137.18930053710938,3239985,105.40429968471277
2017-09-06,94.76859283447266,137.49522399902344,138.11663818359375,137.18930053710938,137.55258178710938,3423872,105.97905101092854
2017-09-07,94.16238403320312,136.6156768798828,138.27915954589844,136.14723205566406,137.76290893554688,4380857,105.30113197096526
2017-09-08,93.8658447265625,136.1854705810547,136.8546905517578,135.4110870361328,136.8546905517578,3521045,104.96951414943545
2017-09-11,95.45388793945312,138.48948669433594,138.7476043701172,136.72084045410156,137.2275390625,4825616,106.74541170824435
2017-09-12,96.04694366455078,139.3498992919922,139.93307495117188,138.15487670898438,138.72848510742188,5479053,107.40862175560918
2017-09-13,96.198486328125,139.56979370117188,139.85659790039062,138.94837951660156,138.9579315185547,4289646,107.57809085072716
2017-09-14,95.90194702148438,139.1395721435547,139.94264221191406,139.11090087890625,139.4455108642578,3929717,107.24647302919738
2017-09-15,95.42753601074219,138.4512481689453,138.78585815429688,137.74378967285156,138.4512481689453,7737471,106.71594253165786
2017-09-18,95.24961853027344,138.193115234375,139.08221435546875,137.92543029785156,138.44168090820312,3158397,106.51697866425859
2017-09-19,95.1441650390625,138.04014587402344,138.6042022705078,137.87762451171875,138.4225616455078,3623762,106.39905076652305
2017-09-20,96.1259994506836,139.46463012695312,139.46463012695312,138.06883239746094,138.55641174316406,5698085,107.49702928536865
2017-09-21,95.71746826171875,138.87188720703125,139.47418212890625,138.71893310546875,139.24473571777344,2673158,107.04017172929538
2017-09-22,95.63182830810547,138.7476043701172,139.1873779296875,138.23135375976562,139.1873779296875,2920746,106.9444011713384
2017-09-25,96.11943054199219,139.45506286621094,139.6080322265625,138.53729248046875,138.73805236816406,5452903,107.48968332096769
2017-09-26,96.57408142089844,140.11471557617188,140.93690490722656,139.52198791503906,139.92352294921875,4695076,107.99811620201645
2017-09-27,95.9810562133789,139.25430297851562,140.4397735595703,138.65200805664062,140.2294464111328,3663824,107.33494028224467
2017-09-28,95.9810562133789,139.25430297851562,139.4455108642578,137.86807250976562,139.25430297851562,2902441,107.33494028224467
2017-09-29,95.59886169433594,138.69981384277344,139.28298950195312,138.54684448242188,139.0535430908203,2776816,106.90753483896138
2017-10-02,96.63997650146484,140.2103271484375,140.4110870361328,138.8240966796875,138.9579315185547,3109967,108.07180620727921
2017-10-03,96.71903228759766,140.32504272460938,140.72657775878906,139.90440368652344,140.23899841308594,2408624,108.1602137370387
2017-10-04,96.52136993408203,140.03823852539062,140.5544891357422,139.68450927734375,140.53536987304688,2347642,107.9391693169452
2017-10-05,96.67952728271484,140.26768493652344,141.05162048339844,140.03823852539062,140.2294464111328,2810079,108.11603556785373
2017-10-06,96.52136993408203,140.03823852539062,140.3919677734375,139.88528442382812,140.1912078857422,2743867,107.9391693169452
2017-10-09,97.12101745605469,140.90821838378906,141.29063415527344,139.91395568847656,140.05735778808594,2806000,108.60975092440577
2017-10-10,97.85243225097656,141.9694061279297,142.3996124267578,141.1567840576172,141.21414184570312,4218100,109.42768694669708
2017-10-11,97.27256774902344,141.12811279296875,141.9407196044922,140.8030548095703,141.87380981445312,3872501,108.77922855142204
2017-10-12,96.8837890625,140.56405639648438,141.38623046875,140.31549072265625,141.07073974609375,3414458,108.34446007994124
2017-10-13,96.92991638183594,140.6309814453125,141.34799194335938,140.47801208496094,140.9942626953125,2621904,108.39604393681499
2017-10-16,96.75200653076172,140.3728485107422,141.1759033203125,140.06692504882812,140.74569702148438,3192497,108.19708860131398
2017-10-17,96.5609130859375,140.09559631347656,140.6501007080078,139.75143432617188,140.181640625,6665530,107.98339014562147
2017-10-18,105.12049865722656,152.51434326171875,154.1395721435547,150.0478057861328,150.2103271484375,31892749,117.55551450412597
2017-10-19,106.02324676513672,153.8240966796875,153.88145446777344,152.09368896484375,152.7724609375,10370253,118.56505136561906
2017-10-20,106.79425048828125,154.94264221191406,155.33460998535156,152.74378967285156,153.9866180419922,8230765,119.42725940797618
2017-10-23,105.13370513916016,152.53346252441406,155.36329650878906,152.52389526367188,154.92352294921875,6045252,117.57028322001226
2017-10-24,102.71539306640625,149.0248565673828,152.67686462402344,148.34608459472656,152.62905883789062,8571656,114.86590183317053
2017-10-25,101.14712524414062,146.74952697753906,149.49330139160156,146.32887268066406,149.14913940429688,7239471,113.11211895464889
2017-10-26,101.21299743652344,146.84512329101562,148.29827880859375,146.7877655029297,147.52389526367188,4498323,113.18578336421687
2017-10-27,101.2657470703125,146.92160034179688,147.829833984375,146.1854705810547,147.74378967285156,5120379,113.24477290877941
2017-10-30,101.71379852294922,147.5717010498047,147.7915802001953,145.9942626953125,146.9980926513672,4404078,113.74582569783418
2017-10-31,101.51614379882812,147.28489685058594,148.11663818359375,146.20458984375,147.5430145263672,4527402,113.52478980963893
2017-11-01,101.4963607788086,147.25621032714844,148.08795166015625,147.06500244140625,147.32313537597656,3389249,113.50266659745341
2017-11-02,101.04828643798828,146.6061248779297,147.69598388671875,146.1854705810547,147.3996124267578,3553890,113.00158821270388
2017-11-03,99.8819351196289,144.91395568847656,146.72084045410156,144.82791137695312,146.67303466796875,4635663,111.69726573446499
2017-11-06,99.39437103271484,144.2064971923828,145.14340209960938,143.67112731933594,145.09559631347656,4705326,111.152026244327
2017-11-07,99.73043823242188,144.69407653808594,144.84703063964844,143.88145446777344,144.71319580078125,3871351,111.52784783073655
2017-11-08,99.87535095214844,144.90440368652344,145.11471557617188,143.67112731933594,144.93307495117188,4847582,111.68990270626749
2017-11-09,100.02843475341797,143.69024658203125,145.12428283691406,143.26959228515625,143.33651733398438,4996219,111.8610952448338
2017-11-10,99.26976013183594,142.6003875732422,144.25430297851562,142.58126831054688,144.0248565673828,4505436,111.01267475006318
2017-11-13,98.76395416259766,141.87380981445312,142.44741821289062,141.4149169921875,142.33270263671875,5342445,110.44703549118799
2017-11-14,99.09005737304688,142.34225463867188,142.41873168945312,141.0038299560547,141.44358825683594,3930868,110.81171441847131
2017-11-15,97.89877319335938,140.6309814453125,142.170166015625,139.78012084960938,141.49139404296875,4992872,109.47950969672209
2017-11-16,99.2431411743164,142.5621337890625,143.06883239746094,141.0133819580078,141.2332763671875,5697039,110.98290695703763
2017-11-17,99.14329528808594,142.41873168945312,143.54684448242188,142.28489685058594,142.7724609375,5142659,110.87125000452244
2017-11-20,100.16819763183594,143.89100646972656,145.26768493652344,143.30784606933594,144.01528930664062,5937619,112.01739108903995
2017-11-21,101.12657165527344,145.26768493652344,145.74569702148438,144.55067443847656,144.64627075195312,3928985,113.08913402073921
2017-11-22,101.00676727294922,145.09559631347656,145.68833923339844,144.67495727539062,145.31549072265625,3361426,112.95515762237855
2017-11-24,101.05335998535156,145.1625213623047,145.50669860839844,144.67495727539062,145.26768493652344,1247878,113.0072619250461
2017-11-27,101.14652252197266,145.29637145996094,145.783935546875,144.9521942138672,145.3728485107422,3529204,113.11144493468643
2017-11-28,101.47266387939453,145.7648162841797,146.20458984375,145.0286865234375,145.6501007080078,4156490,113.47616652146104
2017-11-29,102.19137573242188,146.7973175048828,146.8546905517578,145.47801208496094,146.08985900878906,5333240,114.27989693315116
2017-11-30,102.47090911865234,147.1988525390625,147.6195068359375,146.34799194335938,146.89292907714844,6799837,114.59249715346171
2017-12-01,102.9966812133789,147.95411682128906,148.2026824951172,146.1854705810547,147.6099395751953,5824023,115.18046439008063
2017-12-04,104.12805938720703,149.579345703125,149.90440368652344,148.25047302246094,149.10133361816406,4878858,116.44567664670039
2017-12-05,103.38935852050781,148.51815795898438,149.84703063964844,147.87762451171875,149.56979370117188,5301128,115.61959266157176
2017-12-06,102.55744171142578,147.32313537597656,149.3498992919922,147.31358337402344,147.32313537597656,3567592,114.68926594351498
2017-12-07,102.20466613769531,146.81643676757812,147.65774536132812,146.52008056640625,146.8355712890625,3944571,114.2947594999183
2017-12-08,103.02995300292969,148.0019073486328,148.2122344970703,146.7973175048828,148.1644287109375,3682234,115.21767199838801
2017-12-11,103.42926788330078,148.57553100585938,149.034423828125,147.7724609375,148.62332153320312,4291424,115.66422302136445
2017-12-12,104.31442260742188,149.84703063964844,150.90821838378906,148.33651733398438,150.38241577148438,6612603,116.65408532547235
2017-12-13,102.4310073852539,147.14149475097656,149.8374786376953,147.12237548828125,149.71319580078125,5922034,114.54787532556728
2017-12-14,102.49088287353516,147.2275390625,148.28871154785156,146.9407196044922,147.8011474609375,4850720,114.6148336631037
2017-12-15,101.49260711669922,145.7935028076172,147.0363311767578,145.3441619873047,146.8546905517578,11798775,113.49846890351
2017-12-18,102.04499816894531,146.58700561523438,147.3996124267578,146.47227478027344,146.8355712890625,5327069,114.1162039331545
2017-12-19,101.9784164428711,146.49139404296875,147.3900604248047,146.35755920410156,147.27532958984375,4305754,114.04174605704843
2017-12-20,101.79208374023438,146.2237091064453,147.12237548828125,146.06118774414062,146.89292907714844,3959842,113.83337150586951
2017-12-21,100.82707214355469,144.8374786376953,146.71128845214844,144.82791137695312,146.4340362548828,4344979,112.75420582268494
2017-12-22,101.49260711669922,145.7935028076172,146.27151489257812,144.8374786376953,145.14340209960938,3128168,113.49846890351
2017-12-26,101.71223449707031,146.10899353027344,147.09368896484375,145.7935028076172,145.8030548095703,2593034,113.74407665869109
2017-12-27,101.91188049316406,146.3957977294922,146.44358825683594,145.89866638183594,146.2237091064453,2248168,113.9673393723319
2017-12-28,102.51752471923828,147.26577758789062,147.34225463867188,146.46270751953125,146.46270751953125,2811230,114.64462705182403
2017-12-29,102.10488891601562,146.67303466796875,147.91586303710938,146.67303466796875,147.3900604248047,3480147,114.18317933448743
2018-01-02,102.65725708007812,147.46653747558594,148.0019073486328,146.7877655029297,147.70555114746094,4395815,114.80088876843715
2018-01-03,105.47909545898438,151.52008056640625,152.7820281982422,149.45506286621094,150.420654296875,9875914,117.95653078609426
2018-01-04,107.61543273925781,154.5889129638672,155.181640625,152.3613739013672,152.62905883789062,7903785,120.34558174518259
2018-01-05,108.14118957519531,155.3441619873047,155.73614501953125,154.01528930664062,155.29637145996094,5434807,120.93353191800499
2018-01-08,108.79341888427734,156.28106689453125,156.70172119140625,154.5889129638672,155.50669860839844,5478425,121.66291536826641
2018-01-09,109.03299713134766,156.625244140625,157.29444885253906,155.88909912109375,156.69215393066406,4541523,121.9308340373947
2018-01-10,109.26593017578125,156.95985412597656,157.10325622558594,155.35372924804688,155.74569702148438,4366109,122.19132142313944
2018-01-11,109.27926635742188,156.97897338867188,157.68641662597656,156.11854553222656,157.55258178710938,3969047,122.20623518129612
2018-01-12,108.57379150390625,155.965576171875,157.49522399902344,155.8604278564453,156.806884765625,5263367,121.41730761308533
2018-01-16,109.04631042480469,156.6443634033203,158.02102661132812,156.16635131835938,157.83938598632812,8152733,121.94572219985662
2018-01-17,112.24082946777344,161.2332763671875,161.69215393066406,159.90440368652344,160.6214141845703,12248660,125.5181303836681
2018-01-18,112.55363464355469,161.68260192871094,163.6042022705078,160.75526428222656,162.52389526367188,14915228,125.86793821228602
2018-01-19,108.06130981445312,155.2294464111328,158.12619018554688,154.2064971923828,157.2275390625,22146435,120.84420294323353
2018-01-22,108.21440887451172,155.44932556152344,156.76864624023438,154.0248565673828,154.4072723388672,8870917,121.01541254559636
2018-01-23,110.6435775756836,158.93881225585938,158.94837951660156,155.36329650878906,155.65965270996094,7809645,123.73193482366061
2018-01-24,110.05791473388672,158.09751892089844,161.30018615722656,157.5717010498047,159.4168243408203,5904670,123.07699218570875
2018-01-25,110.12445831298828,158.193115234375,159.4455108642578,157.92543029785156,158.61376953125,3454415,123.15140740232351
2018-01-26,111.36898040771484,159.9808807373047,160.0478057861328,158.49903869628906,158.8145294189453,3962143,124.54314771012385
2018-01-29,111.00960540771484,159.46463012695312,160.98471069335938,158.70936584472656,160.08604431152344,3678782,124.14126117453314
2018-01-30,108.89324188232422,156.42446899414062,159.43594360351562,155.98471069335938,158.90057373046875,5127806,121.77454672508682
2018-01-31,108.94647216796875,156.50096130371094,157.73422241210938,155.602294921875,156.5487518310547,4260149,121.83407377923969
2018-02-01,108.08130645751953,155.2581329345703,156.91204833984375,154.78012084960938,156.0133819580078,4638173,120.86656504857031
2018-02-02,105.83844757080078,152.0363311767578,154.87571716308594,151.88336181640625,154.5889129638672,5493487,118.35839172599019
2018-02-05,101.51255798339844,145.82217407226562,151.52963256835938,143.4034423828125,150.9464569091797,9148944,113.52077981745722
2018-02-06,103.3826904296875,148.50860595703125,148.65200805664062,142.55258178710938,143.68069458007812,10321614,115.61213578249341
2018-02-07,102.39105224609375,147.08413696289062,148.50860595703125,146.53919982910156,147.3900604248047,6432063,114.50319377438502
2018-02-08,99.19194030761719,141.09942626953125,146.42446899414062,141.0133819580078,145.77438354492188,7090939,110.92564938782165
2018-02-09,100.48233032226562,142.93499755859375,143.91969299316406,138.04971313476562,142.06500244140625,8188402,112.36868346795494
2018-02-12,101.75257110595703,144.7418670654297,145.69789123535156,143.69024658203125,144.26385498046875,6151944,113.78918480478627
2018-02-13,101.31572723388672,144.12045288085938,144.53155517578125,143.0592803955078,144.26385498046875,5115986,113.30066537427395
2018-02-14,104.01077270507812,147.95411682128906,148.18356323242188,143.4034423828125,143.5850830078125,5731034,116.31451577476518
2018-02-15,104.85086059570312,149.14913940429688,149.96176147460938,146.9407196044922,148.6615753173828,5882286,117.25398015585732
2018-02-16,104.965087890625,149.31166076660156,150.85086059570312,148.8432159423828,148.86233520507812,4479913,117.38171973659067
2018-02-20,104.27958679199219,148.33651733398438,149.10133361816406,147.10325622558594,148.93881225585938,4696122,116.61512867802188
2018-02-21,103.47312927246094,147.18930053710938,149.89483642578125,147.13192749023438,148.5946502685547,3900116,115.7132729044553
2018-02-22,102.94888305664062,146.44358825683594,148.2218017578125,146.07073974609375,147.70555114746094,4209732,115.12701204748817
2018-02-23,104.52154541015625,148.68069458007812,148.9961700439453,147.29444885253906,147.51434326171875,3405881,116.88570929940697
2018-02-26,106.5781021118164,151.6061248779297,151.89292907714844,148.67112731933594,148.9579315185547,3776374,119.1855421984012
2018-02-27,105.21379089355469,149.66539001464844,152.7533416748047,149.64627075195312,151.49139404296875,4432216,117.65984255603671
2018-02-28,104.72988891601562,148.97705078125,151.1854705810547,148.94837951660156,150.5736083984375,3978461,117.11869837706303
2018-03-01,103.37229919433594,147.04588317871094,150.06692504882812,146.07073974609375,148.69024658203125,4225108,115.60051533706469
2018-03-02,103.82929229736328,147.69598388671875,147.95411682128906,145.2007598876953,146.07073974609375,3411111,116.11156751087897
2018-03-05,105.48260498046875,150.0478057861328,150.56405639648438,146.988525390625,147.34225463867188,3839448,117.96045545929339
2018-03-06,104.65592193603516,148.87188720703125,150.9464569091797,148.33651733398438,150.36329650878906,3855242,117.03598162344228
2018-03-07,106.40338134765625,151.35755920410156,151.84512329101562,147.92543029785156,148.18356323242188,4819654,118.99015319637243
2018-03-08,104.98528289794922,149.34034729003906,152.55258178710938,148.25047302246094,152.0076446533203,6752558,117.40430367128218
2018-03-09,107.06871795654297,152.30401611328125,152.5621337890625,150.38241577148438,150.54493713378906,5253221,119.73419444784277
2018-03-12,107.7071762084961,153.2122344970703,153.93881225585938,151.88336181640625,152.6195068359375,5296421,120.44817782174674
2018-03-13,107.075439453125,152.31358337402344,154.9808807373047,151.8260040283203,153.04971313476562,4378138,119.74171105020892
2018-03-14,106.26895904541016,151.16635131835938,153.61376953125,150.8030548095703,153.12619018554688,3798863,118.83982968094757
2018-03-15,107.27032470703125,152.5908203125,154.15870666503906,151.5487518310547,151.73040771484375,4048648,119.95964985933615
2018-03-16,107.7071762084961,153.2122344970703,154.85659790039062,152.6195068359375,153.02102661132812,9688784,120.44817782174674
2018-03-19,105.75144958496094,150.43020629882812,152.85850524902344,149.56979370117188,152.68641662597656,5734172,118.26110249014312
2018-03-20,104.97853088378906,149.33078002929688,150.98471069335938,148.46080017089844,150.5927276611328,4536188,117.39675294132299
2018-03-21,105.3078842163086,149.7992401123047,151.24282836914062,149.06309509277344,149.68450927734375,3642381,117.76506645726464
2018-03-22,102.21632385253906,145.4015350341797,148.4225616455078,145.31549072265625,148.18356323242188,4964630,114.307796240458
2018-03-23,100.065673828125,142.34225463867188,145.86997985839844,142.0076446533203,145.5544891357422,4645181,111.90273944023586
2018-03-26,103.07659912109375,146.625244140625,146.90248107910156,143.67112731933594,144.5602264404297,4292679,115.26983602434339
2018-03-27,102.09534454345703,145.2294464111328,148.0592803955078,144.51242065429688,147.1797332763672,4062350,114.17250592976546
2018-03-28,102.50532531738281,145.8126220703125,147.09368896484375,145.2103271484375,145.38241577148438,3833381,114.63098454650793
2018-03-29,103.11689758300781,146.68260192871094,147.12237548828125,144.43594360351562,146.3384246826172,3577320,115.31490151094728
2018-04-02,100.85868835449219,143.47036743164062,146.63479614257812,141.90248107910156,146.5965576171875,5387318,112.78956200907012
2018-04-03,100.71086883544922,143.26004028320312,144.35946655273438,141.7781982421875,144.1682586669922,4325942,112.6242564803025
2018-04-04,103.58065795898438,147.34225463867188,147.67686462402344,140.965576171875,141.38623046875,5026344,115.83352147851727
2018-04-05,103.52014923095703,147.25621032714844,148.10707092285156,146.5965576171875,147.64817810058594,3331928,115.76585499342535
2018-04-06,101.19474792480469,143.94837951660156,147.1797332763672,142.9636688232422,146.71128845214844,3841853,113.16537506358141
2018-04-09,102.61956024169922,145.9751434326172,147.85850524902344,145.06692504882812,145.12428283691406,4616207,114.75873265913955
2018-04-10,104.43416595458984,148.55641174316406,149.71319580078125,147.94454956054688,148.2122344970703,3981494,116.78799346864695
2018-04-11,104.41400909423828,148.52772521972656,148.92926025390625,147.11280822753906,147.58126831054688,3458599,116.76545219344673
2018-04-12,106.23534393310547,151.11854553222656,151.988525390625,149.78012084960938,149.85659790039062,5898812,118.80223813721854
2018-04-13,105.3213119506836,149.818359375,152.2179718017578,149.0535430908203,151.69215393066406,4243727,117.78008259820042
2018-04-16,106.11434936523438,150.9464569091797,152.14149475097656,150.73614501953125,151.0420684814453,4379393,118.66693076272946
2018-04-17,108.14405822753906,153.83364868164062,154.87571716308594,151.53919982910156,151.8355712890625,10677045,120.93673991175037
2018-04-18,99.99847412109375,142.2466583251953,145.91778564453125,141.73995971679688,145.44932556152344,21319258,111.82759048037082
2018-04-19,99.2658920288086,141.20458984375,142.64817810058594,140.17208862304688,142.62905883789062,8458061,111.00834907764589
2018-04-20,97.38407135009766,138.52772521972656,141.46270751953125,138.15487670898438,141.3957977294922,8645818,108.90392224447693
2018-04-23,98.02926635742188,139.4455108642578,139.54110717773438,137.9827880859375,138.65200805664062,5560118,109.62543928454357
2018-04-24,97.82766723632812,139.15870666503906,140.82217407226562,138.1739959716797,140.06692504882812,5142659,109.39999240494845
2018-04-25,98.08305358886719,139.52198791503906,139.96176147460938,137.7724609375,139.3785858154297,7663414,109.68558916726934
2018-04-26,98.6072769165039,140.26768493652344,140.87954711914062,139.7705535888672,140.15296936035156,4462027,110.2718244285417
2018-04-27,98.44596862792969,140.03823852539062,140.77438354492188,139.25430297851562,140.38241577148438,3352953,110.09143450365222
2018-04-30,97.42439270019531,138.5850830078125,140.89866638183594,138.5850830078125,140.4015350341797,4618613,108.94901332677561
2018-05-01,97.4512939453125,138.62332153320312,138.64244079589844,137.16061401367188,138.28871154785156,4637336,108.97909680003676
2018-05-02,95.73748779296875,136.1854705810547,138.4512481689453,135.82217407226562,138.10707092285156,5433865,107.06255943032693
2018-05-03,95.42831420898438,135.74569702148438,135.9751434326172,133.7476043701172,135.87954711914062,5249456,106.71681278528027
2018-05-04,96.7187271118164,137.58126831054688,138.0019073486328,134.11090087890625,134.89483642578125,4604701,108.15987246110834
2018-05-07,96.25498962402344,136.92160034179688,137.97323608398438,136.3671112060547,137.66729736328125,3825222,107.64127808923313
2018-05-08,96.10716247558594,136.71128845214844,137.1988525390625,135.8126220703125,136.71128845214844,5616079,107.47596402856725
2018-05-09,96.90899658203125,136.3384246826172,136.73040771484375,135.06692504882812,135.65965270996094,4389016,108.37264947178889
2018-05-10,98.01660919189453,137.89674377441406,137.9827880859375,136.72084045410156,136.8546905517578,3898024,109.61128486533194
2018-05-11,97.94867706298828,137.8011474609375,138.47991943359375,137.26577758789062,137.7724609375,3214567,109.53531684323404
2018-05-14,98.05741882324219,137.95411682128906,138.73805236816406,137.8011474609375,138.11663818359375,3364041,109.6569219891192
2018-05-15,97.6768569946289,137.41873168945312,137.65774536132812,136.63479614257812,137.18930053710938,4277512,109.23134237206332
2018-05-16,98.2816390991211,138.26959228515625,138.65200805664062,136.9694061279297,137.3804931640625,3314460,109.90766594705218
2018-05-17,98.19332122802734,138.1453094482422,138.8049774169922,137.44741821289062,138.1453094482422,3292494,109.80890069280629
2018-05-18,97.90790557861328,137.74378967285156,138.5659637451172,137.65774536132812,138.11663818359375,2805581,109.48972237893808
2018-05-21,98.86604309082031,139.09178161621094,139.61758422851562,138.31739807128906,138.57553100585938,3027856,110.56120082179132
2018-05-22,98.59420776367188,138.70936584472656,139.7705535888672,138.62332153320312,139.12045288085938,2389064,110.25720928682408
2018-05-23,98.30882263183594,138.30784606933594,138.33651733398438,137.170166015625,138.0019073486328,3618846,109.9380651005489
2018-05-24,97.90108489990234,137.73422241210938,138.12619018554688,136.66348266601562,138.04014587402344,3555040,109.48209486189457
2018-05-25,97.6089096069336,137.32313537597656,138.2122344970703,137.1510467529297,137.5717010498047,5140358,109.1553572861689
2018-05-29,95.96443939208984,135.0095672607422,136.6061248779297,134.04397583007812,136.26194763183594,4746330,107.31635780783662
2018-05-30,96.91577911376953,136.34799194335938,136.806884765625,135.5831756591797,135.65965270996094,5353951,108.38023432934112
2018-05-31,96.02555084228516,135.09559631347656,136.52963256835938,134.84703063964844,136.52963256835938,7144494,107.384698312891
2018-06-01,96.4604721069336,135.70745849609375,136.55831909179688,135.3919677734375,136.16635131835938,4034945,107.87106770504208
2018-06-04,97.20121002197266,136.74952697753906,136.87380981445312,135.92733764648438,136.0420684814453,3174924,108.69942970700585
2018-06-05,97.6496810913086,137.3804931640625,137.74378967285156,136.74952697753906,136.7590789794922,2966456,109.20095175046485
2018-06-06,98.33602905273438,138.34608459472656,138.3556365966797,137.2275390625,137.9923553466797,3368225,109.96848984974041
2018-06-07,98.7777328491211,138.96749877929688,140.24856567382812,138.55641174316406,138.62332153320312,4515059,110.4624440994437
2018-06-08,99.30776977539062,139.71319580078125,139.9904327392578,138.02102661132812,138.62332153320312,5450183,111.05518066718939
2018-06-11,99.60675811767578,140.13385009765625,140.92733764648438,139.71319580078125,140.17208862304688,3409960,111.38953722806032
2018-06-12,99.80381774902344,140.4110870361328,141.03250122070312,140.17208862304688,140.6309814453125,2761963,111.60990762819135
2018-06-13,99.45043182373047,139.91395568847656,140.98471069335938,139.7705535888672,140.33460998535156,3104737,111.21471863273395
2018-06-14,98.66898345947266,138.8145294189453,140.51625061035156,138.70936584472656,140.2007598876953,3479310,110.34083042166029
2018-06-15,98.79810333251953,138.9961700439453,139.07266235351562,137.3804931640625,138.52772521972656,9535336,110.48522426779516
2018-06-18,98.1797103881836,138.12619018554688,138.1644287109375,136.84512329101562,137.83938598632812,4483574,109.79367978631228
2018-06-19,97.78559112548828,137.5717010498047,137.87762451171875,136.66348266601562,136.8260040283203,3647402,109.35293898605022
2018-06-20,96.92256927490234,136.35755920410156,138.1644287109375,136.14723205566406,137.87762451171875,3483075,108.3878277187916
2018-06-21,95.98479461669922,135.03823852539062,136.84512329101562,134.63670349121094,136.31930541992188,4066534,107.33912091239156
2018-06-22,96.00521087646484,135.06692504882812,135.5736083984375,134.5889129638672,135.4110870361328,5869420,107.36195227213258
2018-06-25,94.3131103515625,132.68641662597656,134.22561645507812,132.1988525390625,134.22561645507812,9348207,105.46968815296954
2018-06-26,94.51020050048828,132.9636688232422,133.69981384277344,132.2466583251953,133.23135375976562,4329917,105.69009268069361
2018-06-27,93.42294311523438,131.4340362548828,133.6328887939453,131.4053497314453,132.9923553466797,4290483,104.4742203917055
2018-06-28,95.16258239746094,133.88145446777344,134.35946655273438,131.88336181640625,132.02676391601562,4731790,106.41964676892022
2018-06-29,94.93152618408203,133.55641174316406,135.14340209960938,133.47036743164062,134.14913940429688,3880765,106.16125823014718
2018-07-02,95.04023742675781,133.70936584472656,134.0535430908203,132.12237548828125,132.1988525390625,3562048,106.28282924843931
2018-07-03,94.84319305419922,133.43212890625,134.7418670654297,133.2409210205078,134.46463012695312,2053507,106.06247591210479
2018-07-05,96.10714721679688,135.2103271484375,135.2103271484375,133.7762908935547,134.30210876464844,3916956,107.47594696477073
2018-07-06,96.82061004638672,136.21414184570312,136.65391540527344,134.96176147460938,135.30592346191406,2980054,108.27380743045867
2018-07-09,98.11854553222656,138.04014587402344,138.3556365966797,136.20458984375,136.31930541992188,4084316,109.7252795579701
2018-07-10,98.33602905273438,138.34608459472656,139.1873779296875,137.91586303710938,138.15487670898438,3950742,109.96848984974041
2018-07-11,98.49230194091797,138.5659637451172,139.76100158691406,137.66729736328125,137.66729736328125,3688824,110.14324872177896
2018-07-12,99.5184326171875,140.0095672607422,140.3728485107422,139.33078002929688,139.43594360351562,3262997,111.29076344191618
2018-07-13,99.14462280273438,139.48374938964844,140.51625061035156,139.3881378173828,140.0095672607422,3203480,110.87273455481949
2018-07-16,98.84565734863281,139.06309509277344,139.3785858154297,137.86807250976562,139.26385498046875,3628365,110.53840358964334
2018-07-17,97.50696563720703,137.1797332763672,138.62332153320312,137.0363311767578,138.3843231201172,5331148,109.04135406163249
2018-07-18,98.20689392089844,138.1644287109375,138.43212890625,136.46270751953125,137.1988525390625,7254324,109.82407893980901
2018-07-19,101.41436004638672,142.67686462402344,143.91969299316406,140.77438354492188,141.34799194335938,15329967,113.41096575496597
2018-07-20,99.45043182373047,139.91395568847656,142.31358337402344,139.82791137695312,142.04588317871094,6709672,111.21471863273395
2018-07-23,99.00873565673828,139.29254150390625,140.24856567382812,138.6328887939453,139.91395568847656,4077203,110.72077291492892
2018-07-24,99.47085571289062,139.94264221191406,140.5736083984375,139.50286865234375,140.24856567382812,4070614,111.23755852437321
2018-07-25,99.63394927978516,140.17208862304688,140.2007598876953,139.10133361816406,139.5889129638672,3797921,111.4199449134553
2018-07-26,99.69509887695312,140.2581329345703,142.70555114746094,140.181640625,140.9464569091797,4997788,111.48832807800098
2018-07-27,98.63499450683594,138.7667236328125,140.66921997070312,138.29827880859375,140.43020629882812,3921768,110.30282081491656
2018-07-30,98.86604309082031,139.09178161621094,139.8087921142578,138.32696533203125,138.43212890625,3774177,110.56120082179132
2018-07-31,98.48551940917969,138.55641174316406,139.3881378173828,137.8202667236328,139.33078002929688,5726013,110.13566386422674
2018-08-01,97.5137710571289,137.18930053710938,138.8049774169922,137.0363311767578,138.3938751220703,3544266,109.04896451487949
2018-08-02,97.1468276977539,136.67303466796875,137.05545043945312,136.07073974609375,136.5774383544922,4018104,108.63861433621588
2018-08-03,100.36782836914062,141.20458984375,141.4149169921875,136.71128845214844,136.9407196044922,8424066,112.24063673888426
2018-08-06,99.23301696777344,139.6080322265625,140.72657775878906,139.1682586669922,140.48757934570312,4093730,110.97158512804796
2018-08-07,99.89897918701172,140.54493713378906,141.14723205566406,139.91395568847656,140.2007598876953,3670205,111.71632599517554
2018-08-08,99.81739044189453,140.43020629882812,140.9464569091797,139.8087921142578,140.85086059570312,3745831,111.62508587519407
2018-08-09,99.43965148925781,138.4034423828125,139.52198791503906,138.36520385742188,139.13002014160156,3235801,111.20266306049402
2018-08-10,99.24042510986328,138.12619018554688,138.69024658203125,137.55258178710938,138.1453094482422,3141243,110.97986960125743
2018-08-13,98.02468872070312,136.4340362548828,137.95411682128906,136.26194763183594,137.81069946289062,2989991,109.6203201455882
2018-08-14,98.47110748291016,137.05545043945312,137.49522399902344,136.6443634033203,136.71128845214844,2991560,110.11954710841553
2018-08-15,98.84893798828125,137.58126831054688,137.66729736328125,135.75526428222656,136.28106689453125,4436609,110.5420723058947
2018-08-16,99.83113098144531,138.94837951660156,139.27342224121094,138.02102661132812,138.02102661132812,5492232,111.64045182395849
2018-08-17,100.3257064819336,139.63670349121094,139.9521942138672,138.32696533203125,138.4225616455078,2801816,112.19353212859646
2018-08-20,100.63479614257812,140.06692504882812,140.68833923339844,139.72274780273438,139.93307495117188,2614686,112.53918492276227
2018-08-21,100.263916015625,139.55067443847656,140.6501007080078,139.47418212890625,140.53536987304688,3249817,112.12443228459703
2018-08-22,99.76243591308594,138.85276794433594,139.73231506347656,138.8049774169922,139.5889129638672,2498894,111.56363061203469
2018-08-23,99.85171508789062,138.97705078125,139.12045288085938,138.3843231201172,138.6615753173828,2322538,111.6634708854612
2018-08-24,100.31196594238281,139.61758422851562,139.66539001464844,138.49903869628906,139.06309509277344,2904324,112.17816617983205
2018-08-27,100.75843811035156,140.23899841308594,141.12811279296875,140.07647705078125,140.47801208496094,3652214,112.6774528659472
2018-08-28,100.68975830078125,140.14340209960938,140.52581787109375,139.76100158691406,140.48757934570312,2568244,112.60064871781992
2018-08-29,101.34227752685547,141.05162048339844,141.42446899414062,140.15296936035156,140.4110870361328,3298875,113.33035638021518
2018-08-30,100.23636627197266,139.51242065429688,140.82217407226562,138.86233520507812,140.56405639648438,3494058,112.09362359998389
2018-08-31,100.6141357421875,140.03823852539062,140.32504272460938,139.1395721435547,139.31166076660156,3648971,112.51608054227697
2018-09-04,100.06468963623047,139.27342224121094,139.76100158691406,138.44168090820312,139.5602264404297,3479205,111.90163882536045
2018-09-05,100.73782348632812,140.2103271484375,140.29637145996094,138.67112731933594,138.8049774169922,3270319,112.65439967685145
2018-09-06,100.55236053466797,139.9521942138672,141.16635131835938,139.1395721435547,140.420654296875,4444245,112.44699776207406
2018-09-07,99.90673065185547,139.0535430908203,140.05735778808594,138.73805236816406,139.52198791503906,4908983,111.72499440380665
2018-09-10,100.04407501220703,139.24473571777344,140.82217407226562,139.15870666503906,140.15296936035156,3784742,111.8785856362647
2018-09-11,100.62104797363281,140.0478057861328,140.52581787109375,138.86233520507812,139.579345703125,3529936,112.5238104420996
2018-09-12,100.6760025024414,140.12428283691406,141.47227478027344,139.6080322265625,139.93307495117188,4714008,112.58526570525899
2018-09-13,102.31075286865234,142.3996124267578,142.44741821289062,140.6501007080078,140.86997985839844,5592439,114.41339554520933
2018-09-14,101.88491821289062,141.806884765625,142.73422241210938,141.28106689453125,142.30401611328125,3610897,113.9371876438847
2018-09-17,101.61705017089844,141.4340362548828,142.51434326171875,141.27151489257812,141.91204833984375,3715287,113.63763269601212
2018-09-18,102.04290771484375,142.02676391601562,142.4378662109375,140.98471069335938,141.26194763183594,3796352,114.11386619303153
2018-09-19,102.38634490966797,142.50477600097656,143.36520385742188,141.71128845214844,142.09368896484375,4441525,114.49792959315924
2018-09-20,103.82191467285156,144.50286865234375,144.72274780273438,142.86807250976562,143.0019073486328,6226001,116.10331716526254
2018-09-21,103.95929718017578,144.69407653808594,145.88909912109375,144.11090087890625,144.818359375,20865085,116.2569510572119
2018-09-24,103.05260467529297,143.43212890625,144.55067443847656,142.88719177246094,144.45506286621094,4461190,115.24300320431891
2018-09-25,102.2833023071289,142.3613739013672,143.79541015625,141.8355712890625,143.31739807128906,4599785,114.38269777527354
2018-09-26,104.13786315917969,144.94264221191406,146.6061248779297,144.68450927734375,145.69789123535156,7742387,116.45664013596317
2018-09-27,104.06232452392578,144.8374786376953,145.68833923339844,144.51242065429688,145.32504272460938,3637570,116.37216581130107
2018-09-28,103.86310577392578,144.5602264404297,144.96176147460938,144.15870666503906,144.51242065429688,3457867,116.14938088396275
2018-10-01,105.09263610839844,146.27151489257812,146.67303466796875,145.03823852539062,145.03823852539062,3930240,117.5243560116842
2018-10-02,105.6077880859375,146.988525390625,147.07456970214844,145.7935028076172,146.26194763183594,3169275,118.10044684592664
2018-10-03,105.24374389648438,146.48184204101562,147.5717010498047,146.08030700683594,147.2275390625,3467804,117.69333878860144
2018-10-04,103.93181610107422,144.6558380126953,146.08030700683594,143.7476043701172,145.0191192626953,4432843,116.22621915968307
2018-10-05,102.36572265625,142.47610473632812,145.11471557617188,141.3671112060547,144.26385498046875,4813901,114.47486787216523
2018-10-08,101.92611694335938,141.86424255371094,142.51434326171875,140.70745849609375,141.9694061279297,3388308,113.98325989448315
2018-10-09,101.13624572753906,140.7648162841797,141.8355712890625,140.46844482421875,141.56787109375,3809950,113.0999524677316
2018-10-10,98.01091766357422,136.4149169921875,141.1950225830078,136.2332763671875,141.0133819580078,5802894,109.60492006923074
2018-10-11,95.49006652832031,132.90631103515625,137.8489532470703,132.67686462402344,136.34799194335938,9111183,106.78586996978841
2018-10-12,96.7470474243164,134.6558380126953,135.31549072265625,132.9636688232422,134.91395568847656,6865316,108.19154286744565
2018-10-15,96.93937683105469,134.92352294921875,136.0038299560547,133.97705078125,134.2064971923828,5193913,108.40662349065613
2018-10-16,99.6800308227539,138.73805236816406,139.0535430908203,135.35372924804688,136.6443634033203,9095493,111.4714775789395
2018-10-17,92.07624053955078,128.15487670898438,131.11854553222656,127.55258178710938,129.91395568847656,20359344,102.96821237052272
2018-10-18,89.67218017578125,124.80879211425781,127.53346252441406,124.32122039794922,126.8929214477539,10472238,100.27976856962876
2018-10-19,88.67621612548828,123.42256164550781,126.0898666381836,122.33269500732422,124.9043960571289,8150014,99.16598897520753
2018-10-22,89.30812072753906,124.3021011352539,124.7036361694336,122.75334930419922,123.88145446777344,5982597,99.87264344850705
2018-10-23,90.12554931640625,125.43977355957031,126.09942626953125,122.76290893554688,123.34607696533203,6760926,100.78676809177003
2018-10-24,87.37799835205078,121.61567687988281,125.8986587524414,121.4149169921875,125.40152740478516,5972974,97.71420116746053
2018-10-25,86.8559799194336,120.88909912109375,122.17017364501953,119.63671112060547,121.65392303466797,10778298,97.13043162478502
2018-10-26,85.71576690673828,119.3021011352539,120.24856567382812,118.26959991455078,119.7036361694336,9170282,95.85533942998137
2018-10-29,82.17831420898438,114.37858581542969,118.4990463256836,113.0975112915039,114.09178161621094,21391118,91.89943095132728
2018-10-30,79.26596069335938,110.3250503540039,116.15679168701172,110.08604431152344,115.181640625,22445696,88.64256649272569
2018-10-31,79.28656768798828,110.35372924804688,111.37667083740234,109.0726547241211,111.36711120605469,22640670,88.66561114992318
2018-11-01,80.24817657470703,111.6921615600586,111.85468292236328,110.04779815673828,110.42064666748047,14253528,89.74097160648425
2018-11-02,79.451416015625,110.58317565917969,112.57170104980469,109.50286865234375,112.34225463867188,11079964,88.84995987560482
2018-11-05,82.46682739257812,114.78011322021484,115.45889282226562,110.8986587524414,110.9942626953125,9565252,92.22207321588863
2018-11-06,84.56867980957031,117.7055435180664,118.36520385742188,115.01911926269531,115.3919677734375,10038880,94.57255999484639
2018-11-07,85.75009155273438,119.34990692138672,119.56022644042969,116.95028686523438,118.34607696533203,12952304,95.89372444024849
2018-11-08,85.82662200927734,117.95410919189453,118.92925262451172,117.23709106445312,117.26577758789062,10874634,95.97930791168426
2018-11-09,85.93791961669922,118.1070785522461,119.09178161621094,116.5965576171875,118.17399597167969,7282043,96.10377124348618
2018-11-12,84.10145568847656,115.58317565917969,118.13575744628906,115.34416961669922,118.06883239746094,5626539,94.05006654546682
2018-11-13,84.05973815917969,115.52581024169922,116.8738021850586,114.62715148925781,115.86042022705078,4272282,94.00341412578676
2018-11-14,83.61451721191406,114.91395568847656,116.56787872314453,114.50286865234375,115.783935546875,4981366,93.50552667098607
2018-11-15,84.47709655761719,116.09942626953125,116.09942626953125,114.25430297851562,114.397705078125,5447463,94.47014308814566
2018-11-16,84.56754302978516,116.22370910644531,116.49139404296875,115.23900604248047,115.57361602783203,4263810,94.5712887420058
2018-11-19,83.69104766845703,115.01911926269531,116.806884765625,114.50286865234375,116.28107452392578,4321235,93.59111014242184
2018-11-20,81.52764129638672,112.04589080810547,114.23518371582031,111.56787872314453,113.27915954589844,6520555,91.17178800831068
2018-11-21,82.48066711425781,113.35564422607422,114.25430297851562,112.22753143310547,112.43785858154297,5581247,92.23755007933042
2018-11-23,81.52066040039062,112.03633117675781,113.13575744628906,111.76863861083984,112.8967514038086,2442096,91.16398132140372
2018-11-26,83.16931915283203,114.3021011352539,114.96176147460938,112.86807250976562,113.16443634033203,5241611,93.00766481188018
2018-11-27,83.49625396728516,114.75143432617188,114.76099395751953,113.16443634033203,113.17399597167969,5129375,93.37327371607373
2018-11-28,85.56227111816406,117.5908203125,117.67686462402344,114.93307495117188,115.68833923339844,5339307,95.68368616890908
2018-11-29,84.50492858886719,116.13766479492188,117.7055435180664,116.06118774414062,117.05545043945312,5439305,94.5012674529944
2018-11-30,86.44573211669922,118.80496978759766,119.20649719238281,116.13766479492188,116.30975341796875,7585174,96.67165439160348
2018-12-03,87.16919708251953,119.79923248291016,121.02294158935547,118.8910140991211,120.14340209960938,6115334,97.48070017590894
2018-12-04,84.58838653564453,116.25238800048828,119.42638397216797,115.9942626953125,119.01529693603516,6276732,94.59459788804932
2018-12-06,86.1952896118164,118.46080017089844,118.46080017089844,114.05353546142578,114.45507049560547,7257148,96.3915862993544
2018-12-07,83.01629638671875,114.09178161621094,118.59464263916016,113.64244842529297,118.45124053955078,7342502,92.83654052849994
2018-12-10,84.26145935058594,115.80306243896484,116.32887268066406,113.3078384399414,114.47418975830078,6850777,94.22899751575403
2018-12-11,84.0945053100586,115.57361602783203,118.36520385742188,114.7227554321289,117.82982635498047,5275083,94.0422939861529
2018-12-12,84.2823257446289,115.83174133300781,117.4760971069336,115.67877960205078,117.12236785888672,3724283,94.25233225749233
2018-12-13,83.98319244384766,115.42064666748047,116.43403625488281,114.8852767944336,115.9273452758789,4177306,93.91781359055447
2018-12-14,83.40583801269531,114.62715148925781,115.783935546875,114.1873779296875,114.24474334716797,4763693,93.27216218980662
2018-12-17,80.76244354248047,110.9942626953125,114.5124282836914,110.00955963134766,113.83364868164062,7713727,90.31607274052864
2018-12-18,81.14503479003906,111.52007293701172,113.03059387207031,110.91778564453125,111.75907897949219,6579549,90.7439218425214
2018-12-19,80.99198150634766,111.30975341796875,114.98088073730469,110.86997985839844,111.99808502197266,7300871,90.57276343154813
2018-12-20,78.61991119384766,108.04971313476562,111.32887268066406,106.78776550292969,110.61185455322266,8843302,87.92009388005404
2018-12-21,77.17300415039062,106.06118774414062,110.2103271484375,105.58317565917969,107.55258178710938,10864279,86.3020279071379
2018-12-24,74.82874298095703,102.83938598632812,106.11854553222656,102.77246856689453,105.06692504882812,3997184,83.68045712479777
2018-12-26,77.48602294921875,106.49139404296875,106.49139404296875,101.28107452392578,103.25048065185547,6951507,86.65207462890709
2018-12-27,79.14860534667969,108.77629089355469,108.77629089355469,104.65583038330078,105.15296173095703,6323698,88.51132883370616
2018-12-28,78.62689208984375,108.05927276611328,109.75143432617188,107.55258178710938,109.19693756103516,5352905,87.927900566961
2018-12-31,79.07207489013672,108.67112731933594,109.32122039794922,107.4760971069336,108.34607696533203,5212009,88.42574536227039
2019-01-02,80.14334106445312,110.14340209960938,110.8795394897461,106.77820587158203,107.0841293334961,4434935,89.62373479250769
2019-01-03,78.54338836669922,107.94454956054688,109.82791900634766,107.73422241210938,109.4933090209961,4546648,87.83451894051653
2019-01-04,81.61111450195312,112.16061401367188,112.32313537597656,109.40726470947266,109.85659790039062,4683779,91.26513550716213
2019-01-07,82.1884994506836,112.95410919189453,113.60420989990234,111.53919982910156,112.33269500732422,3923755,91.910821035503
2019-01-08,83.35712432861328,114.56022644042969,115.26768493652344,113.74761199951172,114.397705078125,4982726,93.21768601942307
2019-01-09,83.95539093017578,115.38240814208984,116.06118774414062,114.59847259521484,115.59273529052734,3800850,93.88672335329878
2019-01-10,84.72058868408203,116.43403625488281,116.5009536743164,114.6749496459961,114.79923248291016,4089860,94.74243862108082
2019-01-11,84.49101257324219,116.11854553222656,116.2715072631836,114.91395568847656,116.23326873779297,3893630,94.48570527057004
2019-01-14,83.74668884277344,115.0956039428711,115.34416961669922,114.4933090209961,115.2103271484375,5469220,93.65333327642455
2019-01-15,84.67882537841797,116.37667083740234,116.56787872314453,115.5066909790039,115.64053344726562,3668845,94.69573501001119
2019-01-16,84.60231018066406,116.2715072631836,116.63479614257812,115.51625061035156,116.23326873779297,4017791,94.61016860237194
2019-01-17,84.99883270263672,116.81644439697266,117.02677154541016,115.24856567382812,115.25812530517578,5261275,95.0535969505856
2019-01-18,86.13272094726562,118.37476348876953,119.23518371582031,117.3135757446289,117.84894561767578,6284891,96.32161620173255
2019-01-22,85.22837829589844,117.13192749023438,118.35564422607422,116.19503021240234,117.87763214111328,10514810,95.31029617350335
2019-01-23,92.44205474853516,127.04589080810547,129.06309509277344,124.57935333251953,125.59273529052734,23078630,103.377299828244
2019-01-24,92.19159698486328,126.70172119140625,127.35181427001953,125.65009307861328,126.79732513427734,6613753,103.0972146721984
2019-01-25,93.19332885742188,128.07839965820312,128.52772521972656,126.60611724853516,127.02677154541016,5969940,104.21744438170343
2019-01-28,93.40201568603516,128.36520385742188,128.88145446777344,126.74951934814453,127.24665069580078,5604154,104.45081739478114
2019-01-29,93.44374084472656,128.4225616455078,129.45506286621094,127.72466278076172,128.3843231201172,5268807,104.49747834635947
2019-01-30,93.47855377197266,128.47036743164062,129.09178161621094,127.39006042480469,128.10707092285156,4707941,104.53640939811517
2019-01-31,93.5063705444336,128.50860595703125,128.79541015625,127.85850524902344,128.53729248046875,5108664,104.56751669916738
2019-02-01,93.28375244140625,128.2026824951172,129.25430297851562,127.48565673828125,129.034423828125,3981076,104.31856443986878
2019-02-04,94.04199981689453,129.24473571777344,129.25430297851562,127.14149475097656,128.12619018554688,4149064,105.1665071483369
2019-02-05,94.29242706298828,129.5889129638672,129.84703063964844,128.9866180419922,129.33078002929688,5647249,105.44655817678947
2019-02-06,94.82803344726562,130.32504272460938,130.64053344726562,129.22561645507812,129.27342224121094,5104166,106.0455230302642
2019-02-07,93.73023223876953,127.33269500732422,128.55641174316406,126.30975341796875,127.67686462402344,4580852,104.8178596578822
2019-02-08,94.0961685180664,127.82982635498047,127.82982635498047,126.37667083740234,126.52007293701172,3399291,105.22708362597562
2019-02-11,94.29322052001953,128.09751892089844,129.2064971923828,128.02102661132812,128.3843231201172,3237475,105.4474454942084
2019-02-12,95.74290466308594,130.06692504882812,130.2103271484375,128.92926025390625,129.2064971923828,3469791,107.0686170780908
2019-02-13,96.77739715576172,131.47227478027344,131.8546905517578,130.4110870361328,130.89866638183594,4448638,108.22548275871985
2019-02-14,96.04550170898438,130.47801208496094,131.5487518310547,130.21987915039062,131.13766479492188,2917712,107.40700922683823
2019-02-15,97.13631439208984,131.95985412597656,132.11280822753906,131.34799194335938,131.52963256835938,4020929,108.62685738041502
2019-02-19,97.60778045654297,132.6003875732422,132.6003875732422,131.31930541992188,131.74952697753906,3541442,109.15409456522657
2019-02-20,97.11518859863281,131.93116760253906,133.11663818359375,131.1854705810547,132.65774536132812,3976892,108.60323255413591
2019-02-21,97.00259399414062,131.7781982421875,132.26577758789062,131.30975341796875,131.7590789794922,3072416,108.47731879962998
2019-02-22,97.99484252929688,133.12619018554688,133.25047302246094,132.34225463867188,132.62905883789062,3256930,109.58694335959909
2019-02-25,98.14264678955078,133.32696533203125,134.29254150390625,133.193115234375,133.8432159423828,3341133,109.75223182457019
2019-02-26,98.32560729980469,133.57553100585938,134.31166076660156,133.33651733398438,133.52772521972656,3201178,109.95683527671865
2019-02-27,97.93855285644531,133.04971313476562,133.43212890625,132.31358337402344,133.12619018554688,2647321,109.52399501424438
2019-02-28,97.20668029785156,132.05545043945312,132.94454956054688,131.66348266601562,132.66729736328125,3616859,108.70554707805753
2019-03-01,97.95967864990234,133.07839965820312,133.88145446777344,132.5430145263672,133.18356323242188,3169380,109.54761984052348
2019-03-04,97.41778564453125,132.34225463867188,133.91969299316406,131.13766479492188,133.83364868164062,3563617,108.94162470288335
2019-03-05,97.03075408935547,131.81643676757812,132.6386260986328,131.51051330566406,132.28489685058594,4445814,108.50881003610385
2019-03-06,96.39739227294922,130.95602416992188,132.30401611328125,130.70745849609375,132.04588317871094,2895642,107.80052597023688
2019-03-07,95.25733947753906,129.4072723388672,130.86997985839844,128.70936584472656,130.602294921875,4559305,106.52561294529667
2019-03-08,95.06732177734375,129.14913940429688,129.29254150390625,127.7055435180664,128.30784606933594,3947186,106.31311748725867
2019-03-11,96.91110229492188,131.65391540527344,131.67303466796875,129.86614990234375,130.0478057861328,4120508,108.37500427570836
2019-03-12,97.3122329711914,132.1988525390625,133.55641174316406,131.7973175048828,132.4282989501953,4136616,108.82358589047044
2019-03-13,97.50926971435547,132.46653747558594,133.193115234375,131.7877655029297,131.97897338867188,3319167,109.04393069490669
2019-03-14,97.67113494873047,132.68641662597656,132.829833984375,131.988525390625,132.41873168945312,2864576,109.22494344836909
2019-03-15,98.12152099609375,133.29827880859375,134.15870666503906,133.10707092285156,133.2409210205078,7482770,109.7286069982911
2019-03-18,98.67044067382812,134.04397583007812,134.1969451904297,132.6195068359375,133.68069458007812,3418851,110.34246001422774
2019-03-19,98.86750793457031,134.31166076660156,135.46844482421875,133.8432159423828,134.76100158691406,3642486,110.56283894625705
2019-03-20,98.24118041992188,133.46080017089844,134.51242065429688,132.86807250976562,134.3498992919922,3817377,109.86242129058483
2019-03-21,99.53601837158203,135.21987915039062,135.86997985839844,132.7724609375,132.9827880859375,3771248,111.31042946740311
2019-03-22,98.13558197021484,133.31739807128906,135.21987915039062,132.7915802001953,134.7705535888672,4055551,109.74433128678238
2019-03-25,97.94561767578125,133.0592803955078,133.75717163085938,132.26577758789062,132.94454956054688,2970431,109.5318955520322
2019-03-26,98.6774673461914,134.0535430908203,134.818359375,133.28871154785156,133.7762908935547,2671170,110.35031789252426
2019-03-27,97.98783111572266,133.11663818359375,134.31166076660156,132.31358337402344,134.2351837158203,3240717,109.57910254509909
2019-03-28,98.46634674072266,133.7667236328125,134.26385498046875,132.9827880859375,133.75717163085938,2786439,110.11422320390193
2019-03-29,99.2967529296875,134.89483642578125,135.0095672607422,133.9866180419922,134.32122802734375,3244064,111.04286060610343
2019-04-01,100.84497833251953,136.9980926513672,137.10325622558594,135.28680419921875,135.28680419921875,4167578,112.77423018789874
2019-04-02,100.63388061523438,136.71128845214844,137.6195068359375,136.32887268066406,137.04588317871094,2515421,112.5381610949712
2019-04-03,101.07721710205078,137.31358337402344,137.87762451171875,136.72084045410156,137.33270263671875,2804535,113.03394117090191
2019-04-04,100.4790267944336,136.50096130371094,137.8011474609375,136.27151489257812,137.30401611328125,2898571,112.3649891560088
2019-04-05,100.8309097290039,136.97897338867188,137.18930053710938,136.1950225830078,136.988525390625,2857463,112.7584973675092
2019-04-08,100.90831756591797,137.08413696289062,137.11280822753906,136.58700561523438,136.73040771484375,2215637,112.84506200724475
2019-04-09,100.00753784179688,135.8604278564453,136.66348266601562,135.602294921875,136.38623046875,3178271,111.83772637550247
2019-04-10,100.64791870117188,136.73040771484375,137.18930053710938,135.73614501953125,135.9464569091797,2801188,112.5538597877677
2019-04-11,101.1827621459961,137.4569854736328,137.7724609375,136.73995971679688,137.47610473632812,3077332,113.15197145141656
2019-04-12,101.58390808105469,138.0019073486328,138.08795166015625,137.3804931640625,137.91586303710938,3032249,113.60057012997514
2019-04-15,101.2672119140625,137.5717010498047,138.10707092285156,136.9694061279297,138.04971313476562,3768947,113.24641103324514
2019-04-16,102.13986206054688,138.75717163085938,138.9961700439453,137.68641662597656,138.04971313476562,6591578,114.22228955610657
2019-04-17,97.89633178710938,132.9923553466797,135.73614501953125,130.26768493652344,131.32887268066406,13101882,109.47677948927922
2019-04-18,98.75489807128906,134.15870666503906,134.31166076660156,132.6003875732422,132.88719177246094,5188160,110.43690812795458
2019-04-22,97.74149322509766,132.7820281982422,134.3785858154297,132.3900604248047,133.28871154785156,4700724,109.30362461411335
2019-04-23,98.8322982788086,134.26385498046875,134.72274780273438,132.829833984375,133.0305938720703,4667461,110.52346423579188
2019-04-24,98.4874496459961,133.79541015625,135.09559631347656,133.6328887939453,134.4168243408203,2902545,110.13782243448625
2019-04-25,97.55852508544922,132.53346252441406,133.6042022705078,131.65391540527344,133.55641174316406,3043965,109.09901263006664
2019-04-26,98.1285629272461,133.30784606933594,133.73805236816406,132.70555114746094,133.2122344970703,2426511,109.73648194038412
2019-04-29,97.85411834716797,132.93499755859375,133.48948669433594,132.70555114746094,133.0305938720703,3094382,109.42957249621232
2019-04-30,98.71265411376953,134.10133361816406,134.26385498046875,132.58126831054688,132.9923553466797,4852185,110.38966700729465
2019-05-01,98.91675567626953,134.3785858154297,135.5736083984375,134.0057373046875,134.3690185546875,3194170,110.61791234951872
2019-05-02,98.23412322998047,133.4512481689453,135.06692504882812,133.27915954589844,134.32122802734375,3704304,109.85452928469529
2019-05-03,98.69859313964844,134.08221435546875,134.7992401123047,133.48948669433594,133.55641174316406,2698575,110.37394271880336
2019-05-06,98.79007720947266,134.2064971923828,134.50286865234375,131.8355712890625,132.2179718017578,2921792,110.47624871082671
2019-05-07,96.8618392944336,131.58700561523438,133.374755859375,130.2007598876953,133.0305938720703,4944233,108.31991380865017
2019-05-08,97.11518859863281,131.93116760253906,132.6003875732422,131.09942626953125,131.71128845214844,3994569,108.60323255413591
2019-05-09,96.3746109008789,129.3881378173828,129.61758422851562,127.17973327636719,128.9579315185547,4385564,107.77504972203558
2019-05-10,96.3603744506836,129.3690185546875,129.78012084960938,126.5965576171875,128.94837951660156,4160570,107.75912919988434
2019-05-13,93.58320617675781,125.64053344726562,127.69598388671875,125.20076751708984,127.41873931884766,5186068,104.6534414465335
2019-05-14,94.9290542602539,127.44741821289062,128.41299438476562,125.88909912109375,126.02294158935547,3431298,106.15849389511128
2019-05-15,95.70524597167969,128.48948669433594,128.67112731933594,126.54875946044922,126.75907897949219,2668346,107.0265036282845
2019-05-16,96.75914001464844,129.90440368652344,130.12428283691406,128.71893310546875,128.8145294189453,3156096,108.20506592618612
2019-05-17,95.64826202392578,128.41299438476562,129.45506286621094,128.04971313476562,128.75717163085938,2739579,106.96277888018822
2019-05-20,96.21795654296875,129.17782592773438,129.47418212890625,127.0841293334961,127.65774536132812,3414667,107.59986425508407
2019-05-21,97.16500854492188,130.44932556152344,131.03250122070312,129.818359375,130.13385009765625,2618661,108.65894584976702
2019-05-22,97.09380340576172,130.35372924804688,130.73614501953125,129.7418670654297,130.0191192626953,1934891,108.57931764331602
2019-05-23,94.27396392822266,126.56787872314453,129.1873779296875,124.7036361694336,129.1873779296875,5589196,105.42591098300275
2019-05-24,94.19561004638672,126.46271514892578,128.34608459472656,125.80306243896484,127.65774536132812,2715521,105.33828838788308
2019-05-28,92.89961242675781,124.7227554321289,126.806884765625,124.54110717773438,126.3193130493164,5134605,103.88898336252944
2019-05-29,92.35128021240234,123.98661804199219,124.55066680908203,122.67686462402344,124.2829818725586,3848234,103.27578730275873
2019-05-30,92.26585388183594,123.87189483642578,124.25430297851562,123.26004028320312,124.03441619873047,2868027,103.18025563795301
2019-05-31,90.42863464355469,121.40535736083984,122.79158782958984,121.2715072631836,122.79158782958984,3702108,101.12570628200602
2019-06-03,91.34009552001953,122.62906646728516,122.90631103515625,121.47227478027344,121.51051330566406,4463177,102.14498657131085
2019-06-04,94.487548828125,126.85468292236328,126.9024887084961,123.41300201416016,123.86233520507812,4093521,105.66476147476271
2019-06-05,93.633056640625,125.70745849609375,127.73422241210938,124.73231506347656,127.51434326171875,3306720,104.70918886975764
2019-06-06,94.15290069580078,126.40535736083984,126.81644439697266,125.14340209960938,126.37667083740234,2403917,105.29052682142935
2019-06-07,94.9290542602539,127.44741821289062,128.79541015625,126.39579010009766,126.64435577392578,2670856,106.15849389511128
2019-06-10,95.94735717773438,128.8145294189453,129.397705078125,128.02102661132812,128.47036743164062,3045220,107.29725488763478
2019-06-11,96.8089828491211,129.9713134765625,130.45889282226562,129.11090087890625,129.3690185546875,3564036,108.260804817512
2019-06-12,96.0399169921875,128.93881225585938,129.96176147460938,128.49903869628906,129.5984649658203,2358416,107.40076387731266
2019-06-13,96.6737060546875,129.7896728515625,130.27725219726562,129.14913940429688,129.1873779296875,3091244,108.10952572948213
2019-06-14,96.23931121826172,129.2064971923828,129.90440368652344,128.51815795898438,129.48374938964844,2294192,107.62374503831094
2019-06-17,96.09689331054688,129.01528930664062,130.0478057861328,128.7762908935547,129.43594360351562,2295029,107.46448009351067
2019-06-18,97.11518859863281,130.38241577148438,131.1567840576172,129.25430297851562,129.25430297851562,3048776,108.60323255413591
2019-06-19,97.61363983154297,131.05162048339844,132.27532958984375,130.24856567382812,130.43020629882812,2491990,109.16064706308946
2019-06-20,98.87406158447266,132.74378967285156,133.4034423828125,132.12237548828125,132.8202667236328,3212266,110.5701678468615
2019-06-21,99.12330627441406,133.07839965820312,133.4034423828125,132.30401611328125,132.35182189941406,5531980,110.84889643108392
2019-06-24,99.23008728027344,133.2218017578125,133.9866180419922,132.93499755859375,133.07839965820312,2286556,110.96830887911652
2019-06-25,98.52511596679688,132.27532958984375,133.41299438476562,132.05545043945312,133.32696533203125,2930055,110.1799444161908
2019-06-26,98.63906860351562,132.4282989501953,133.53729248046875,132.32313537597656,132.76290893554688,2389692,110.30737684858684
2019-06-27,98.63906860351562,132.4282989501953,133.1739959716797,131.88336181640625,132.6195068359375,2248691,110.30737684858684
2019-06-28,98.19756317138672,131.8355712890625,133.02102661132812,131.7781982421875,132.47610473632812,6436979,109.81364442823829
2019-07-01,99.60749053955078,133.72848510742188,135.26768493652344,133.15487670898438,133.46080017089844,3533074,111.39035629029318
2019-07-02,99.84961700439453,134.0535430908203,134.25430297851562,133.33651733398438,133.6042022705078,2520546,111.66112461343998
2019-07-03,100.78959655761719,135.31549072265625,135.5831756591797,134.25430297851562,134.53155517578125,2019198,112.71229713843685
2019-07-05,100.67562866210938,135.1625213623047,135.26768493652344,133.75717163085938,134.67495727539062,2232896,112.5848476422443
2019-07-08,100.09886932373047,134.3881378173828,135.07647705078125,134.10133361816406,134.84703063964844,2505484,111.93986172956065
2019-07-09,99.21588134765625,133.2026824951172,134.7896728515625,133.011474609375,134.4263916015625,3519999,110.95242248455831
2019-07-10,100.02762603759766,134.29254150390625,135.66921997070312,133.64244079589844,133.8432159423828,2629539,111.86019086361836
2019-07-11,100.5759506225586,135.0286865234375,135.35372924804688,134.13002014160156,134.5984649658203,2231013,112.47337839149081
2019-07-12,101.64409637451172,136.46270751953125,136.63479614257812,135.43020629882812,135.67877197265625,2914365,113.66787827534019
2019-07-15,102.05712127685547,137.0172119140625,137.1988525390625,135.86997985839844,136.6061248779297,2477242,114.129761119488
2019-07-16,102.20665740966797,137.2179718017578,137.70555114746094,136.73040771484375,136.87380981445312,3634536,114.29698632536389
2019-07-17,101.87909698486328,136.7781982421875,137.47610473632812,135.70745849609375,137.29444885253906,6343258,113.9306778055131
2019-07-18,106.55043029785156,143.04971313476562,143.69981384277344,135.9464569091797,136.2332763671875,13276460,119.1545970034159
2019-07-19,106.58606719970703,143.09751892089844,144.91395568847656,142.97323608398438,143.36520385742188,7626072,119.19444950018357
2019-07-22,106.62876892089844,143.15487670898438,145.2581329345703,143.11663818359375,143.55641174316406,4280860,119.24220253473904
2019-07-23,107.08448028564453,143.7667236328125,144.09178161621094,141.8546905517578,143.94837951660156,3914341,119.75182134964581
2019-07-24,106.83525848388672,143.43212890625,144.7896728515625,142.6386260986328,143.51815795898438,3088210,119.47311836111817
2019-07-25,107.09161376953125,143.7762908935547,143.9961700439453,142.07456970214844,143.23135375976562,3244797,119.75979867451795
2019-07-26,107.78233337402344,144.70362854003906,144.75143432617188,143.49903869628906,144.35946655273438,3037898,120.5322255514959
2019-07-29,107.44054412841797,144.24473571777344,144.818359375,143.70936584472656,144.46463012695312,2170973,120.15000504139212
2019-07-30,106.65013885498047,143.18356323242188,143.78585815429688,142.65774536132812,143.4034423828125,2753804,119.26610038176243
2019-07-31,105.56063079833984,141.72084045410156,143.57553100585938,139.9521942138672,143.11663818359375,3894153,118.04771118278792
2019-08-01,107.0417709350586,143.70936584472656,146.09942626953125,141.9694061279297,142.35182189941406,6635824,119.70405978319208
2019-08-02,104.85565185546875,140.77438354492188,146.2237091064453,139.1873779296875,142.47610473632812,8474378,117.25933818796395
2019-08-05,100.23416137695312,134.56979370117188,138.71893310546875,133.0305938720703,138.6042022705078,7442185,112.09115788138703
2019-08-06,100.2127914428711,134.54110717773438,136.20458984375,133.18356323242188,135.783935546875,5303952,112.06726003436366
2019-08-07,99.0592041015625,132.9923553466797,133.44168090820312,130.4110870361328,132.6386260986328,6204767,110.77721142191201
2019-08-08,100.93966674804688,133.93881225585938,134.24473571777344,131.70172119140625,132.3613739013672,5503111,112.88011957719087
2019-08-09,98.079345703125,130.14340209960938,133.18356323242188,129.397705078125,133.1453094482422,5485852,109.68144266471549
2019-08-12,96.30693817138672,127.79158782958984,129.89483642578125,127.32313537597656,129.69407653808594,4271759,107.69937178447849
2019-08-13,97.8343734741211,129.818359375,130.56405639648438,126.96940612792969,127.9158706665039,4730117,109.4074919435181
2019-08-14,94.56336975097656,125.47801208496094,128.26004028320312,125.21988677978516,128.02102661132812,5349453,105.7495514796604
2019-08-15,95.04609680175781,126.11854553222656,126.54875946044922,124.52198791503906,125.44933319091797,3910889,106.2893817463022
2019-08-16,96.37179565429688,127.87763214111328,128.67112731933594,127.1032485961914,127.18929290771484,3150552,107.77190145157802
2019-08-19,97.29402160644531,129.10133361816406,130.33460998535156,128.94837951660156,128.94837951660156,3310695,108.80322024932627
2019-08-20,95.82423400878906,127.15105438232422,129.33078002929688,126.96940612792969,129.29254150390625,3157456,107.15956711353147
2019-08-21,96.7248306274414,128.34608459472656,129.96176147460938,127.9158706665039,129.0248565673828,2934762,108.16669797971552
2019-08-22,96.77527618408203,128.41299438476562,129.71319580078125,127.92543029785156,128.7667236328125,2818865,108.22311089100386
2019-08-23,93.35298156738281,123.87189483642578,128.3556365966797,123.16443634033203,127.75334930419922,5040046,104.39598288467072
2019-08-26,93.65557861328125,124.27342224121094,125.52581024169922,123.47992706298828,125.28680419921875,2964259,104.73437503341813
2019-08-27,94.50574493408203,125.40152740478516,125.90821838378906,124.57935333251953,125.43020629882812,4945488,105.68511005211037
2019-08-28,95.65130615234375,126.9216079711914,127.04589080810547,124.32122039794922,124.7036361694336,2838426,106.96618310759357
2019-08-29,97.17874145507812,128.94837951660156,129.72274780273438,128.1453094482422,128.27915954589844,3108503,108.67430326663317
2019-08-30,97.64705657958984,129.56979370117188,130.08604431152344,128.4512481689453,129.61758422851562,3096788,109.19801677746376
2019-09-03,96.61675262451172,128.2026824951172,128.96749877929688,127.46653747558594,128.91969299316406,2957983,108.04583510897889
2019-09-04,98.21623229980469,130.32504272460938,130.43020629882812,129.2064971923828,129.7418670654297,2351303,109.834521983278
2019-09-05,101.56649017333984,134.7705535888672,135.46844482421875,131.97897338867188,132.2179718017578,5242134,113.5810918062499
2019-09-06,101.27828216552734,134.3881378173828,135.30592346191406,134.28298950195312,135.29637145996094,2695333,113.2587908176189
2019-09-09,102.7408676147461,136.32887268066406,136.73040771484375,134.28298950195312,134.4072723388672,4421024,114.89438984145724
2019-09-10,104.50605010986328,138.67112731933594,139.06309509277344,136.67303466796875,136.71128845214844,5208766,116.868381014043
2019-09-11,103.46136474609375,137.28489685058594,138.73805236816406,136.4340362548828,138.47991943359375,4047706,115.70011671733995
2019-09-12,103.47576904296875,137.30401611328125,137.70555114746094,135.64053344726562,137.69598388671875,2620648,115.7162249412529
2019-09-13,103.51177978515625,137.35182189941406,138.28871154785156,136.95985412597656,137.97323608398438,2308104,115.75649550103526
2019-09-16,102.65440368652344,136.21414184570312,137.32313537597656,136.0133819580078,136.29063415527344,2017211,114.79769783848829
2019-09-17,102.45267486572266,135.9464569091797,136.21414184570312,134.47418212890625,136.21414184570312,3068127,114.57210591662276
2019-09-18,102.46709442138672,135.965576171875,136.0420684814453,134.33078002929688,135.8030548095703,2074846,114.58823120433222
2019-09-19,103.0074462890625,136.68260192871094,138.65200805664062,136.1854705810547,136.1950225830078,3232035,115.19250289852404
2019-09-20,102.22211456298828,135.64053344726562,137.50477600097656,135.5831756591797,136.95028686523438,5432296,114.31427195123656
2019-09-23,102.3590087890625,135.82217407226562,135.965576171875,134.3785858154297,134.9808807373047,1901523,114.46735980169734
2019-09-24,102.0780258178711,135.44932556152344,136.6061248779297,134.86614990234375,136.2332763671875,3380254,114.15313852071759
2019-09-25,103.14432525634766,136.86424255371094,137.31358337402344,134.66539001464844,135.50669860839844,2642928,115.3455736851883
2019-09-26,103.42530822753906,137.23709106445312,137.55258178710938,135.1912078857422,136.87380981445312,2416051,115.65979496616805
2019-09-27,103.20198822021484,136.9407196044922,138.70936584472656,136.11854553222656,138.0592803955078,2465213,115.41005777222962
2019-09-30,104.77262115478516,139.0248565673828,140.12428283691406,137.4091796875,137.4091796875,4171866,117.16648553921154
2019-10-01,103.50457763671875,137.34225463867188,140.86997985839844,137.2275390625,139.1873779296875,3096997,115.74844138907878
2019-10-02,102.0852279663086,135.45889282226562,136.0133819580078,134.3881378173828,135.93690490722656,3494477,114.16119263267406
2019-10-03,102.322998046875,135.77438354492188,135.82217407226562,133.0592803955078,135.3919677734375,3063525,114.42708924191498
2019-10-04,103.0218505859375,136.70172119140625,136.76864624023438,134.82791137695312,135.8126220703125,2524626,115.20861112243699
2019-10-07,101.78982543945312,135.06692504882812,136.42446899414062,135.0095672607422,136.0038299560547,2538119,113.83084606398485
2019-10-08,99.70042419433594,132.29444885253906,134.29254150390625,132.170166015625,134.07266235351562,3373768,111.49428334298574
2019-10-09,100.62985229492188,133.52772521972656,134.15870666503906,132.68641662597656,133.62332153320312,2741357,112.53365625269046
2019-10-10,101.68177032470703,134.92352294921875,135.54493713378906,133.4225616455078,133.62332153320312,2713010,113.710008788943
2019-10-11,102.85615539550781,136.48184204101562,138.1453094482422,136.3384246826172,136.49139404296875,3134653,115.0233153560486
2019-10-14,102.33740997314453,135.7935028076172,136.16635131835938,135.10516357421875,136.05162048339844,2415737,114.44320599772618
2019-10-15,103.0290756225586,136.71128845214844,137.3996124267578,135.5736083984375,136.27151489257812,3164673,115.21669083008824
2019-10-16,102.38783264160156,135.8604278564453,136.66348266601562,135.17208862304688,136.2237091064453,5577900,114.49959331331974
2019-10-17,96.73204803466797,128.3556365966797,130.0191192626953,127.06501007080078,129.06309509277344,16484751,108.17476915546851
2019-10-18,96.60954284667969,128.193115234375,128.57553100585938,126.43403625488281,128.31739807128906,7507665,108.03777246512416
2019-10-21,95.5216293334961,126.74951934814453,127.24665069580078,125.14340209960938,126.77820587158203,6596181,106.82116643288579
2019-10-22,96.5158920288086,128.06883239746094,128.15487670898438,125.82218170166016,126.72084045410156,4353034,107.93304341399526
2019-10-23,96.81848907470703,128.47036743164062,128.65200805664062,126.86424255371094,127.64818572998047,3777001,108.27143556274268
2019-10-24,96.59513092041016,128.1739959716797,129.13002014160156,127.43785858154297,128.90057373046875,2718031,108.02165570931297
2019-10-25,97.58219146728516,129.48374938964844,129.9521942138672,128.2026824951172,128.2218017578125,2697739,109.12547857846597
2019-10-28,97.96404266357422,129.9904327392578,130.6214141845703,129.49330139160156,130.0191192626953,3374501,109.55250008632761
2019-10-29,96.4150390625,127.93498992919922,129.6080322265625,127.57170104980469,129.46463012695312,4352092,107.82026025090988
2019-10-30,97.4453353881836,129.30210876464844,129.33078002929688,127.34225463867188,127.94454956054688,2356638,108.9724333874965
2019-10-31,96.35018920898438,127.84894561767578,129.30210876464844,127.37093353271484,129.1682586669922,3569057,107.74773911570861
2019-11-01,97.64705657958984,129.56979370117188,129.5984649658203,128.193115234375,128.5850830078125,3231931,109.19801677746376
2019-11-04,99.18889617919922,131.6156768798828,131.68260192871094,130.23899841308594,130.24856567382812,3488828,110.92224516041632
2019-11-05,99.3473892211914,131.8260040283203,132.65774536132812,131.5774383544922,131.73995971679688,3153690,111.09948681484825
2019-11-06,99.98861694335938,132.67686462402344,132.67686462402344,131.50096130371094,131.93116760253906,4683256,111.81656726782022
2019-11-07,100.37499237060547,131.63479614257812,133.02102661132812,131.52963256835938,131.806884765625,4261195,112.24864819134943
2019-11-08,100.31668853759766,131.55831909179688,131.55831909179688,130.17208862304688,131.52963256835938,2383206,112.18344742485435
2019-11-11,98.75662231445312,129.51242065429688,131.16635131835938,129.06309509277344,131.16635131835938,2686128,110.43883633696112
2019-11-12,98.84410095214844,129.6271514892578,130.6501007080078,129.08221435546875,129.89483642578125,3186639,110.5366630823985
2019-11-13,98.03492736816406,128.5659637451172,129.61758422851562,127.96366882324219,129.43594360351562,3052646,109.63176995305174
2019-11-14,97.68500518798828,128.10707092285156,128.4225616455078,127.46653747558594,128.23135375976562,4425940,109.2404544394039
2019-11-15,97.97659301757812,128.48948669433594,129.17782592773438,128.13575744628906,128.47991943359375,3412575,109.56653505896362
2019-11-18,97.91098022460938,128.4034423828125,128.5659637451172,127.37093353271484,128.3938751220703,3358078,109.49316073393645
2019-11-19,98.06407928466797,128.6042022705078,129.4263916015625,128.54684448242188,128.94837951660156,3132770,109.66437033629929
2019-11-20,97.10181427001953,127.34225463867188,128.54684448242188,126.91204833984375,128.1644287109375,4328557,108.58827613648793
2019-11-21,97.56835174560547,127.95410919189453,128.26959228515625,127.13192749023438,127.53346252441406,3499184,109.1100017150242
2019-11-22,97.93286895751953,128.43212890625,128.72848510742188,127.71510314941406,128.28871154785156,3449185,109.51763875004144
2019-11-25,99.12110900878906,129.9904327392578,130.0191192626953,128.44168090820312,128.55641174316406,2709245,110.84643924438534
2019-11-26,98.47959899902344,129.14913940429688,130.1625213623047,128.8432159423828,130.1625213623047,3967687,110.12904311117778
2019-11-27,97.51732635498047,127.88719177246094,129.7418670654297,127.74378967285156,129.397705078125,3431821,109.05294037946817
2019-11-29,98.01305389404297,128.53729248046875,128.6042022705078,127.17973327636719,127.72466278076172,1909264,109.60730900074326
2019-12-02,96.89038848876953,127.06501007080078,128.5850830078125,126.65392303466797,128.53729248046875,3208187,108.35184017193525
2019-12-03,96.31449127197266,126.30975341796875,126.61567687988281,124.94264221191406,126.19503021240234,3810055,107.70781836375487
2019-12-04,96.21973419189453,126.18547058105469,127.8011474609375,126.15679168701172,127.01720428466797,3692380,107.60185218737841
2019-12-05,96.16140747070312,126.1089859008789,127.38050079345703,125.84130096435547,127.14149475097656,3760788,107.53662582518855
2019-12-06,97.11639404296875,127.36137390136719,128.0019073486328,126.86424255371094,126.91204833984375,3595625,108.60458059406083
2019-12-09,97.6266860961914,128.0305938720703,128.67112731933594,127.39962005615234,127.48565673828125,3105051,109.1752366091123
2019-12-10,97.61937713623047,128.02102661132812,128.91014099121094,127.6864242553711,128.0305938720703,3640498,109.16706305058021
2019-12-11,97.51007080078125,127.87763214111328,128.5946502685547,127.79158782958984,128.2122344970703,4135152,109.0448265442239
2019-12-12,98.64727020263672,129.3690185546875,129.69407653808594,127.78202819824219,127.82026672363281,5046009,110.31654863921524
2019-12-13,97.83810424804688,128.30784606933594,129.54110717773438,128.11663818359375,128.8240966796875,2651610,109.41166404176673
2019-12-16,97.77977752685547,128.23135375976562,129.49330139160156,127.96366882324219,129.0057373046875,3189463,109.34643767957688
2019-12-17,97.84538269042969,128.31739807128906,128.7667236328125,127.5908203125,128.374755859375,3040931,109.4198034727058
2019-12-18,97.98388671875,128.49903869628906,129.06309509277344,128.25047302246094,128.6328887939453,3244483,109.57469155369921
2019-12-19,98.0932388305664,128.64244079589844,128.8049774169922,128.28871154785156,128.54684448242188,4044359,109.69697925144507
2019-12-20,98.84410095214844,129.6271514892578,130.420654296875,129.01528930664062,129.7705535888672,7438943,110.5366630823985
2019-12-23,98.8149185180664,129.5889129638672,130.1625213623047,129.06309509277344,129.8087921142578,2932147,110.50402857155794
2019-12-24,98.39942932128906,129.04397583007812,129.6558380126953,128.69024658203125,129.64627075195312,1257397,110.03938992427247
2019-12-26,98.348388671875,128.97705078125,129.35946655273438,128.72848510742188,129.04397583007812,2227666,109.98231152491994
2019-12-27,98.61082458496094,129.32122802734375,129.78012084960938,128.93881225585938,129.06309509277344,2878801,110.27579176123213
2019-12-30,96.81749725341797,126.96940612792969,129.3498992919922,126.67304229736328,129.25430297851562,4308369,108.27032641596901
2019-12-31,97.71416473388672,128.1453094482422,128.2218017578125,126.57743835449219,126.70172119140625,3951265,109.2730633545497
2020-01-02,98.72018432617188,129.46463012695312,129.94264221191406,128.8432159423828,129.06309509277344,3293436,110.39808799087626
2020-01-03,97.93286895751953,128.43212890625,128.92926025390625,127.6864242553711,127.69598388671875,2482890,109.51763875004144
2020-01-06,97.7579116821289,128.2026824951172,128.33651733398438,127.34225463867188,127.55258178710938,2537073,109.32198525916665
2020-01-07,97.82351684570312,128.28871154785156,129.0248565673828,127.53346252441406,127.81070709228516,3232977,109.39535105229557
2020-01-08,98.63998413085938,129.35946655273438,129.88528442382812,128.0305938720703,128.5946502685547,4545916,110.30840067637793
2020-01-09,99.68244934082031,130.72657775878906,130.77438354492188,129.35946655273438,129.7705535888672,3902208,111.4741821906876
2020-01-10,99.64599609375,130.67877197265625,131.806884765625,130.31549072265625,130.9751434326172,3405148,111.43341678080623
2020-01-13,99.58036041259766,130.5927276611328,130.6309814453125,129.13002014160156,129.52198791503906,3693426,111.36001686008427
2020-01-14,99.01175689697266,129.84703063964844,131.10899353027344,129.5889129638672,130.28680419921875,3850326,110.72415154663946
2020-01-15,99.59495544433594,130.6118621826172,131.988525390625,129.7418670654297,130.0191192626953,4232011,111.37633838145368
2020-01-16,100.5864028930664,131.91204833984375,132.11280822753906,130.98471069335938,131.28106689453125,4519661,112.4850670921056
2020-01-17,100.82697296142578,132.2275390625,132.2466583251953,130.17208862304688,130.53536987304688,5881972,112.75409490800756
2020-01-21,101.45391082763672,133.04971313476562,133.2218017578125,131.5487518310547,131.74952697753906,7577329,113.45519511554049
2020-01-22,104.8947525024414,137.5621337890625,139.3785858154297,136.28106689453125,137.0172119140625,17228038,117.30306416654119
2020-01-23,104.15118408203125,136.58700561523438,138.0592803955078,135.89866638183594,137.85850524902344,5918059,116.47153683032334
2020-01-24,102.46719360351562,134.3785858154297,137.5908203125,134.28298950195312,137.08413696289062,5836889,114.58834211900958
2020-01-27,101.05294799804688,132.52389526367188,133.91014099121094,132.02676391601562,132.4091796875,4358264,113.00680120254012
2020-01-28,101.73091888427734,133.41299438476562,134.29254150390625,132.64817810058594,133.36520385742188,3610374,113.76497127752731
2020-01-29,100.37499237060547,131.63479614257812,133.44168090820312,131.5487518310547,133.04971313476562,3194275,112.24864819134943
2020-01-30,99.70431518554688,130.75526428222656,130.9464569091797,129.034423828125,130.74569702148438,5290563,111.49863461109781
2020-01-31,104.77812194824219,137.4091796875,137.71510314941406,134.5984649658203,136.6156768798828,19868352,117.17263703785626
2020-02-03,106.62973022460938,139.8374786376953,140.8030548095703,137.5717010498047,137.90631103515625,9295488,119.24327755391967
2020-02-04,108.70008850097656,142.55258178710938,142.81069946289062,140.420654296875,141.28106689453125,5879566,121.55854465686438
2020-02-05,113.96343231201172,149.45506286621094,150.51625061035156,143.54684448242188,143.6042022705078,15048593,127.44450503207051
2020-02-06,114.27688598632812,149.86614990234375,151.76864624023438,148.5850830078125,149.92352294921875,8786923,127.79503807204046
2020-02-07,113.00254821777344,146.66348266601562,148.69981384277344,146.1950225830078,147.7533416748047,6718876,126.36995510584404
2020-02-10,113.75389099121094,147.6386260986328,147.64817810058594,144.91395568847656,146.24282836914062,5480831,127.21017644638779
2020-02-11,113.05411529541016,146.73040771484375,148.3938751220703,146.0133819580078,148.29827880859375,4011515,126.42762220617645
2020-02-12,114.40210723876953,148.47991943359375,148.75717163085938,146.76864624023438,146.988525390625,4641939,127.935072118165
2020-02-13,113.66548156738281,147.52389526367188,148.02102661132812,146.66348266601562,147.58126831054688,3996452,127.11130880936281
2020-02-14,111.00633239746094,144.07266235351562,147.76290893554688,143.18356323242188,147.62905883789062,6379763,124.13760099018005
2020-02-18,111.30099487304688,144.45506286621094,144.72274780273438,143.0592803955078,143.2026824951172,3496778,124.46711996473813
2020-02-19,111.12419891357422,144.22561645507812,145.2103271484375,143.69981384277344,144.87571716308594,2858613,124.26941028638294
2020-02-20,111.38938903808594,144.56979370117188,144.9521942138672,142.93499755859375,144.17782592773438,3013003,124.5659705379666
2020-02-21,110.37286376953125,143.25047302246094,144.397705078125,142.29444885253906,144.397705078125,3699597,123.42919747773745
2020-02-24,107.86104583740234,139.9904327392578,141.53919982910156,138.9866180419922,139.11090087890625,5703210,120.62024914583372
2020-02-25,104.38427734375,135.47801208496094,140.602294921875,135.0478057861328,140.06692504882812,6497229,116.73220338593151
2020-02-26,102.94052124023438,133.6042022705078,137.72467041015625,133.46080017089844,136.6156768798828,5656663,115.11766108699632
2020-02-27,98.04947662353516,127.25621032714844,132.5908203125,127.16061401367188,131.20458984375,8808471,109.6480402830316
2020-02-28,95.86911010742188,124.42638397216797,125.3250503540039,120.80306243896484,124.26386260986328,13607832,107.20975173909075
2020-03-02,98.926025390625,128.3938751220703,128.52772521972656,122.32313537597656,125.0,8923844,110.62827860590338
2020-03-03,94.94835662841797,123.23136138916016,130.11471557617188,122.17973327636719,128.5659637451172,8259321,106.18007959770648
2020-03-04,98.86709594726562,128.31739807128906,128.374755859375,123.32695770263672,125.79350280761719,5226234,110.56237822375105
2020-03-05,95.42716217041016,123.85277557373047,126.47227478027344,122.8011474609375,124.76099395751953,5696725,106.71552446864317
2020-03-06,94.08653259277344,122.11280822753906,122.6864242553711,119.04397583007812,121.12810516357422,8570192,105.21630783847453
2020-03-09,86.77941131591797,112.62906646728516,117.02677154541016,112.12236785888672,114.87571716308594,11252345,97.04480549385796
2020-03-10,91.90620422363281,119.2829818725586,119.38814544677734,110.6692123413086,117.38050079345703,11935592,102.77806195402498
2020-03-11,86.89726257324219,112.78202819824219,117.18929290771484,111.26194763183594,115.68833923339844,8835039,97.17659772626433
2020-03-12,75.73033142089844,98.2887191772461,104.97132110595703,97.78202819824219,104.82791900634766,13088284,84.6886971377555
2020-03-13,79.51648712158203,103.20267486572266,104.35946655273438,96.37667083740234,103.90057373046875,13077197,88.92272843585562
2020-03-16,72.98281860351562,94.7227554321289,102.6864242553711,90.82218170166016,93.69024658203125,11054128,81.6161728729373
2020-03-17,78.55890655517578,101.95984649658203,102.67686462402344,92.82982635498047,96.18547058105469,9684182,87.85187282157528
2020-03-18,76.27543640136719,98.99617767333984,102.22753143310547,95.02867889404297,95.03823852539062,9176035,85.29828420456266
2020-03-19,73.91091918945312,95.9273452758789,99.13002014160156,93.91969299316406,97.82982635498047,8782739,82.65406123234496
2020-03-20,70.26473236083984,91.19503021240234,96.54875946044922,90.54492950439453,96.4818344116211,11031639,78.57655613970397
2020-03-23,69.80805206298828,90.602294921875,93.44168090820312,86.57743835449219,90.43977355957031,10176952,78.0658537737183
2020-03-24,77.69708251953125,100.84130096435547,101.37667083740234,94.89483642578125,95.59273529052734,8340699,86.88810106234334
2020-03-25,77.9696273803711,101.19503021240234,107.53346252441406,98.3078384399414,100.84130096435547,9052084,87.19288606384866
2020-03-26,83.15532684326172,107.92543029785156,108.17399597167969,100.9273452758789,102.20841217041016,7482561,92.99201731047322
2020-03-27,79.57540893554688,103.27915954589844,106.5965576171875,102.9158706665039,103.80496978759766,6718458,88.98862028610968
2020-03-30,83.18479919433594,107.96366882324219,108.4703598022461,103.06883239746094,103.33651733398438,5820467,93.02497603344763
2020-03-31,81.71159362792969,106.05162811279297,108.80496978759766,105.3250503540039,107.07456970214844,6635092,91.3775006072328
2020-04-01,77.4466323852539,100.51625061035156,105.08604431152344,99.92351531982422,101.68260192871094,6394093,86.608024438196
2020-04-02,81.02654266357422,105.16252136230469,105.46845245361328,100.51625061035156,100.73613739013672,6619820,90.61141293066129
2020-04-03,78.33056640625,101.66348266601562,105.22944641113281,100.30592346191406,104.13002014160156,4747585,87.59652163858246
2020-04-06,84.57696533203125,109.77055358886719,110.54492950439453,105.28680419921875,105.49713134765625,7357773,94.58182563635563
2020-04-07,84.66535186767578,109.8852767944336,114.31166076660156,109.818359375,113.57552337646484,5852684,94.68066767768585
2020-04-08,87.86958312988281,114.04397583007812,114.68450927734375,110.00955963134766,111.19503021240234,5395896,98.263936967981
2020-04-09,89.49749755859375,116.15679168701172,117.51434326171875,114.8852767944336,115.181640625,5832705,100.0844222270913
2020-04-13,89.23966217041016,115.82218170166016,116.44359588623047,112.84894561767578,116.28107452392578,5355206,99.79608672542926
2020-04-14,91.27271270751953,118.46080017089844,119.6749496459961,117.22753143310547,118.03059387207031,5322780,102.0696328458876
2020-04-15,87.4276351928711,113.4703598022461,114.9043960571289,111.62523651123047,113.88145446777344,5896616,97.76970969753341
2020-04-16,85.24727630615234,110.64053344726562,114.48374938964844,109.38814544677734,113.77629089355469,6754650,95.33142968549082
2020-04-17,88.48096466064453,114.83747863769531,115.0956039428711,112.73422241210938,114.05353546142578,5194436,98.94764063496388
2020-04-20,88.6946029663086,115.1147232055664,117.45697784423828,112.94454956054688,113.9101333618164,8558058,99.18655085001166
2020-04-21,86.00596618652344,111.62523651123047,111.99808502197266,107.13192749023438,108.98661804199219,15009054,96.17986724405796
2020-04-22,87.88432312011719,114.06309509277344,115.03823852539062,112.38050079345703,114.59847259521484,7412479,98.28042059541734
2020-04-23,89.3869857788086,116.01338195800781,117.61949920654297,113.88145446777344,114.31166076660156,7198154,99.96083768081006
2020-04-24,91.86935424804688,119.23518371582031,119.50286865234375,115.44933319091797,117.02677154541016,5215251,102.73685288543413
2020-04-27,92.75328063964844,120.38240814208984,121.40535736083984,119.95220184326172,120.03823852539062,5150295,103.72534155392233
2020-04-28,93.01109313964844,120.7170181274414,122.56214141845703,119.86615753173828,122.39962005615234,4997893,104.01365145988957
2020-04-29,94.7936782836914,123.03059387207031,123.62332916259766,121.9216079711914,123.21223449707031,5499450,106.00710389240405
2020-04-30,92.48809051513672,120.03823852539062,121.67304229736328,119.71319580078125,120.95602416992188,6941047,103.42878130233865
2020-05-01,89.77003479003906,116.51051330566406,118.04015350341797,116.05162811279297,117.77246856689453,5152073,100.38919869669836
2020-05-04,89.63007354736328,116.32887268066406,116.60611724853516,114.13957977294922,115.5066909790039,4202723,100.23268102313749
2020-05-05,90.29302978515625,117.18929290771484,118.85277557373047,117.0841293334961,117.96366882324219,4078772,100.97406032235102
2020-05-06,90.72762298583984,117.75334930419922,118.59464263916016,117.02677154541016,117.82026672363281,4042372,101.46006284287695
2020-05-07,90.49620819091797,115.8986587524414,117.83938598632812,115.53536987304688,117.57170104980469,4615580,101.20127330488575
2020-05-08,91.81001281738281,117.58126068115234,117.81070709228516,115.73613739013672,117.27533721923828,5232615,102.67049178077583
2020-05-11,91.51142120361328,117.1988525390625,118.02103424072266,115.36328887939453,116.45315551757812,3697924,102.33657887861438
2020-05-12,89.7721176147461,114.97132110595703,118.85277557373047,114.97132110595703,117.60037994384766,5004587,100.39152790492305
2020-05-13,86.39054107666016,110.64053344726562,114.71319580078125,109.79923248291016,114.6749496459961,6153409,96.60993463959805
2020-05-14,87.30125427246094,111.806884765625,111.94072723388672,106.8929214477539,109.53154754638672,5501332,97.62837880287351
2020-05-15,87.32366180419922,111.83556365966797,112.22753143310547,110.181640625,110.83174133300781,5006470,97.65343698806012
2020-05-18,90.74254608154297,116.21414947509766,116.97896575927734,114.48374938964844,114.6080322265625,4399162,101.4767512358715
2020-05-19,89.79449462890625,115.0,116.79732513427734,114.85659790039062,115.86042022705078,3390191,100.41655196251662
2020-05-20,90.60818481445312,116.04206848144531,117.0841293334961,115.2963638305664,115.61185455322266,4017372,101.32649597563271
2020-05-21,88.92112731933594,113.88145446777344,116.36711120605469,113.73805236816406,115.6692123413086,4184941,99.43987144121886
2020-05-22,88.37618255615234,113.18355560302734,114.216064453125,112.41873931884766,114.1204605102539,4373117,98.83046354427512
2020-05-26,90.89185333251953,116.40535736083984,117.22753143310547,115.68833923339844,115.96558380126953,5720888,101.64372048479962
2020-05-27,93.71356201171875,120.01911926269531,120.2963638305664,118.04015350341797,118.48948669433594,5990965,104.79921746018634
2020-05-28,92.95960998535156,119.05353546142578,121.38623046875,118.75717163085938,121.29063415527344,4095404,103.95607821043802
2020-05-29,93.23579406738281,119.40726470947266,119.62715148925781,116.86424255371094,118.23136138916016,8294675,104.26493292741287
2020-06-01,93.22834014892578,119.397705078125,120.21988677978516,118.57552337646484,119.15869903564453,3003798,104.25659726281386
2020-06-02,94.05693054199219,120.45889282226562,120.45889282226562,119.17781829833984,120.14340209960938,3115093,105.18320407322972
2020-06-03,96.33370971679688,123.37476348876953,123.90057373046875,121.4149169921875,121.55831909179688,4097914,107.72931021546923
2020-06-04,96.21427154541016,123.22179412841797,123.27915954589844,121.43403625488281,122.16061401367188,4042581,107.59574334822499
2020-06-05,98.58062744140625,126.25238800048828,128.32696533203125,125.95602416992188,128.0019073486328,6163764,110.24202250792311
2020-06-08,101.33515930175781,129.78012084960938,129.90440368652344,126.45315551757812,126.45315551757812,5617543,113.32239611913955
2020-06-09,98.43878936767578,126.07074737548828,127.72466278076172,125.25812530517578,127.64818572998047,5641706,110.08340598739052
2020-06-10,96.94581604003906,124.15869903564453,126.4149169921875,124.09178161621094,126.33843231201172,4952601,108.4138244127867
2020-06-11,88.09252166748047,112.82026672363281,120.55449676513672,112.65774536132812,120.4875717163086,12304726,98.51324756700647
2020-06-12,91.00381469726562,116.54875946044922,117.7055435180664,114.03441619873047,115.91778564453125,6506434,101.76892609175006
2020-06-15,90.80974578857422,116.3001937866211,116.988525390625,113.08795166015625,113.94837188720703,5385959,101.55190019573654
2020-06-16,93.42242431640625,119.64627075195312,121.8929214477539,117.74378967285156,119.50286865234375,5864608,104.4736402226239
2020-06-17,92.67594146728516,118.69024658203125,120.6978988647461,117.97322845458984,120.2963638305664,3302013,103.63885370127112
2020-06-18,92.68341064453125,118.6998062133789,118.92925262451172,116.95028686523438,117.5908203125,2997208,103.64720642966664
2020-06-19,91.42183685302734,117.0841293334961,121.24282836914062,116.8738021850586,120.62141418457031,8471554,102.2363973292575
2020-06-22,90.37677001953125,115.74569702148438,117.11280822753906,115.22944641113281,116.74951934814453,4993081,101.06770643764152
2020-06-23,89.13760375976562,114.15869903564453,117.4952163696289,113.98661804199219,116.64435577392578,6937700,99.68195552241897
2020-06-24,86.90562438964844,111.3001937866211,113.11663818359375,110.783935546875,113.11663818359375,7061546,97.18594868675616
2020-06-25,88.85394287109375,113.79541015625,113.96749877929688,110.9942626953125,111.62523651123047,6412608,99.36473954515033
2020-06-26,87.48041534423828,112.03633117675781,113.75717163085938,111.14722442626953,113.05927276611328,11244605,97.82873336968899
2020-06-29,89.39141845703125,114.48374938964844,114.5124282836914,112.20841217041016,112.79158782958984,4350837,99.96579471369851
2020-06-30,90.15283966064453,115.45889282226562,115.86997985839844,113.76673126220703,113.94837188720703,4099797,100.81728669184237
2020-07-01,88.48815155029297,113.32695770263672,115.8986587524414,113.16443634033203,114.98088073730469,4869967,98.95567768312382
2020-07-02,89.35407257080078,114.43594360351562,116.08030700683594,114.01529693603516,114.42638397216797,3919362,99.92403107172085
2020-07-06,89.71986389160156,114.9043960571289,116.49139404296875,114.20649719238281,115.91778564453125,4231488,100.33309293374734
2020-07-07,87.77154541015625,112.4091796875,114.25430297851562,112.17017364501953,113.76673126220703,4474893,98.15430207535319
2020-07-08,87.86859130859375,112.53346252441406,113.42256164550781,111.35755157470703,112.86807250976562,5431669,98.26282782120732
2020-07-09,86.37560272216797,110.62141418457031,112.81070709228516,110.13384246826172,112.81070709228516,4982098,96.593229182807
2020-07-10,88.34635925292969,113.14531707763672,113.35564422607422,110.21988677978516,110.42064666748047,4482842,98.7971123539808
2020-07-13,88.9808349609375,113.95793151855469,115.6692123413086,113.44168090820312,114.5124282836914,4864632,99.50664207699359
2020-07-14,90.02593994140625,115.2963638305664,115.57361602783203,112.73422241210938,113.4034423828125,4742982,100.67537562810087
2020-07-15,91.8174819946289,117.5908203125,118.50860595703125,116.77820587158203,117.01720428466797,4679176,102.67884450917137
2020-07-16,92.57142639160156,118.55640411376953,119.0057373046875,116.78776550292969,117.28489685058594,4530121,103.52197522702143
2020-07-17,93.39256286621094,119.6080322265625,120.10516357421875,117.78202819824219,118.91969299316406,4167892,104.44024637283827
2020-07-20,94.33312225341797,120.8126220703125,121.4818344116211,119.63671112060547,120.52581024169922,10384374,105.49206732210283
2020-07-21,94.10172271728516,120.51625061035156,126.35755157470703,120.26768493652344,125.3919677734375,16063004,105.23329484790816
2020-07-22,96.05005645751953,123.011474609375,123.77629089355469,120.26768493652344,120.36328887939453,8572388,107.41210277009883
2020-07-23,95.04975891113281,121.73040008544922,123.6806869506836,121.55831909179688,123.42256164550781,4414225,106.2934770574665
2020-07-24,93.90017700195312,120.25812530517578,122.03633117675781,119.98088073730469,120.91778564453125,3693531,105.00790769160083
2020-07-27,94.21369171142578,120.65965270996094,120.76481628417969,119.22562408447266,119.36902618408203,3905136,105.35850898675685
2020-07-28,92.91483306884766,118.99617767333984,120.783935546875,118.69024658203125,120.28680419921875,4370397,103.9060044995561
2020-07-29,93.54933166503906,119.80879211425781,120.44933319091797,118.61376953125,119.08221435546875,2963109,104.61555981826366
2020-07-30,91.74284362792969,117.4952163696289,118.45124053955078,116.29063415527344,118.26959991455078,4171553,102.59537694850383
2020-07-31,91.77267456054688,117.53346252441406,117.58126068115234,115.76481628417969,117.3135757446289,5519847,102.62873667069641
2020-08-03,92.79537200927734,118.84320831298828,118.93881225585938,116.77820587158203,118.06883239746094,3688301,103.77241203661708
2020-08-04,93.93751525878906,120.30592346191406,120.3250503540039,118.37476348876953,118.37476348876953,3625541,105.04966280168026
2020-08-05,93.6463623046875,119.93307495117188,121.17591094970703,119.13002014160156,121.15679168701172,3786102,104.7240685003213
2020-08-06,94.14652252197266,120.57361602783203,120.70745849609375,119.50286865234375,119.50286865234375,3574287,105.28339415448485
2020-08-07,94.50193786621094,119.46463012695312,119.56979370117188,117.79158782958984,118.06883239746094,3818946,105.68085263487914
2020-08-10,96.1279067993164,121.52007293701172,121.64435577392578,119.6749496459961,119.9043960571289,4150842,107.4991622599334
2020-08-11,95.85564422607422,121.17591094970703,124.73231506347656,121.04206848144531,123.0975112915039,5231255,107.19469293866366
2020-08-12,95.8178482055664,121.12810516357422,122.17017364501953,120.34416961669922,121.99808502197266,3692066,107.1524259146887
2020-08-13,94.55488586425781,119.53154754638672,120.83174133300781,119.2829818725586,120.42064666748047,3317180,105.74006400879642
2020-08-14,94.73641204833984,119.76099395751953,120.03823852539062,118.46080017089844,118.73805236816406,3099716,105.9430634640722
2020-08-17,94.10868835449219,118.96749877929688,120.06692504882812,118.93881225585938,119.74187469482422,3514665,105.2410844710186
2020-08-18,94.47168731689453,119.42638397216797,119.98088073730469,118.77629089355469,119.50286865234375,3014990,105.64702365828231
2020-08-19,93.65495300292969,118.39388275146484,119.98088073730469,118.06883239746094,119.34034729003906,3916119,104.73367541776089
2020-08-20,93.13314056396484,117.73422241210938,118.5850830078125,117.4091796875,117.78202819824219,2679015,104.15013623633838
2020-08-21,93.14068603515625,117.74378967285156,118.04971313476562,116.93116760253906,117.60037994384766,3540815,104.1585742837165
2020-08-24,95.04646301269531,120.15296173095703,120.51625061035156,117.93498992919922,118.34607696533203,4258057,106.28979127741863
2020-08-25,94.25993347167969,119.15869903564453,121.24282836914062,119.01529693603516,120.45889282226562,3114674,105.41022082210449
2020-08-26,93.90450286865234,118.70936584472656,119.61759185791016,118.4990463256836,119.45507049560547,3544162,105.01274527791368
2020-08-27,94.26750946044922,119.16825866699219,119.59847259521484,118.52772521972656,119.1204605102539,3580144,105.41869299707565
2020-08-28,94.58514404296875,119.56979370117188,119.7896728515625,118.75717163085938,119.46463012695312,3242182,105.77390151729152
2020-08-31,93.25413513183594,117.88719177246094,119.74187469482422,117.61949920654297,119.74187469482422,5049983,104.28544361082744
2020-09-01,93.32218170166016,117.97322845458984,118.4990463256836,116.77820587158203,117.44741821289062,3300444,104.36153961139924
2020-09-02,96.93710327148438,122.54302215576172,123.04015350341797,118.14531707763672,118.27915954589844,6895650,108.40408098497495
2020-09-03,94.11625671386719,118.97705841064453,124.23518371582031,118.21223449707031,122.55258178710938,5979773,105.2495481140915
2020-09-04,92.49031066894531,116.9216079711914,119.83747863769531,115.90821838378906,118.88145446777344,6295037,103.43126408473202
2020-09-08,91.6659927368164,115.8795394897461,117.46653747558594,115.40152740478516,116.78776550292969,5449974,102.50943513734119
2020-09-09,92.46005249023438,116.88336181640625,118.26004028320312,115.95602416992188,116.75907897949219,3944152,103.39742657623692
2020-09-10,91.17442321777344,115.25812530517578,118.14531707763672,114.95220184326172,117.14149475097656,4161406,101.95971640061724
2020-09-11,91.85504150390625,116.11854553222656,117.30401611328125,115.42064666748047,116.05162811279297,3711313,102.7208470443003
2020-09-14,92.33148956298828,116.72084045410156,117.95410919189453,116.40535736083984,116.97896575927734,3809009,103.25365555867495
2020-09-15,92.59618377685547,117.05545043945312,117.97322845458984,116.86424255371094,117.41873931884766,3049299,103.5496612368718
2020-09-16,93.94232940673828,118.75717163085938,120.28680419921875,117.3135757446289,117.3135757446289,3962666,105.05504642948166
2020-09-17,94.47168731689453,119.42638397216797,120.02867889404297,116.60611724853516,117.22753143310547,3317180,105.64702365828231
2020-09-18,92.83818817138672,117.36137390136719,119.42638397216797,117.25621032714844,118.79541015625,5639614,103.82029304964645
2020-09-21,90.93998718261719,114.96176147460938,115.3919677734375,113.36520385742188,115.181640625,5555724,101.69754823091549
2020-09-22,91.13661193847656,115.2103271484375,116.1089859008789,114.27342224121094,115.03823852539062,3093859,101.91743231284576
2020-09-23,89.86610412597656,113.60420989990234,116.24282836914062,113.22179412841797,115.4875717163086,4120612,100.49663235957536
2020-09-24,89.30644226074219,112.8967514038086,114.26386260986328,111.35755157470703,112.90631103515625,3709325,99.87076643089007
2020-09-25,89.95681762695312,113.71892547607422,114.15869903564453,111.79732513427734,112.42829895019531,3089570,100.59807662987456
2020-09-28,92.05924224853516,116.37667083740234,116.95028686523438,115.1147232055664,115.26768493652344,3670623,102.94920330120173
2020-09-29,91.4618148803711,115.62141418457031,116.81644439697266,114.92351531982422,116.07074737548828,2203504,102.28110447613452
2020-09-30,92.01386260986328,116.3193130493164,117.5047836303711,115.4875717163086,116.04206848144531,3411111,102.89845557035736
2020-10-01,91.57523345947266,115.76481628417969,117.87763214111328,115.06692504882812,116.97896575927734,3359438,102.40793967565243
2020-10-02,91.1819839477539,115.26768493652344,116.39579010009766,113.59464263916016,113.80496978759766,3059759,101.96817151179188
2020-10-05,92.27098846435547,116.64435577392578,117.35181427001953,115.72657775878906,116.4818344116211,3190823,103.18599760548129
2020-10-06,92.24073028564453,116.60611724853516,119.34034729003906,116.24282836914062,117.18929290771484,4050426,103.15216009698621
2020-10-07,93.82888793945312,118.61376953125,118.91969299316406,116.94072723388672,117.27533721923828,2944908,104.92818563426898
2020-10-08,99.44031524658203,125.70745849609375,129.54110717773438,124.06309509277344,125.10516357421875,26452189,111.20340533564254
2020-10-09,96.64215850830078,122.17017364501953,126.19503021240234,121.988525390625,126.19503021240234,8737970,108.07424633018128
2020-10-12,96.20354461669922,121.61567687988281,122.60993957519531,120.8795394897461,122.43785858154297,4848315,107.58374749927287
2020-10-13,94.60784912109375,119.59847259521484,121.55831909179688,118.98661804199219,121.00382232666016,5654781,105.79929244651022
2020-10-14,95.24307250976562,120.40152740478516,121.35755157470703,119.62715148925781,119.62715148925781,3899593,106.50965829555238
2020-10-15,94.44901275634766,119.397705078125,119.71319580078125,118.4034423828125,118.62332916259766,3541024,105.62166685665665
2020-10-16,95.23552703857422,120.3919677734375,120.86997985839844,119.17781829833984,119.66539001464844,4927078,106.50122024817426
2020-10-19,94.92546844482422,120.0,121.74951934814453,119.57935333251953,121.22370910644531,7822720,106.15448390292956
2020-10-20,88.76197052001953,112.20841217041016,114.86615753173828,111.70172119140625,114.53154754638672,22490151,99.26188751163839
2020-10-21,87.0150146484375,110.0,112.51434326171875,109.74187469482422,111.5296401977539,10204044,97.30827904399332
2020-10-22,87.54438781738281,110.6692123413086,110.95602416992188,108.011474609375,109.94264221191406,8217167,97.90027333659049
2020-10-23,87.72589874267578,110.8986587524414,111.49139404296875,110.44933319091797,111.37667083740234,4072496,98.10325572806974
2020-10-26,84.86723327636719,107.28489685058594,109.84703826904297,106.9216079711914,109.41682434082031,7534756,94.90643023751656
2020-10-27,83.61184692382812,105.6978988647461,107.28489685058594,105.19120788574219,107.21797180175781,6209161,93.50254050659544
2020-10-28,80.65486907958984,101.95984649658203,104.9043960571289,101.26194763183594,103.88145446777344,9860956,90.1957729750771
2020-10-29,82.36402130126953,104.1204605102539,104.818359375,101.86424255371094,102.53346252441406,7071169,92.10710588684896
2020-10-30,84.44373321533203,106.74951934814453,106.88336181640625,103.011474609375,103.15487670898438,8285889,94.43283309705917
2020-11-02,85.3890380859375,107.94454956054688,108.82408905029297,107.3135757446289,107.69598388671875,5555829,95.48996088704081
2020-11-03,86.3343734741211,109.13957977294922,110.56405639648438,108.63288879394531,108.98661804199219,4397698,96.5471228046155
2020-11-04,84.6252212524414,106.97896575927734,108.90057373046875,106.2715072631836,107.39006042480469,6066905,94.63578989284365
2020-11-05,86.79569244384766,109.7227554321289,110.21988677978516,108.04015350341797,108.31739807128906,5127701,97.0630125647426
2020-11-06,86.24360656738281,109.02485656738281,110.03823852539062,108.4034423828125,110.01911926269531,5490663,96.44561881102848
2020-11-09,88.63736724853516,110.44933319091797,114.47418975830078,110.20076751708984,112.69598388671875,9405841,99.12254454927283
2020-11-10,90.46334838867188,112.72466278076172,112.97322845458984,111.13766479492188,111.55831909179688,5881449,101.16452641908435
2020-11-11,89.91863250732422,112.04589080810547,113.14531707763672,111.1089859008789,112.92543029785156,4486922,100.55537447908839
2020-11-12,87.84713745117188,109.46463012695312,111.25238800048828,108.48948669433594,110.54492950439453,6797117,98.2388361233031
2020-11-13,89.65010833740234,111.7112808227539,112.20841217041016,109.95220184326172,110.12428283691406,4898000,100.25508578796554
2020-11-16,90.80860137939453,113.15487670898438,113.33651733398438,111.96940612792969,113.0975112915039,5536896,101.5506204109977
2020-11-17,90.30224609375,112.5239028930664,113.32695770263672,111.9216079711914,112.42829895019531,4324687,100.98436685544786
2020-11-18,89.5887222290039,111.63479614257812,113.65200805664062,111.61567687988281,112.54302215576172,4818713,100.18643813457385
2020-11-19,89.90328216552734,112.02677154541016,112.28489685058594,110.79350280761719,111.4149169921875,3597822,100.53820829979134
2020-11-20,89.7191390991211,111.79732513427734,112.84894561767578,111.55831909179688,112.42829895019531,5255418,100.33228240341275
2020-11-23,92.13589477539062,114.80879211425781,115.21988677978516,112.11280822753906,112.26577758789062,5910318,103.03492328300965
2020-11-24,95.45796966552734,118.94837188720703,119.24474334716797,115.49713134765625,115.54492950439453,8109115,106.7499762738129
2020-11-25,95.2892074584961,118.73805236816406,118.86233520507812,116.73995971679688,117.5239028930664,4326151,106.5612506843244
2020-11-27,95.40426635742188,118.88145446777344,119.79923248291016,118.46080017089844,118.73805236816406,2187395,106.68992024196798
2020-11-30,94.7674789428711,118.08795166015625,119.50286865234375,117.67686462402344,118.64244842529297,6263448,105.97780535378273
2020-12-01,94.49128723144531,117.74378967285156,120.2963638305664,117.66730499267578,118.45124053955078,5553319,105.66894210490962
2020-12-02,95.6114273071289,119.13957977294922,119.15869903564453,117.02677154541016,117.44741821289062,3860472,106.9215868753939
2020-12-03,94.83651733398438,118.17399597167969,119.36902618408203,117.86807250976562,118.6998062133789,4757417,106.05501050112818
2020-12-04,97.59086608886719,121.60611724853516,121.77820587158203,118.20267486572266,118.5181655883789,5776849,109.13517934678643
2020-12-07,95.67281341552734,119.216064453125,121.38623046875,119.09178161621094,120.9273452758789,8701151,106.9902345287856
2020-12-08,96.44770812988281,120.181640625,120.77437591552734,119.15869903564453,119.80879211425781,5643170,107.8567938392548
2020-12-09,97.27628326416016,121.21414947509766,122.07456970214844,120.17208099365234,120.26768493652344,6813121,108.78338358587415
2020-12-10,95.87227630615234,119.46463012695312,121.34799194335938,119.44550323486328,120.79350280761719,5024147,107.21329247686822
2020-12-11,95.3428955078125,118.80496978759766,119.99044036865234,118.17399597167969,118.62332916259766,4687544,106.6212896523728
2020-12-14,94.77513885498047,118.0975112915039,120.68833923339844,118.04015350341797,119.80879211425781,5282300,105.98637137963475
2020-12-15,96.61649322509766,120.3919677734375,120.3919677734375,118.011474609375,118.91969299316406,4556585,108.04554502443808
2020-12-16,96.32492065429688,120.02867889404297,121.00382232666016,119.78011322021484,120.3919677734375,4738485,107.71948146867489
2020-12-17,96.32492065429688,120.02867889404297,120.54492950439453,119.41682434082031,120.53536987304688,3962248,107.71948146867489
2020-12-18,96.55510711669922,120.31549072265625,120.84130096435547,119.47418975830078,120.06692504882812,7900229,107.97689737104639
2020-12-21,94.66773223876953,117.96366882324219,118.71892547607422,116.36711120605469,118.5181655883789,6397022,105.8662593159449
2020-12-22,94.83651733398438,118.17399597167969,118.75717163085938,117.02677154541016,117.88719177246094,4535561,106.05501050112818
2020-12-23,95.05901336669922,118.45124053955078,119.7036361694336,118.29827880859375,118.43212127685547,2817819,106.30382625005464
2020-12-24,95.66513061523438,119.20649719238281,119.59847259521484,118.74761199951172,119.50286865234375,1842111,106.98164290723882
2020-12-28,95.76487731933594,119.3307876586914,121.03250122070312,118.98661804199219,119.59847259521484,3781499,107.09318894507665
2020-12-29,94.9822998046875,118.35564422607422,119.96176147460938,117.82026672363281,119.83747863769531,3647402,106.21803801306066
2020-12-30,95.39659118652344,118.87189483642578,119.35946655273438,118.193115234375,118.35564422607422,3535794,106.68133715231946
2020-12-31,96.578125,120.34416961669922,120.4875717163086,118.53728485107422,118.75717163085938,3738822,108.0026381080937
2021-01-04,95.08971405029297,118.48948669433594,120.38240814208984,117.62906646728516,120.31549072265625,5417443,106.33815860864875
2021-01-05,96.7776107788086,120.59273529052734,121.1089859008789,119.13002014160156,119.5124282836914,6395872,108.2257216518711
2021-01-06,99.19437408447266,123.60420989990234,126.08030700683594,121.14722442626953,121.3193130493164,8322708,110.92837106336626
2021-01-07,98.96417999267578,123.31739807128906,124.7227554321289,122.61949920654297,124.32122039794922,4714740,110.6709466290965
2021-01-08,98.61127471923828,122.87763214111328,123.63288879394531,121.39579010009766,122.9158706665039,4891305,110.2762951432294
2021-01-11,98.64962768554688,122.92543029785156,123.97705841064453,122.04589080810547,122.32313537597656,5859587,110.31918499577726
2021-01-12,99.13297271728516,123.52772521972656,124.13957977294922,122.3135757446289,123.41300201416016,3921663,110.85970634617804
2021-01-13,97.37603759765625,121.33843231201172,124.04397583007812,120.8986587524414,123.4703598022461,8030874,108.89493815561023
2021-01-14,98.94884490966797,123.29827880859375,124.43594360351562,121.94072723388672,122.39006042480469,7848347,110.65379751359596
2021-01-15,98.50384521484375,122.74378967285156,123.55640411376953,122.05545043945312,122.63862609863281,5131153,110.1561574838448
2021-01-19,98.98719787597656,123.34607696533203,123.8910140991211,122.45697784423828,123.59464263916016,5646308,110.69668736614382
2021-01-20,99.80045318603516,124.35946655273438,125.2963638305664,122.90631103515625,123.99617767333984,5856240,111.60614506105915
2021-01-21,101.00502014160156,125.86042022705078,126.42447662353516,124.3307876586914,124.397705078125,13116003,112.95320381767723
2021-01-22,91.00040435791016,113.39388275146484,115.3919677734375,112.1988525390625,115.3919677734375,39814421,101.7651123332283
2021-01-25,90.97740173339844,113.36520385742188,114.2829818725586,112.28489685058594,113.53728485107422,14315974,101.7393886599775
2021-01-26,93.97722625732422,117.1032485961914,117.1988525390625,113.21223449707031,113.93881225585938,11186656,105.09407133211822
2021-01-27,93.9618911743164,117.0841293334961,119.3021011352539,116.2715072631836,116.7112808227539,12705239,105.07692221661767
2021-01-28,92.12821960449219,114.79923248291016,117.78202819824219,114.7896728515625,117.39962005615234,8455969,103.02634019336112
2021-01-29,91.384033203125,113.87189483642578,115.96558380126953,113.67112731933594,114.93307495117188,12369473,102.19412177338428
2021-02-01,92.48114776611328,115.23900604248047,115.63097381591797,113.50860595703125,114.62715148925781,6538023,103.42101727492299
2021-02-02,91.63719940185547,114.1873779296875,115.67877960205078,114.03441619873047,114.11090087890625,6633627,102.47723575331182
2021-02-03,91.39169311523438,113.88145446777344,114.53154754638672,112.92543029785156,113.80496978759766,7024308,102.20268779923629
2021-02-04,92.84941101074219,115.6978988647461,115.77437591552734,113.64244842529297,114.63671112060547,4771957,103.8328434719854
2021-02-05,93.440185546875,116.43403625488281,116.45315551757812,115.21988677978516,115.67877960205078,4775722,104.49350248177079
2021-02-08,94.83651733398438,118.17399597167969,118.52772521972656,117.01720428466797,117.22753143310547,6158848,106.05501050112818
2021-02-09,94.92982482910156,116.73040008544922,117.20841217041016,115.72657775878906,116.53919982910156,4933982,106.15935561683544
2021-02-10,95.03865814208984,116.86424255371094,117.98279571533203,115.8795394897461,117.61949920654297,5090673,106.2810631454997
2021-02-11,94.00463104248047,115.59273529052734,116.83556365966797,115.3250503540039,116.63479614257812,5629154,105.12471791066444
2021-02-12,93.91909790039062,115.4875717163086,116.02294158935547,114.80879211425781,115.67877960205078,4049275,105.02906679928309
2021-02-16,93.3515396118164,114.7896728515625,115.2963638305664,114.11090087890625,114.86615753173828,6945231,104.39437035589977
2021-02-17,93.2738037109375,114.69407653808594,115.25812530517578,113.78585052490234,114.02485656738281,4141219,104.30743884453908
2021-02-18,93.86468505859375,115.42064666748047,115.62141418457031,114.43594360351562,115.20076751708984,5646413,104.9682173009001
2021-02-19,92.51187133789062,113.75717163085938,115.44933319091797,113.17399597167969,115.43977355957031,6881320,103.45537522921188
2021-02-22,93.96575927734375,115.54492950439453,115.80306243896484,113.23136138916016,113.2887191772461,6149643,105.08124788903498
2021-02-23,93.84913635253906,115.40152740478516,116.01338195800781,114.53154754638672,115.602294921875,4739740,104.9508292922483
2021-02-24,95.7928237915039,117.79158782958984,118.05927276611328,115.21988677978516,115.4875717163086,6087720,107.12444128839927
2021-02-25,95.21749114990234,117.0841293334961,118.88145446777344,116.95984649658203,117.94454956054688,5953623,106.48105084069005
2021-02-26,92.46521759033203,113.6998062133789,116.8738021850586,113.65200805664062,116.8738021850586,9467346,103.40320267135826
2021-03-01,93.87244415283203,115.43020629882812,116.94072723388672,114.58891296386719,115.05735778808594,5977367,104.97689424142946
2021-03-02,93.55369567871094,115.03823852539062,116.53919982910156,114.97132110595703,115.43020629882812,4732418,104.6204400640678
2021-03-03,95.1319808959961,116.97896575927734,117.23709106445312,114.7036361694336,115.20076751708984,7744898,106.38542532500347
2021-03-04,93.38264465332031,114.82791900634766,117.8011474609375,113.53728485107422,116.63479614257812,8439651,104.4291549051016
2021-03-05,95.49739074707031,117.42829895019531,118.3078384399414,114.96176147460938,115.33460998535156,7268968,106.79406059211702
2021-03-08,97.03678894042969,119.32122039794922,121.2715072631836,117.4760971069336,117.58126068115234,7572203,108.5155587676267
2021-03-09,96.54696655273438,118.71892547607422,120.86997985839844,118.6998062133789,119.8852767944336,5867014,107.96779383560406
2021-03-10,99.41585540771484,122.24665069580078,122.60037994384766,119.13002014160156,119.55066680908203,7581199,111.17605206982427
2021-03-11,98.84830474853516,121.54875946044922,122.98279571533203,121.20458984375,122.45697784423828,5383657,110.5413641583392
2021-03-12,99.2137222290039,121.99808502197266,122.06501007080078,121.04206848144531,121.5965576171875,4194565,110.95000795735102
2021-03-15,99.96785736083984,122.92543029785156,123.08795166015625,121.93116760253906,122.15105438232422,3577948,111.79335197265755
2021-03-16,99.70352172851562,122.60037994384766,122.86807250976562,121.73995971679688,122.63862609863281,4867247,111.49774729367888
2021-03-17,100.31773376464844,123.35564422607422,123.79541015625,121.88336181640625,122.81070709228516,4488804,112.18461629491584
2021-03-18,101.11853790283203,124.34034729003906,125.23900604248047,122.17017364501953,123.26959991455078,6104142,113.08014993187251
2021-03-19,100.2166519165039,123.23136138916016,124.7036361694336,122.87763214111328,124.3021011352539,10297870,112.07157717488269
2021-03-22,101.4994888305664,124.80879211425781,124.97132110595703,122.26577758789062,122.84894561767578,4356485,113.5061646757396
2021-03-23,101.42952728271484,124.7227554321289,125.77437591552734,124.09178161621094,124.7036361694336,4556794,113.42792716870481
2021-03-24,101.55391693115234,124.87571716308594,126.3001937866211,124.82791900634766,125.19120788574219,4189230,113.56703123791911
2021-03-25,103.458740234375,127.21797180175781,127.38050079345703,124.06309509277344,124.59847259521484,5809484,115.69718174433886
2021-03-26,106.03218841552734,130.38241577148438,130.47801208496094,127.26577758789062,127.42829895019531,5823710,118.57505075037858
2021-03-29,105.62789916992188,129.88528442382812,131.0420684814453,129.55067443847656,130.0,4835344,118.12293692973729
2021-03-30,104.74158477783203,128.79541015625,130.27725219726562,128.12619018554688,129.88528442382812,5010758,117.13177777709403
2021-03-31,103.60646057128906,127.39962005615234,128.78585815429688,126.8738021850586,128.62332153320312,5172575,115.86237635842912
2021-04-01,103.58313751220703,127.37093353271484,128.04014587402344,126.45315551757812,127.87763214111328,4261404,115.83629434545144
2021-04-05,105.68228912353516,129.9521942138672,130.67877197265625,127.53346252441406,127.76290893554688,5722980,118.18376083242552
2021-04-06,104.35282897949219,128.31739807128906,129.67495727539062,128.193115234375,129.61758422851562,3787566,116.69703490130802
2021-04-07,104.90482330322266,128.9961700439453,129.0057373046875,127.8967514038086,127.95410919189453,3112896,117.31432627224304
2021-04-08,105.0525894165039,129.17782592773438,129.66539001464844,128.26004028320312,128.65200805664062,4275211,117.47957207772285
2021-04-09,105.52682495117188,129.76100158691406,129.7705535888672,128.78585815429688,128.93881225585938,3162999,118.0099063416024
2021-04-12,104.64049530029297,128.67112731933594,129.4168243408203,127.96366882324219,129.08221435546875,3926684,117.01873012516263
2021-04-13,101.98930358886719,125.41108703613281,127.74378967285156,124.64627075195312,127.15105438232422,8403041,114.05392107586398
2021-04-14,103.11665344238281,126.79732513427734,126.94072723388672,124.78011322021484,125.53536987304688,6137928,115.31462849020299
2021-04-15,103.07777404785156,126.74951934814453,127.98279571533203,126.40535736083984,127.41873931884766,4062664,115.27114993667527
2021-04-16,103.86302947998047,127.71510314941406,128.2026824951172,127.1032485961914,127.15105438232422,5535223,116.14929556498015
2021-04-19,103.49760437011719,127.26577758789062,127.93498992919922,126.74951934814453,127.72466278076172,8575736,115.74064323407008
2021-04-20,107.41609954833984,132.08413696289062,133.62332153320312,130.68833923339844,131.0420684814453,16192708,120.12266883937036
2021-04-21,111.60667419433594,137.23709106445312,137.4091796875,131.65391540527344,131.988525390625,12456814,124.80895900038219
2021-04-22,109.84182739257812,135.06692504882812,138.374755859375,134.7992401123047,137.3804931640625,7428064,122.83534323131983
2021-04-23,110.73590850830078,136.16635131835938,137.29444885253906,134.75143432617188,135.09559631347656,4765576,123.83518785639072
2021-04-26,110.0672607421875,135.3441619873047,137.31358337402344,135.2581329345703,136.1567840576172,4927497,123.08744376107599
2021-04-27,110.40937805175781,135.7648162841797,136.29063415527344,134.5602264404297,135.45889282226562,4062664,123.47003114280488
2021-04-28,111.17906951904297,136.71128845214844,137.09368896484375,135.85086059570312,136.63479614257812,3941433,124.33077169866148
2021-04-29,112.14314270019531,137.89674377441406,142.1988525390625,136.69215393066406,137.7915802001953,4554179,125.4088879583602
2021-04-30,110.30831146240234,135.64053344726562,137.50477600097656,134.3690185546875,137.3804931640625,9280321,123.35700908656827
2021-05-03,112.53963470458984,138.3843231201172,139.34034729003906,137.23709106445312,137.48565673828125,5997241,125.8522821789808
2021-05-04,113.3171615600586,139.34034729003906,140.14340209960938,137.9827880859375,138.0592803955078,6642623,126.72178499434935
2021-05-05,112.90504455566406,138.83364868164062,139.52198791503906,138.5946502685547,139.52198791503906,5229895,126.26091744609435
2021-05-06,115.39302062988281,141.89292907714844,141.97897338867188,138.79541015625,138.87188720703125,7848661,129.0432035959388
2021-05-07,114.35526275634766,139.06309509277344,139.71319580078125,138.2122344970703,139.50286865234375,7325661,127.88268626285489
2021-05-10,114.9134292602539,139.7418670654297,141.8546905517578,139.3881378173828,139.3881378173828,7304636,128.50687993948142
2021-05-11,113.38042449951172,137.87762451171875,138.8049774169922,136.6156768798828,138.61376953125,7454214,126.79253149471276
2021-05-12,111.0848388671875,135.08604431152344,137.81069946289062,134.93307495117188,137.51434326171875,6233742,124.22539422326489
2021-05-13,113.34111022949219,137.829833984375,138.52772521972656,135.06692504882812,135.2294464111328,4807207,126.74856662298427
2021-05-14,113.74202728271484,138.31739807128906,139.28298950195312,137.62905883789062,138.72848510742188,2873780,127.19690934459508
2021-05-17,114.08008575439453,138.72848510742188,139.3881378173828,137.9827880859375,138.08795166015625,4471755,127.57495775645022
2021-05-18,113.13671875,137.58126831054688,138.91014099121094,136.93116760253906,138.41299438476562,4000009,126.51999706862637
2021-05-19,112.5706787109375,136.89292907714844,136.90248107910156,134.72274780273438,136.06118774414062,4498532,125.88699847299657
2021-05-20,113.11312103271484,137.55258178710938,138.53729248046875,135.90821838378906,136.8260040283203,4301675,126.49360790731136
2021-05-21,113.78923797607422,138.374755859375,139.29254150390625,137.93499755859375,137.93499755859375,4219041,127.24970473102162
2021-05-24,113.77349853515625,138.3556365966797,138.9961700439453,137.83938598632812,138.68069458007812,3449290,127.23210342491336
2021-05-25,113.04237365722656,137.46653747558594,138.62332153320312,136.90248107910156,138.54684448242188,4118311,126.41449161475589
2021-05-26,112.72002410888672,137.07456970214844,137.65774536132812,136.74952697753906,137.18930053710938,3225655,126.05401038141598
2021-05-27,113.06597900390625,137.49522399902344,138.4034423828125,137.31358337402344,137.49522399902344,5889294,126.44088930796916
2021-05-28,113.0030517578125,137.41873168945312,137.9827880859375,137.1797332763672,137.86807250976562,2651192,126.37051821112914
2021-06-01,113.35684204101562,137.8489532470703,139.4168243408203,137.4282989501953,138.62332153320312,2528705,126.76615939719427
2021-06-02,114.55964660644531,139.31166076660156,139.34034729003906,137.7724609375,138.26004028320312,2915097,128.11124728531453
2021-06-03,114.4260025024414,139.14913940429688,139.46463012695312,137.70555114746094,138.53729248046875,4320608,127.9617940235121
2021-06-04,115.8961410522461,140.93690490722656,141.06118774414062,139.3498992919922,139.579345703125,3261323,129.60583962662682
2021-06-07,116.36783599853516,141.51051330566406,142.1988525390625,140.69789123535156,141.06118774414062,3621984,130.13333276838614
2021-06-08,117.19330596923828,142.51434326171875,143.5946502685547,141.6061248779297,141.6061248779297,5313785,131.05645003241406
2021-06-09,118.45115661621094,144.04397583007812,144.4263916015625,142.27532958984375,142.47610473632812,5547252,132.46309556647284
2021-06-10,118.34898376464844,143.91969299316406,146.11854553222656,143.1739959716797,144.8087921142578,4977391,132.34883638498866
2021-06-11,118.93074798583984,144.6271514892578,145.17208862304688,143.75717163085938,143.8145294189453,3596462,132.9994192229302
2021-06-14,117.94803619384766,143.43212890625,144.3881378173828,142.12237548828125,144.08221435546875,3498661,131.90045953578482
2021-06-15,117.4212875366211,142.7915802001953,143.31739807128906,142.06500244140625,143.26004028320312,2628912,131.31140021618873
2021-06-16,116.2184829711914,141.32887268066406,143.1739959716797,140.74569702148438,143.1739959716797,4057329,129.96631232806845
2021-06-17,114.46533966064453,139.1969451904297,141.5487518310547,138.89100646972656,141.06118774414062,4568300,128.00578449093535
2021-06-18,112.51561737060547,136.8260040283203,138.31739807128906,136.74952697753906,138.12619018554688,9577699,125.82542376326155
2021-06-21,115.29078674316406,140.2007598876953,140.602294921875,137.72467041015625,137.7724609375,4482633,128.92887615926853
2021-06-22,115.06279754638672,139.92352294921875,140.35372924804688,138.9579315185547,140.07647705078125,2549102,128.67391744359563
2021-06-23,113.68700408935547,138.25047302246094,140.05735778808594,138.2122344970703,139.9904327392578,3349920,127.13537729435137
2021-06-24,114.33955383300781,139.04397583007812,139.76100158691406,138.32696533203125,139.3881378173828,3775746,127.86511908433967
2021-06-25,115.440185546875,140.38241577148438,140.46844482421875,138.57553100585938,138.9866180419922,3759533,129.09594779097577
2021-06-28,114.22161865234375,138.90057373046875,140.82217407226562,138.53729248046875,140.54493713378906,4067789,127.73323300105245
2021-06-29,114.4260025024414,139.14913940429688,140.28680419921875,138.71893310546875,138.87188720703125,2540211,127.9617940235121
2021-06-30,115.2436294555664,140.14340209960938,140.46844482421875,138.34608459472656,138.7476043701172,3394375,128.8761404961298
2021-07-01,115.440185546875,140.38241577148438,141.0133819580078,140.12428283691406,140.49713134765625,2809661,129.09594779097577
2021-07-02,110.0785140991211,133.86233520507812,140.48757934570312,133.32696533203125,140.44932556152344,17584515,123.10002831100797
2021-07-06,109.10370635986328,132.67686462402344,134.24473571777344,131.07073974609375,133.83364868164062,8466010,122.00990767045887
2021-07-07,109.92130279541016,133.67112731933594,134.15870666503906,132.65774536132812,132.65774536132812,4246446,122.92422001548356
2021-07-08,110.64456939697266,134.55067443847656,135.09559631347656,131.6061248779297,131.72084045410156,5739820,123.73304397043428
2021-07-09,111.25776672363281,135.29637145996094,135.73614501953125,134.64627075195312,135.2294464111328,4083689,124.41877822920279
2021-07-12,110.78606414794922,134.72274780273438,135.71701049804688,133.9579315185547,135.2103271484375,3496360,123.8912765555452
2021-07-13,110.28292846679688,134.11090087890625,134.72274780273438,133.48948669433594,134.72274780273438,3309858,123.32862346106066
2021-07-14,109.92130279541016,133.67112731933594,134.5602264404297,132.8202667236328,134.53155517578125,4606061,122.92422001548356
2021-07-15,110.41658782958984,134.27342224121094,134.28298950195312,132.69598388671875,133.193115234375,3807126,123.47809378665963
2021-07-16,109.19803619384766,132.7915802001953,134.7992401123047,132.49522399902344,134.7992401123047,4298328,122.11539606053283
2021-07-19,108.4275894165039,131.8546905517578,132.3996124267578,130.21987915039062,130.44932556152344,8977086,121.2538108467486
2021-07-20,110.03922271728516,133.8145294189453,138.54684448242188,132.6003875732422,136.71128845214844,14237838,123.05608903497425
2021-07-21,111.0848388671875,135.08604431152344,135.17208862304688,133.50860595703125,133.8145294189453,5024984,124.22539422326489
2021-07-22,110.62098693847656,134.52198791503906,135.5736083984375,134.2351837158203,135.43020629882812,3466653,123.70667187291579
2021-07-23,111.11624145507812,135.12428283691406,135.46844482421875,134.15870666503906,134.76100158691406,4680013,124.26051151649882
2021-07-26,112.240478515625,136.49139404296875,136.71128845214844,134.92352294921875,135.17208862304688,4441630,125.51773791634818
2021-07-27,112.22476196289062,136.47227478027344,137.32313537597656,135.3728485107422,136.26194763183594,3281302,125.5001622059347
2021-07-28,111.4543228149414,135.53536987304688,136.806884765625,135.4110870361328,136.72084045410156,2660815,124.63858552404874
2021-07-29,111.5801010131836,135.68833923339844,136.67303466796875,135.3728485107422,136.07073974609375,2793761,124.77924239874618
2021-07-30,110.8175277709961,134.76100158691406,135.6118621826172,134.5984649658203,135.29637145996094,3698238,123.92646210396522
2021-08-02,111.17914581298828,135.2007598876953,136.76864624023438,134.82791137695312,135.2294464111328,3064257,124.33085701764406
2021-08-03,113.26248931884766,137.73422241210938,138.33651733398438,135.420654296875,135.65965270996094,4272596,126.66064541142555
2021-08-04,112.23262786865234,136.48184204101562,137.83938598632812,136.20458984375,137.47610473632812,2960285,125.5089585930397
2021-08-05,112.240478515625,136.49139404296875,137.10325622558594,135.965576171875,136.73995971679688,2884240,125.51773791634818
2021-08-06,113.27822875976562,137.7533416748047,138.04014587402344,136.6061248779297,136.71128845214844,4002833,126.67824671753381
2021-08-09,112.323974609375,135.03823852539062,136.2332763671875,134.7705535888672,135.9464569091797,5129689,125.61111101089439
2021-08-10,112.42735290527344,135.1625213623047,135.5736083984375,134.1682586669922,135.0,5543695,125.72671823230348
2021-08-11,113.02376556396484,135.87954711914062,136.49139404296875,135.27725219726562,135.54493713378906,4455960,126.39368231490225
2021-08-12,113.77122497558594,136.7781982421875,136.8546905517578,135.8317413330078,136.0038299560547,2184780,127.22956091923218
2021-08-13,113.8587417602539,136.88336181640625,137.26577758789062,136.1759033203125,136.3671112060547,1997965,127.32743032416087
2021-08-16,114.18475341796875,137.27532958984375,137.41873168945312,135.9751434326172,136.93116760253906,2913319,127.69200686866509
2021-08-17,113.25436401367188,136.1567840576172,136.86424255371094,134.88528442382812,136.71128845214844,3215195,126.65155893977973
2021-08-18,110.90847778320312,133.33651733398438,135.67877197265625,133.26004028320312,135.4397735595703,3672192,124.02817086311045
2021-08-19,109.75541687011719,131.95028686523438,133.31739807128906,131.1759033203125,132.5908203125,4351465,122.73871095163868
2021-08-20,110.62223052978516,132.9923553466797,133.25047302246094,131.2332763671875,131.68260192871094,2780059,123.708062572332
2021-08-23,111.02777099609375,133.47991943359375,133.9866180419922,132.69598388671875,133.47991943359375,3179422,124.16157562428776
2021-08-24,111.20272064208984,133.69024658203125,134.06309509277344,133.193115234375,133.6328887939453,2474418,124.3572205832643
2021-08-25,111.2186050415039,133.70936584472656,134.6080322265625,133.32696533203125,133.7667236328125,2105389,124.37498399543948
2021-08-26,110.35979461669922,132.67686462402344,134.6080322265625,132.6099395751953,133.8145294189453,2613640,123.41458233601982
2021-08-27,110.86079406738281,133.27915954589844,133.4512481689453,132.31358337402344,132.6099395751953,2572637,123.97484649899185
2021-08-30,110.5108642578125,132.85850524902344,133.72848510742188,132.71510314941406,133.36520385742188,2087293,123.58352245344577
2021-08-31,111.60033416748047,134.1682586669922,134.7418670654297,132.83938598632812,133.4034423828125,4429915,124.80186899292897
2021-09-01,110.7732925415039,133.1739959716797,133.91014099121094,133.06883239746094,133.8240966796875,2588327,123.87699415785968
2021-09-02,111.33789825439453,133.85276794433594,133.89100646972656,132.91586303710938,133.57553100585938,2840413,124.5083887566168
2021-09-03,110.9959487915039,133.44168090820312,134.29254150390625,133.1739959716797,133.53729248046875,2009575,124.12598907664957
2021-09-07,109.78721618652344,131.988525390625,133.64244079589844,131.70172119140625,133.50860595703125,3436110,122.77427190358209
2021-09-08,110.2723159790039,132.5717010498047,132.97323608398438,131.5487518310547,132.06500244140625,3122728,123.31675559058243
2021-09-09,109.53277587890625,131.68260192871094,132.8489532470703,131.51051330566406,131.7877655029297,3669682,122.48973309664531
2021-09-10,108.96018981933594,130.9942626953125,133.2409210205078,130.9751434326172,132.71510314941406,4157955,121.84941413230932
2021-09-13,109.8587875366211,132.07456970214844,132.87762451171875,131.46270751953125,132.31358337402344,4334729,122.85430964114953
2021-09-14,108.32404327392578,130.2294464111328,132.47610473632812,129.3881378173828,132.31358337402344,4659198,121.13801592357781
2021-09-15,109.10334014892578,131.16635131835938,131.73995971679688,129.70362854003906,130.2294464111328,3403579,122.00949813934244
2021-09-16,108.49103546142578,130.43020629882812,131.88336181640625,129.7418670654297,131.24282836914062,2765624,121.32476211267024
2021-09-17,107.53678894042969,129.28298950195312,129.94264221191406,129.11090087890625,129.78012084960938,5890340,120.25763493792908
2021-09-20,106.80519104003906,128.4034423828125,129.2351837158203,126.94072723388672,128.011474609375,4990152,119.43949415007955
2021-09-21,105.73958587646484,127.12236785888672,129.68450927734375,127.09368896484375,129.1682586669922,4261927,118.24783538835041
2021-09-22,107.05966186523438,128.70936584472656,129.4168243408203,127.60037994384766,127.83938598632812,3767901,119.72406708460937
2021-09-23,108.72959899902344,130.71701049804688,131.37667846679688,129.09178161621094,129.30210876464844,3151807,121.5915460393301
2021-09-24,109.33393859863281,131.44358825683594,132.3900604248047,130.73614501953125,131.0038299560547,3100762,122.26737476421994
2021-09-27,110.1848373413086,132.46653747558594,132.95411682128906,131.4340362548828,131.89292907714844,3459017,123.21892884514503
2021-09-28,109.31805419921875,131.42446899414062,133.54684448242188,131.1759033203125,133.04971313476562,4513072,122.24961135204475
2021-09-29,110.67787170410156,133.0592803955078,133.7762908935547,130.4397735595703,131.67303466796875,3947499,123.7702857063347
2021-09-30,110.47905731201172,132.8202667236328,134.3881378173828,132.4091796875,133.8432159423828,6090230,123.5479529696041
2021-10-01,113.9700698852539,137.0172119140625,137.6386260986328,134.1969451904297,134.7992401123047,6907889,127.45192778355582
2021-10-04,114.59828186035156,137.7724609375,139.579345703125,136.08985900878906,136.46270751953125,7689251,128.15445281809798
2021-10-05,113.83489990234375,136.8546905517578,138.62332153320312,136.3671112060547,138.3843231201172,7297524,127.30076814210157
2021-10-06,113.20664978027344,136.09942626953125,137.06500244140625,134.69407653808594,136.21414184570312,5573506,126.59820044806811
2021-10-07,112.76929473876953,135.5736083984375,137.09368896484375,135.30592346191406,136.45315551757812,3999695,126.10910938037243
2021-10-08,113.89054870605469,136.92160034179688,137.33270263671875,134.84703063964844,135.5736083984375,3902940,127.36299980800254
2021-10-11,113.26231384277344,136.16635131835938,137.74378967285156,136.13766479492188,137.18930053710938,2921792,126.66044917776559
2021-10-12,111.70369720458984,134.29254150390625,136.0420684814453,134.13002014160156,135.95602416992188,3293436,124.91745915054155
2021-10-13,111.9343490600586,134.56979370117188,135.1912078857422,133.51815795898438,134.34034729003906,3013003,125.17539549870685
2021-10-14,114.02574920654297,137.08413696289062,137.5908203125,134.8087921142578,134.8374786376953,4410668,127.51419357704981
2021-10-15,114.99586486816406,138.25047302246094,138.47991943359375,136.51051330566406,137.08413696289062,3371049,128.59906710016963
2021-10-18,113.17483520507812,136.06118774414062,138.5659637451172,135.52581787109375,137.66729736328125,6437189,126.5626224323282
2021-10-19,112.90446472167969,135.73614501953125,136.65391540527344,134.34034729003906,134.87571716308594,4539117,126.26026902182667
2021-10-20,112.84085083007812,135.65965270996094,135.9464569091797,134.51242065429688,135.44932556152344,6474008,126.18913005414335
2021-10-21,102.04979705810547,122.6864242553711,127.83938598632812,122.46653747558594,127.63862609863281,32913959,114.12157049715938
2021-10-22,101.69193267822266,122.25621032714844,124.52198791503906,121.04206848144531,122.41873931884766,12114981,113.72137327742395
2021-10-25,101.50111389160156,122.02677154541016,122.99235534667969,121.35755157470703,121.9216079711914,6667204,113.50798197006876
2021-10-26,101.09554290771484,121.53919982910156,122.65774536132812,121.18547058105469,121.91204833984375,8912861,113.05443479051996
2021-10-27,99.53693389892578,119.66539001464844,122.25621032714844,119.5124282836914,121.83556365966797,7294176,111.31145329519418
2021-10-28,100.0697250366211,120.30592346191406,120.75525665283203,119.13957977294922,119.66539001464844,6802138,111.90726987821137
2021-10-29,99.48126983642578,119.59847259521484,120.76481628417969,119.41682434082031,119.91395568847656,6188973,111.24920456549671
2021-11-01,100.41961669921875,120.72657775878906,120.75525665283203,118.39388275146484,119.55066680908203,6177153,112.29855126426617
2021-11-02,100.340087890625,120.63097381591797,121.57743835449219,119.41682434082031,120.74569702148438,4722062,112.20961475681463
2021-11-03,101.09554290771484,121.53919982910156,121.6921615600586,120.15296173095703,120.67877960205078,5670784,113.05443479051996
2021-11-04,100.52227020263672,120.8499984741211,123.33999633789062,119.9000015258789,123.05000305175781,7208700,112.41334795534067
2021-11-05,102.81802368164062,123.61000061035156,123.7699966430664,121.43000030517578,121.43000030517578,6790500,114.98067292855025
2021-11-08,103.59159851074219,124.54000091552734,124.77999877929688,123.52999877929688,123.98999786376953,5625300,115.84575622062064
2021-11-09,101.86366271972656,120.8499984741211,122.9000015258789,120.26000213623047,122.55999755859375,7236600,113.91341777533519
2021-11-10,101.33264923095703,120.22000122070312,122.43000030517578,119.93000030517578,121.0,6270300,113.31958912461235
2021-11-11,101.37477111816406,120.2699966430664,121.79000091552734,120.08000183105469,120.9000015258789,4643300,113.36669373490015
2021-11-12,100.27059936523438,118.95999908447266,120.63999938964844,118.77999877929688,120.0,5418300,112.1319062274719
2021-11-15,100.1947250366211,118.87000274658203,120.16000366210938,118.30999755859375,119.54000091552734,5046300,112.0470564992864
2021-11-16,99.8491439819336,118.45999908447266,119.9000015258789,118.41999816894531,118.91999816894531,4750800,111.66059563574792
2021-11-17,99.51199340820312,118.05999755859375,119.33000183105469,117.77999877929688,118.37999725341797,4043300,111.2835625197856
2021-11-18,98.33193969726562,116.66000366210938,118.36000061035156,116.30999755859375,118.36000061035156,5046900,109.96391675227359
2021-11-19,97.8177719116211,116.05000305175781,116.55999755859375,115.2699966430664,116.48999786376953,5380200,109.38892653290657
2021-11-22,98.17176818847656,116.47000122070312,118.80999755859375,115.19000244140625,116.0,6416200,109.78479808022469
2021-11-23,98.4415054321289,116.79000091552734,117.94000244140625,116.04000091552734,116.79000091552734,4912800,110.08644334317071
2021-11-24,98.39093780517578,116.7300033569336,117.2699966430664,116.08000183105469,116.16000366210938,3220800,110.02989392151024
2021-11-26,97.61547088623047,115.80999755859375,116.33999633789062,114.55999755859375,115.0,3322000,109.16269471867162
2021-11-29,99.88285827636719,118.5,119.61000061035156,117.52999877929688,118.62000274658203,8949800,111.69829809415432
2021-11-30,98.70280456542969,117.0999984741211,119.23999786376953,116.44999694824219,117.5,9252700,110.37865232664231
2021-12-01,98.55108642578125,116.91999816894531,118.93000030517578,116.8499984741211,118.25,5958300,110.20898699786436
2021-12-02,98.53424072265625,116.9000015258789,117.9800033569336,116.55999755859375,117.37000274658203,5267100,110.19014856650854
2021-12-03,100.16944122314453,118.83999633789062,119.36000061035156,117.36000061035156,117.36000061035156,6630100,112.01878178845617
2021-12-06,101.07134246826172,119.91000366210938,121.1500015258789,119.4000015258789,119.4000015258789,4785600,113.0273716092425
2021-12-07,102.47896575927734,121.58000183105469,122.08000183105469,120.06999969482422,120.4800033569336,5194000,114.60150683802318
2021-12-08,103.69274139404297,123.0199966430664,123.37999725341797,121.5199966430664,122.0,5483900,115.95886359583986
2021-12-09,104.15633392333984,123.56999969482422,123.94999694824219,121.79000091552734,122.1500015258789,4601100,116.47729586164814
2021-12-10,104.59463500976562,124.08999633789062,125.33000183105469,123.36000061035156,124.30000305175781,4966900,116.96744488472794
2021-12-13,103.3218765258789,122.58000183105469,124.36000061035156,120.79000091552734,123.76000213623047,6847500,115.54412802147114
2021-12-14,104.31649017333984,123.76000213623047,125.02999877929688,122.30000305175781,122.3499984741211,5716100,116.65639746990053
2021-12-15,103.76861572265625,123.11000061035156,124.81999969482422,122.18000030517578,123.80000305175781,4990000,116.04371332402535
2021-12-16,106.14556121826172,125.93000030517578,126.63999938964844,123.4800033569336,123.51000213623047,7280500,118.70183475850693
2021-12-17,107.38460540771484,127.4000015258789,128.63999938964844,125.20999908447266,125.87000274658203,10379000,120.08744916335732
2021-12-20,107.0980224609375,127.05999755859375,127.19999694824219,124.69999694824219,125.72000122070312,4941400,119.76696546905549
2021-12-21,108.70795440673828,128.97000122070312,129.33999633789062,127.66000366210938,127.66000366210938,4856000,121.56734104396938
2021-12-22,109.36540222167969,129.75,129.7899932861328,127.5999984741211,129.05999755859375,3923200,122.30256031263994
2021-12-23,110.10716247558594,130.6300048828125,130.9600067138672,129.52000427246094,130.0,3649000,123.13206558897042
2021-12-27,110.94161987304688,131.6199951171875,131.64999389648438,129.9499969482422,130.6300048828125,4293900,124.06523342914743
2021-12-28,111.79293823242188,132.6300048828125,133.22000122070312,131.58999633789062,131.60000610351562,3445200,125.01725676447677
2021-12-29,112.39981842041016,133.35000610351562,134.2100067138672,132.3000030517578,132.39999389648438,4239900,125.69592661148685
2021-12-30,112.8718490600586,133.91000366210938,134.3699951171875,133.3300018310547,133.75,3158100,126.22379515676957
2021-12-31,112.66114807128906,133.66000366210938,134.99000549316406,133.61000061035156,134.0,3362100,125.98816972255148
2022-01-03,114.66719818115234,136.0399932861328,136.2899932861328,133.6300048828125,134.07000732421875,4605900,128.2315214550713
2022-01-04,116.33615112304688,138.02000427246094,139.9499969482422,135.89999389648438,136.10000610351562,7300000,130.09789979491663
2022-01-05,116.50469970703125,138.22000122070312,142.1999969482422,137.8800048828125,138.30999755859375,8956900,130.28638649125386
2022-01-06,114.07718658447266,135.33999633789062,138.41000366210938,132.50999450683594,138.1999969482422,9908100,127.57171563511181
2022-01-07,113.6473388671875,134.8300018310547,135.66000366210938,133.50999450683594,134.89999389648438,5238100,127.09101995530297
2022-01-10,113.81587982177734,135.02999877929688,136.1999969482422,133.3800048828125,134.47000122070312,5432800,127.27949811974196
2022-01-11,111.9952392578125,132.8699951171875,133.25,127.97000122070312,130.52000427246094,11105300,125.24348857871172
2022-01-12,112.60211944580078,133.58999633789062,134.47000122070312,131.3699951171875,133.25,5352000,125.9221584257218
2022-01-13,113.58831787109375,134.75999450683594,136.0500030517578,133.55999755859375,133.89999389648438,4868300,127.02501719037154
2022-01-14,113.12472534179688,134.2100067138672,135.13999938964844,133.3000030517578,134.5500030517578,5310300,126.50658492456326
2022-01-18,112.05422973632812,132.94000244140625,133.88999938964844,131.77999877929688,132.9499969482422,5246700,125.3094572160501
2022-01-19,110.90789794921875,131.5800018310547,133.89999389648438,131.5,132.89999389648438,4103700,124.02752243884277
2022-01-20,110.26729583740234,130.82000732421875,132.8800048828125,130.57000732421875,131.25999450683594,5278200,123.31114160152802
2022-01-21,109.02825164794922,129.35000610351562,131.8699951171875,129.27000427246094,131.64999389648438,5907000,121.92552719667762
2022-01-24,108.58153533935547,128.82000732421875,129.14999389648438,124.19000244140625,127.98999786376953,13484000,121.42596748981819
2022-01-25,114.71778869628906,136.10000610351562,137.33999633789062,128.3000030517578,129.13999938964844,19715700,128.28809647242656
2022-01-26,113.16685485839844,134.25999450683594,137.07000732421875,133.1300048828125,136.47000122070312,8336000,126.5536980667493
2022-01-27,111.70023345947266,132.52000427246094,134.75,132.0800018310547,133.66000366210938,5497300,124.91358566873198
2022-01-28,113.369140625,134.5,134.52999877929688,131.7899932861328,133.19000244140625,5471500,126.77991281718774
2022-01-31,112.58527374267578,133.57000732421875,134.08999633789062,132.3000030517578,134.08999633789062,5859000,125.90331999436599
2022-02-01,114.2373275756836,135.52999877929688,135.9600067138672,132.5,133.75999450683594,6206400,127.75080017956768
2022-02-02,115.68712615966797,137.25,137.55999755859375,135.25999450683594,135.6999969482422,5357200,129.37209974192396
2022-02-03,116.13382720947266,137.77999877929688,138.75999450683594,135.8300018310547,137.0,6100800,129.8716423849869
2022-02-04,115.60279846191406,137.14999389648438,138.82000732421875,136.22000122070312,137.86000061035156,4142000,129.27779667046752
2022-02-07,115.6786880493164,137.24000549316406,137.82000732421875,136.27000427246094,137.4499969482422,3759000,129.36266346244955
2022-02-08,115.49324798583984,137.02000427246094,137.52000427246094,135.77999877929688,137.22999572753906,4181800,129.15528714336693
2022-02-09,116.14228057861328,137.7899932861328,138.35000610351562,136.8300018310547,137.83999633789062,5393500,129.88109572825783
2022-02-10,113.8987808227539,133.52000427246094,136.55999755859375,133.1699981689453,135.47000122070312,5978600,127.37220572622397
2022-02-11,113.19072723388672,132.69000244140625,134.7100067138672,132.3800048828125,133.89999389648438,4176200,126.58039437640164
2022-02-14,111.02397918701172,130.14999389648438,132.64999389648438,129.07000732421875,132.58999633789062,5345300,124.15733527085305
2022-02-15,110.84484100341797,129.94000244140625,131.67999267578125,129.61000061035156,130.63999938964844,4394000,123.95700629973234
2022-02-16,110.196533203125,129.17999267578125,130.44000244140625,128.25999450683594,129.4499969482422,4875600,123.23200824517603
2022-02-17,106.605224609375,124.97000122070312,128.5,124.8499984741211,128.0500030517578,6797000,119.21587309671185
2022-02-18,106.07630920410156,124.3499984741211,125.44000244140625,123.61000061035156,124.94000244140625,4609200,118.62439071801022
2022-02-22,105.70951080322266,123.91999816894531,125.0,122.68000030517578,124.19999694824219,5349700,118.21420264541354
2022-02-23,104.13137817382812,122.06999969482422,124.69999694824219,121.87000274658203,124.37999725341797,4086400,116.44938802244305
2022-02-24,104.04607391357422,121.97000122070312,122.0999984741211,118.80999755859375,120.0,6563200,116.35399286800946
2022-02-25,105.9312973022461,124.18000030517578,124.26000213623047,121.44999694824219,122.05000305175781,4460900,118.46222492780191
2022-02-28,104.50672149658203,122.51000213623047,123.38999938964844,121.04000091552734,122.20999908447266,6757300,116.86913182108978
2022-03-01,103.51718139648438,121.3499984741211,123.38999938964844,120.69999694824219,122.66999816894531,4873300,115.76253608500261
2022-03-02,105.65834045410156,123.86000061035156,124.63999938964844,121.80000305175781,122.58999633789062,4891400,118.1569792037906
2022-03-03,107.42413330078125,125.93000030517578,126.66999816894531,124.23999786376953,124.95999908447266,5206600,120.13165292823707
2022-03-04,108.01273345947266,126.62000274658203,127.3499984741211,124.20999908447266,124.4000015258789,4402400,120.78988034701865
2022-03-07,107.54356384277344,126.06999969482422,127.91000366210938,125.62000274658203,126.47000122070312,5047400,120.26521126358304
2022-03-08,107.21086883544922,125.68000030517578,128.35000610351562,124.81999969482422,126.62000274658203,4887600,119.89316077620397
2022-03-09,107.67151641845703,126.22000122070312,128.10000610351562,125.91000366210938,127.41000366210938,4403500,120.4082997292843
2022-03-10,106.07630920410156,124.3499984741211,126.02999877929688,123.12999725341797,125.75,5326800,118.62439071801022
2022-03-11,105.74363708496094,123.95999908447266,126.7699966430664,123.91000366210938,125.0,4119600,118.25236582632593
2022-03-14,105.72657775878906,123.94000244140625,125.16000366210938,122.69000244140625,124.44999694824219,3289200,118.23328850181886
2022-03-15,107.17675018310547,125.63999938964844,125.94000244140625,123.22000122070312,124.0,4021200,119.85500612718984
2022-03-16,108.37102508544922,127.04000091552734,127.27999877929688,124.70999908447266,126.5,4292800,121.19055535305658
2022-03-17,109.15582275390625,127.95999908447266,128.2899932861328,126.52999877929688,127.0999984741211,3671900,122.06818906746592
2022-03-18,109.8382568359375,128.75999450683594,128.92999267578125,126.37000274658203,127.37999725341797,7466000,122.83135030293462
2022-03-21,109.27526092529297,128.10000610351562,129.74000549316406,127.4000015258789,129.0,3384600,122.20175593471016
2022-03-22,110.09417724609375,129.05999755859375,129.3000030517578,127.8499984741211,128.5,2690200,123.11754429813364
2022-03-23,109.44586181640625,128.3000030517578,129.32000732421875,128.25,129.0800018310547,2924500,122.39253771167908
2022-03-24,110.25626373291016,129.25,129.3699951171875,127.80000305175781,128.3300018310547,2971100,123.29880447664554
2022-03-25,112.04765319824219,131.35000610351562,131.39999389648438,129.30999755859375,129.5,3530200,125.30210271975088
2022-03-28,112.15000915527344,131.47000122070312,131.5,129.60000610351562,130.82000732421875,2483500,125.41656666679327
2022-03-29,112.55094146728516,131.94000244140625,132.83999633789062,130.42999267578125,132.0399932861328,5791000,125.8649264522006
2022-03-30,112.71300506591797,132.1300048828125,133.0800018310547,131.38999938964844,132.00999450683594,2622900,126.04616103501773
2022-03-31,110.91310119628906,130.02000427246094,131.8800048828125,130.0,130.72000122070312,4274000,124.03334119345539
2022-04-01,111.02397918701172,130.14999389648438,130.27000427246094,128.05999755859375,129.66000366210938,4012400,124.15733527085305
2022-04-04,111.12635803222656,130.27000427246094,130.4499969482422,128.92999267578125,130.25999450683594,2809800,124.27182481359023
2022-04-05,109.94915008544922,128.88999938964844,131.22999572753906,128.66000366210938,129.85000610351562,3107200,122.95536144412881
2022-04-06,110.37567901611328,129.38999938964844,129.50999450683594,127.25,127.77999877929688,3958100,123.432345748195
2022-04-07,109.65911865234375,128.5500030517578,129.25,126.7300033569336,128.8699951171875,3538300,122.63102133181391
2022-04-08,108.95963287353516,127.7300033569336,128.77999877929688,127.2699966430664,128.00999450683594,3143300,121.84879130373642
2022-04-11,107.79949188232422,126.37000274658203,128.17999267578125,126.18000030517578,127.94999694824219,3202500,120.55141379068033
2022-04-12,107.46678924560547,125.9800033569336,127.33999633789062,125.58000183105469,126.41999816894531,2691000,120.17935477140298
2022-04-13,107.60327911376953,126.13999938964844,126.66999816894531,124.91000366210938,125.63999938964844,3064900,120.33199043125603
2022-04-14,107.9615707397461,126.55999755859375,130.5800018310547,126.37999725341797,128.92999267578125,6384200,120.73266543729396
2022-04-18,107.62886047363281,126.16999816894531,127.38999938964844,125.52999877929688,126.5999984741211,4884200,120.36059788611837
2022-04-19,110.17093658447266,129.14999389648438,129.39999389648438,126.0,126.08000183105469,7971400,123.20338372651717
2022-04-20,117.99339294433594,138.32000732421875,139.55999755859375,133.3800048828125,135.0,17859200,131.9511816709344
2022-04-21,119.29853820800781,139.85000610351562,141.8800048828125,137.35000610351562,138.22999572753906,9922300,133.41071644230055
2022-04-22,117.93366241455078,138.25,140.44000244140625,137.35000610351562,139.6999969482422,6508600,131.8843854394649
2022-04-25,118.65872192382812,139.10000610351562,139.64999389648438,135.19000244140625,137.58999633789062,5748300,132.6952143905065
2022-04-26,116.1764144897461,136.19000244140625,139.8699951171875,136.1699981689453,139.0,4956200,129.91926744106848
2022-04-27,115.21245574951172,135.05999755859375,137.1199951171875,134.6300048828125,135.77999877929688,4369100,128.84127915984365
2022-04-28,115.79251861572266,135.74000549316406,136.99000549316406,134.80999755859375,136.85000610351562,4474300,129.48995938447342
2022-04-29,112.78128814697266,132.2100067138672,135.5500030517578,132.0,135.1300048828125,5078700,126.12252152443554
2022-05-02,113.48928833007812,133.0399932861328,133.77000427246094,130.88999938964844,133.0,4213500,126.91427315097006
2022-05-03,113.04571533203125,132.52000427246094,133.60000610351562,131.99000549316406,133.0,3688600,126.41822858619332
2022-05-04,117.20858764648438,137.39999389648438,137.8699951171875,132.13999938964844,132.8699951171875,5932600,131.0735394246268
2022-05-05,115.9460678100586,135.9199981689453,137.25999450683594,134.75999450683594,136.4600067138672,5957400,129.66167236883354
2022-05-06,117.43888854980469,137.6699981689453,137.99000549316406,135.47000122070312,135.47000122070312,7306400,131.3310833054722
2022-05-09,116.07473754882812,134.44000244140625,136.35000610351562,133.32000732421875,134.41000366210938,7647900,129.80556283297113
2022-05-10,111.49011993408203,129.1300048828125,135.41000366210938,128.42999267578125,135.0,8642400,124.67861719067984
2022-05-11,112.88880920410156,130.75,132.9600067138672,129.86000061035156,129.86000061035156,5301100,126.24276156659926
2022-05-12,114.74510955810547,132.89999389648438,133.6199951171875,130.41000366210938,131.27000427246094,5384800,128.31864920009195
2022-05-13,115.34950256347656,133.60000610351562,133.8000030517578,131.0500030517578,133.0,4195100,128.99453764826958
2022-05-16,116.58413696289062,135.02999877929688,136.50999450683594,132.41000366210938,133.10000610351562,4250400,130.3752206159263
2022-05-17,119.46784210205078,138.3699951171875,138.3699951171875,135.63999938964844,137.19000244140625,4372900,133.60004779656543
2022-05-18,114.7796401977539,132.94000244140625,137.6199951171875,132.1699981689453,137.10000610351562,6003000,128.35726457161206
2022-05-19,111.94771575927734,129.66000366210938,132.32000732421875,128.7100067138672,132.0,5819700,125.19034338445657
2022-05-20,110.92892456054688,128.47999572753906,130.3699951171875,125.80000305175781,130.17999267578125,6914500,124.05103635044449
2022-05-23,113.2514419555664,131.1699981689453,131.9499969482422,129.4199981689453,129.5,3591500,126.64829122274655
2022-05-24,115.52214813232422,133.8000030517578,134.3699951171875,130.4199981689453,130.57000732421875,4189700,129.18760597397193
2022-05-25,116.03157043457031,134.38999938964844,134.82000732421875,132.86000061035156,132.86000061035156,3299300,129.75728935262185
2022-05-26,118.1900634765625,136.88999938964844,137.5500030517578,134.52000427246094,135.0,3929300,132.17111694425424
2022-05-27,120.24493408203125,139.27000427246094,139.74000549316406,137.24000549316406,137.38999938964844,4608000,134.46906429373323
2022-05-31,119.87366485595703,138.83999633789062,139.8300018310547,136.80999755859375,138.1999969482422,7978100,134.05387652875677
2022-06-01,120.383056640625,139.42999267578125,140.47000122070312,138.52000427246094,139.6699981689453,3796500,134.6235257798137
2022-06-02,121.00471496582031,140.14999389648438,140.2899932861328,136.85000610351562,139.4499969482422,3734800,135.3187219137514
2022-06-03,121.89400482177734,141.17999267578125,142.5800018310547,139.74000549316406,140.25999450683594,4352200,136.31320850671565
2022-06-06,123.3617935180664,142.8800048828125,144.72999572753906,142.0,142.97999572753906,4766900,137.9546262851666
2022-06-07,123.27546691894531,142.77999877929688,142.97999572753906,140.9600067138672,142.60000610351562,2887100,137.85808785636632
2022-06-08,121.5918197631836,140.8300018310547,142.8000030517578,140.14999389648438,142.07000732421875,3005700,135.97527708047423
2022-06-09,119.1138916015625,137.9600067138672,141.0399932861328,137.92999267578125,140.14999389648438,3591000,133.20422744063686
2022-06-10,117.58568572998047,136.19000244140625,137.8000030517578,135.25,137.8000030517578,4659500,131.4952455598731
2022-06-13,116.6531982421875,135.11000061035156,137.57000732421875,133.75999450683594,133.97000122070312,6486000,130.45245135896653
2022-06-14,117.17987060546875,135.72000122070312,136.9499969482422,134.86000061035156,135.0,4607800,131.04142535958002
2022-06-15,118.33684539794922,137.05999755859375,138.4499969482422,135.5800018310547,136.00999450683594,4606900,132.33526213485862
2022-06-16,117.13671112060547,135.6699981689453,136.24000549316406,134.38999938964844,135.3000030517578,5386400,130.993160411129
2022-06-17,116.57549285888672,135.02000427246094,136.97999572753906,132.85000610351562,135.99000549316406,12968500,130.36555397519888
2022-06-21,119.0189208984375,137.85000610351562,138.5,135.89999389648438,135.89999389648438,4089300,133.09802237110915
2022-06-22,118.35409545898438,137.0800018310547,138.17999267578125,136.02999877929688,136.10000610351562,3791500,132.3545527568222
2022-06-23,119.52832794189453,138.44000244140625,138.6199951171875,136.5,137.13999938964844,4547900,133.6676886859626
2022-06-24,122.65379333496094,142.05999755859375,142.3699951171875,139.1300048828125,139.1999969482422,11493000,137.1628746586321
2022-06-27,123.29270935058594,142.8000030517578,143.8300018310547,141.9499969482422,142.25999450683594,3936000,137.8773699464316
2022-06-28,122.48111724853516,141.86000061035156,144.16000366210938,141.32000732421875,142.9199981689453,4064800,136.96977220533674
2022-06-29,121.48820495605469,140.7100067138672,143.52000427246094,139.5,142.74000549316406,4161500,135.8594053702191
2022-06-30,121.90264129638672,141.19000244140625,142.4600067138672,139.27999877929688,139.5800018310547,4878000,136.32286661554483
2022-07-01,121.84222412109375,141.1199951171875,141.6699981689453,139.25999450683594,141.0,4011900,136.255302513232
2022-07-05,118.8203353881836,137.6199951171875,139.97000122070312,135.27000427246094,139.97000122070312,6273400,132.87594559132634
2022-07-06,119.21751403808594,138.0800018310547,139.13999938964844,137.1300048828125,138.0,3237000,133.32010768279025
2022-07-07,121.5918197631836,140.8300018310547,141.32000732421875,138.8300018310547,138.91000366210938,3897100,135.97527708047423
2022-07-08,121.28102111816406,140.47000122070312,141.32000732421875,139.82000732421875,140.75999450683594,2820800,135.6277131410984
2022-07-11,121.73859405517578,141.0,141.8699951171875,140.1300048828125,140.6199951171875,3904700,136.13941373918036
2022-07-12,120.16722869873047,139.17999267578125,141.5500030517578,138.57000732421875,140.83999633789062,3235400,134.38216690996558
2022-07-13,118.44043731689453,137.17999267578125,138.89999389648438,136.8000030517578,137.17999267578125,4123200,132.45110824941898
2022-07-14,120.06361389160156,139.05999755859375,139.42999267578125,135.02000427246094,135.60000610351562,5298400,134.26629519971044
2022-07-15,120.80615234375,139.9199981689453,140.67999267578125,138.61000061035156,140.67999267578125,4519300,135.09667072966334
2022-07-18,119.26068115234375,138.1300048828125,140.30999755859375,137.77999877929688,140.14999389648438,8231700,133.36838116313953
2022-07-19,113.00106048583984,130.8800048828125,132.55999755859375,127.72000122070312,131.5800018310547,29690500,126.36829138568355
2022-07-20,111.53328704833984,129.17999267578125,130.72000122070312,128.05999755859375,130.6999969482422,9882000,124.72689067102911
2022-07-21,109.78060150146484,127.1500015258789,128.80999755859375,125.12999725341797,128.75,11975400,122.76687474779156
2022-07-22,110.7303466796875,128.25,128.32000732421875,125.70999908447266,127.02999877929688,6467200,123.82896810255993
2022-07-25,110.98070526123047,128.5399932861328,129.1300048828125,127.9000015258789,128.44000244140625,4702400,124.10894234392815
2022-07-26,110.58355712890625,128.0800018310547,129.3000030517578,127.62999725341797,128.25999450683594,3645300,123.66481438005727
2022-07-27,111.4814682006836,129.1199951171875,129.42999267578125,127.58000183105469,127.97000122070312,4175600,124.66894201805417
2022-07-28,111.56782531738281,129.22000122070312,129.80999755859375,128.61000061035156,128.75,3913700,124.7655145744475
2022-07-29,112.92332458496094,130.7899932861328,131.0,129.30999755859375,129.52000427246094,5786800,126.28135987432286
2022-08-01,114.0025863647461,132.0399932861328,132.6999969482422,130.6999969482422,130.75,4142100,127.48829073393557
2022-08-02,113.80403137207031,131.80999755859375,132.77999877929688,130.50999450683594,132.1999969482422,4403600,127.26624808174577
2022-08-03,114.26161193847656,132.33999633789062,132.86000061035156,131.32000732421875,131.82000732421875,3088500,127.77795721172599
2022-08-04,113.65723419189453,131.63999938964844,132.2899932861328,131.02000427246094,132.14999389648438,3179800,127.10208582734485
2022-08-05,114.38249206542969,132.47999572753906,132.6699981689453,131.07000732421875,131.25,2586500,127.91313660774117
2022-08-08,114.49473571777344,132.61000061035156,133.35000610351562,132.02000427246094,133.10000610351562,3821200,128.03865789492718
2022-08-09,113.19207763671875,129.47000122070312,130.7899932861328,129.1199951171875,129.9199981689453,3496000,126.58190452239347
2022-08-10,114.96685028076172,131.5,131.77999877929688,130.33999633789062,130.75,3664000,128.56662029109077
2022-08-11,115.8760757446289,132.5399932861328,133.22999572753906,132.0,132.36000061035156,3501900,129.58340073420572
2022-08-12,117.16127014160156,134.00999450683594,134.08999633789062,131.97999572753906,132.6199951171875,2766900,131.02062459162465
2022-08-15,117.96556091308594,134.92999267578125,135.19000244140625,132.24000549316406,132.9600067138672,2791200,131.92005730608568
2022-08-16,119.39067077636719,136.55999755859375,137.3699951171875,134.4499969482422,134.60000610351562,4313600,133.51374764567592
2022-08-17,120.46602630615234,137.7899932861328,138.4199981689453,136.3000030517578,136.4600067138672,3667600,134.71631017338004
2022-08-18,121.58509063720703,139.07000732421875,139.1199951171875,137.75,137.7899932861328,3177700,135.9677519462098
2022-08-19,120.97305297851562,138.3699951171875,139.33999633789062,137.66000366210938,138.75,3155800,135.28331453597667
2022-08-22,118.50764465332031,135.5500030517578,137.85000610351562,135.47000122070312,137.64999389648438,3093600,132.52626574118227
2022-08-23,117.79947662353516,134.74000549316406,136.10000610351562,134.72000122070312,135.3699951171875,4141800,131.73432641288608
2022-08-24,116.47933197021484,133.22999572753906,135.11000061035156,133.11000061035156,134.88999938964844,2855400,130.25801792954277
2022-08-25,117.135009765625,133.97999572753906,134.42999267578125,133.07000732421875,133.64999389648438,2706000,130.99125779781724
2022-08-26,113.98765563964844,130.3800048828125,134.17999267578125,130.33999633789062,134.10000610351562,4185300,127.47159380904276
2022-08-29,113.92645263671875,130.30999755859375,131.4199981689453,129.57000732421875,129.99000549316406,2783000,127.40315092120926
2022-08-30,113.28823852539062,129.5800018310547,130.77000427246094,129.2899932861328,130.55999755859375,2407900,126.68944056804958
2022-08-31,112.30030059814453,128.4499969482422,130.0,128.39999389648438,129.9199981689453,3490400,125.5846365305968
2022-09-01,113.35819244384766,129.66000366210938,129.82000732421875,127.73999786376953,128.39999389648438,3396200,126.76766954318612
2022-09-02,111.72328186035156,127.79000091552734,130.55999755859375,127.23999786376953,130.3000030517578,3040600,124.93936053337234
2022-09-06,110.7878189086914,126.72000122070312,128.05999755859375,126.30000305175781,127.80000305175781,3347100,123.89323889214478
2022-09-07,111.65335083007812,127.70999908447266,127.87000274658203,126.27999877929688,126.69000244140625,2401500,124.86115715393058
2022-09-08,112.31780242919922,128.47000122070312,128.5399932861328,126.58999633789062,127.19999694824219,2964600,125.60420870520288
2022-09-09,112.947265625,129.19000244140625,129.49000549316406,128.05999755859375,128.89999389648438,3291900,126.30813297105952
2022-09-12,114.23245239257812,130.66000366210938,130.99000549316406,129.88999938964844,130.3300018310547,3741100,127.74534829658019
2022-09-13,111.25116729736328,127.25,129.91000366210938,126.7699966430664,129.13999938964844,4565600,124.41139813720878
2022-09-14,111.63584899902344,127.69000244140625,129.0,126.8499984741211,127.5,3819100,124.8415849793245
2022-09-15,109.71245574951172,125.48999786376953,127.47000122070312,124.9000015258789,127.38999938964844,5141700,122.6906678325424
2022-09-16,111.26866149902344,127.2699966430664,127.52999877929688,123.83000183105469,124.36000061035156,9839700,124.4309617799166
2022-09-19,111.67084503173828,127.7300033569336,128.05999755859375,126.27999877929688,126.48999786376953,3981600,124.88072079663841
2022-09-20,110.42061614990234,126.30000305175781,126.98999786376953,125.5199966430664,126.9000015258789,2837500,123.48259862894037
2022-09-21,109.22286987304688,124.93000030517578,127.83999633789062,124.91999816894531,126.88999938964844,3389500,122.14316738936579
2022-09-22,109.55508422851562,125.30999755859375,126.51000213623047,124.41000366210938,124.76000213623047,4046600,122.51468036715455
2022-09-23,107.28199005126953,122.70999908447266,125.0,121.73999786376953,124.52999877929688,5195600,119.97269513177413
2022-09-26,106.66999816894531,122.01000213623047,124.26000213623047,121.75,122.30000305175781,3987800,119.28830891293053
2022-09-27,106.4339370727539,121.73999786376953,123.94999694824219,121.08000183105469,122.5999984741211,4117200,119.02432344889962
2022-09-28,107.3257064819336,122.76000213623047,123.2300033569336,119.80999755859375,121.6500015258789,4996400,120.02158290879805
2022-09-29,106.3377685546875,121.62999725341797,122.62000274658203,120.56999969482422,121.8499984741211,3817700,118.91677887134526
2022-09-30,103.87230682373047,118.80999755859375,122.43000030517578,118.61000061035156,121.66000366210938,5346100,116.15967035326307
2022-10-03,106.23284149169922,121.51000213623047,122.20999908447266,119.5999984741211,120.16000366210938,4261700,118.79943967458959
2022-10-04,109.72119140625,125.5,125.6500015258789,122.5199966430664,122.80000305175781,4566100,122.70043685604892
2022-10-05,109.93103790283203,125.73999786376953,126.45999908447266,124.2300033569336,124.70999908447266,3212900,122.93510671766201
2022-10-06,106.86233520507812,122.2300033569336,125.30000305175781,121.7699966430664,124.87999725341797,5074600,119.50339806803926
2022-10-07,103.88106536865234,118.81999969482422,121.80000305175781,118.06999969482422,121.5,4499700,116.16946497246437
2022-10-10,102.94559478759766,117.75,119.95999908447266,117.04000091552734,119.79000091552734,5990000,115.12333479933855
2022-10-11,102.98929595947266,117.80000305175781,119.2300033569336,116.94000244140625,117.45999908447266,4043100,115.17220551256595
2022-10-12,102.78822326660156,117.56999969482422,118.80999755859375,117.19999694824219,118.0,3338800,114.94734733395069
2022-10-13,106.47764587402344,121.79000091552734,122.1500015258789,115.55000305175781,116.0999984741211,5837500,119.07320269402528
2022-10-14,104.94766998291016,120.04000091552734,122.54000091552734,119.83999633789062,121.80000305175781,3762400,117.36224141286544
2022-10-17,106.24158477783203,121.5199966430664,122.87999725341797,121.43000030517578,121.80000305175781,5458600,118.80921722999437
2022-10-18,107.48306274414062,122.94000244140625,123.94000244140625,121.81999969482422,123.0,5120300,120.19755331038938
2022-10-19,107.10713958740234,122.51000213623047,123.94000244140625,121.98999786376953,122.36000061035156,5906600,119.77716108747497
2022-10-20,112.1691665649414,128.3000030517578,128.9600067138672,125.1500015258789,126.25,13623100,125.43799026332155
