Date,Adj Close,Close,High,Low,Open,Volume,Corrected_Adj_Close
2011-12-23,10.374289751052856,10.374289751052856,10.654289722442627,10.328569412231445,10.59000015258789,225561000,10.374289751052856
2011-12-27,10.085710287094116,10.085710287094116,10.355709791183472,10.02856969833374,10.328569412231445,219408000,10.085710287094116
2011-12-28,9.885709881782532,9.885709881782532,10.142860412597656,9.79570984840393,10.074290037155151,235970000,9.885709881782532
2011-12-29,9.900000095367432,9.900000095367432,9.98429000377655,9.658570289611816,9.854289889335632,261632000,9.900000095367432
2011-12-30,9.89857017993927,9.89857017993927,10.084290504455566,9.832860231399536,9.872859716415405,218092000,9.89857017993927
2012-01-03,10.31999945640564,10.31999945640564,10.388569831848145,10.01857042312622,10.03999948501587,292138000,10.31999945640564
2012-01-04,11.492860317230225,11.492860317230225,11.567139625549316,10.258569717407227,10.335710048675537,1004899000,11.492860317230225
2012-01-05,11.328569650650024,11.328569650650024,11.694289445877075,11.039999723434448,11.345709562301636,865529000,11.328569650650024
2012-01-06,12.32714056968689,12.32714056968689,12.47143030166626,11.242860555648804,11.302859783172607,1256108000,12.32714056968689
2012-01-09,14.025709629058838,14.025709629058838,14.23570990562439,12.448569536209106,12.801430225372314,2140733000,14.025709629058838
2012-01-10,13.6899995803833,13.6899995803833,14.26285982131958,13.214290142059326,14.257140159606934,1463350000,13.6899995803833
2012-01-11,13.164290189743042,13.164290189743042,13.657139539718628,13.064290285110474,13.569999933242798,871486000,13.164290189743042
2012-01-12,13.164290189743042,13.164290189743042,13.338570594787598,12.742860317230225,13.211430311203003,612430000,13.164290189743042
2012-01-13,13.482860326766968,13.482860326766968,13.792860507965088,12.885710000991821,13.067140579223633,888391000,13.482860326766968
2012-01-17,13.531429767608643,13.531429767608643,13.978569507598877,13.475710153579712,13.714289665222168,588322000,13.531429767608643
2012-01-18,14.077140092849731,14.077140092849731,14.131430387496948,13.17857027053833,13.311430215835571,660912000,14.077140092849731
2012-01-19,14.780000448226929,14.780000448226929,14.942859411239624,14.237140417098999,14.237140417098999,787899000,14.780000448226929
2012-01-20,14.320000410079956,14.320000410079956,14.967139959335327,14.241429567337036,14.657139778137207,538608000,14.320000410079956
2012-01-23,13.422859907150269,13.422859907150269,14.231430292129517,13.371429443359375,14.101430177688599,610869000,13.422859907150269
2012-01-24,13.238569498062134,13.238569498062134,13.52713942527771,13.068569898605347,13.157140016555786,419293000,13.238569498062134
2012-01-25,13.57714056968689,13.57714056968689,13.64285945892334,13.092859983444214,13.242859840393066,779534000,13.57714056968689
2012-01-26,16.57286047935486,16.57286047935486,17.052860260009766,16.008570194244385,16.271430253982544,1589441000,16.57286047935486
2012-01-27,17.684290409088135,17.684290409088135,17.712860107421875,16.3257098197937,16.54286026954651,1022287000,17.684290409088135
2012-01-30,17.918570041656494,17.918570041656494,18.497140407562256,17.60285973548889,17.82286047935486,1058260000,17.918570041656494
2012-01-31,17.171430587768555,17.171430587768555,17.9271399974823,16.82142972946167,17.85570979118347,842737000,17.171430587768555
2012-02-01,17.567139863967896,17.567139863967896,17.678569555282593,16.892859935760498,17.344290018081665,523068000,17.567139863967896
2012-02-02,17.71428942680359,17.71428942680359,17.964290380477905,17.464289665222168,17.642860412597656,411264000,17.71428942680359
2012-02-03,18.06143045425415,18.06143045425415,18.212859630584717,17.619999647140503,17.85714030265808,467880000,18.06143045425415
2012-02-06,18.464289903640747,18.464289903640747,18.657139539718628,17.407139539718628,17.60285973548889,816172000,18.464289903640747
2012-02-07,18.268569707870483,18.268569707870483,19.061429500579834,18.115710020065308,18.389999866485596,814352000,18.268569707870483
2012-02-08,17.71428942680359,17.71428942680359,18.198570013046265,17.63285994529724,17.981430292129517,510125000,17.71428942680359
2012-02-09,17.834290266036987,17.834290266036987,18.140000104904175,17.450000047683716,17.772860527038574,405146000,17.834290266036987
2012-02-10,17.70429015159607,17.70429015159607,18.035709857940674,17.552859783172607,17.72143006324768,339010000,17.70429015159607
2012-02-13,16.90000057220459,16.90000057220459,17.854290008544922,16.875710487365723,17.852859497070312,525504000,16.90000057220459
2012-02-14,17.581429481506348,17.581429481506348,17.74999976158142,16.935709714889526,16.99856996536255,524076000,17.581429481506348
2012-02-15,17.437139749526978,17.437139749526978,17.902859449386597,17.298569679260254,17.66142964363098,371266000,17.437139749526978
2012-02-16,17.415709495544434,17.415709495544434,17.73285984992981,17.14285969734192,17.45857000350952,405755000,17.415709495544434
2012-02-17,17.407139539718628,17.407139539718628,17.552859783172607,17.15000033378601,17.447140216827393,259343000,17.407139539718628
2012-02-21,16.771429777145386,16.771429777145386,18.021429777145386,16.668570041656494,17.69286036491394,804909000,16.771429777145386
2012-02-22,16.05713963508606,16.05713963508606,16.428569555282593,15.505709648132324,16.41571044921875,931917000,16.05713963508606
2012-02-23,16.141430139541626,16.141430139541626,16.307140588760376,15.880000591278076,15.935709476470947,397621000,16.141430139541626
2012-02-24,15.952860116958618,15.952860116958618,16.27856969833374,15.90000033378601,16.125710010528564,270893000,15.952860116958618
2012-02-27,15.62999963760376,15.62999963760376,15.770000219345093,15.234290361404419,15.435709953308105,450779000,15.62999963760376
2012-02-28,16.188570261001587,16.188570261001587,16.410000324249268,15.442860126495361,15.487140417098999,421967000,16.188570261001587
2012-02-29,15.818569660186768,15.818569660186768,16.269999742507935,15.679999589920044,16.154290437698364,375690000,15.818569660186768
2012-03-01,16.107139587402344,16.107139587402344,16.23857021331787,15.50286054611206,15.585709810256958,368760000,16.107139587402344
2012-03-02,16.44286036491394,16.44286036491394,16.834290027618408,15.942859649658203,16.069999933242798,406532000,16.44286036491394
2012-03-05,15.829999446868896,15.829999446868896,16.645710468292236,15.815709829330444,16.3857102394104,276052000,15.829999446868896
2012-03-06,15.304290056228638,15.304290056228638,15.654289722442627,15.142860412597656,15.641429424285889,322217000,15.304290056228638
2012-03-07,15.027140378952026,15.027140378952026,15.920000076293945,14.647140502929688,15.920000076293945,767970000,15.027140378952026
2012-03-08,15.438569784164429,15.438569784164429,15.491429567337036,14.857139587402344,15.1357102394104,457527000,15.438569784164429
2012-03-09,15.59000015258789,15.59000015258789,15.751429796218872,15.092860460281372,15.285710096359253,371672000,15.59000015258789
2012-03-12,15.171430110931396,15.171430110931396,15.82142949104309,15.078569650650024,15.392860174179077,345597000,15.171430110931396
2012-03-13,15.19286036491394,15.19286036491394,15.614290237426758,15.021430253982544,15.411429405212402,307398000,15.19286036491394
2012-03-14,15.035710334777832,15.035710334777832,15.1357102394104,14.700000286102295,15.11713981628418,362082000,15.035710334777832
2012-03-15,15.738569498062134,15.738569498062134,15.807139873504639,15.0,15.049999952316284,408800000,15.738569498062134
2012-03-16,15.70857048034668,15.70857048034668,15.9585702419281,15.365710258483887,15.751429796218872,371987000,15.70857048034668
2012-03-19,16.332859992980957,16.332859992980957,16.428569555282593,15.544290542602539,15.644290447235107,370951000,16.332859992980957
2012-03-20,16.43143057823181,16.43143057823181,16.67857050895691,16.158570051193237,16.272859573364258,315077000,16.43143057823181
2012-03-21,17.157139778137207,17.157139778137207,17.269999980926514,16.517139673233032,16.57142996788025,473214000,17.157139778137207
2012-03-22,16.961430311203003,16.961430311203003,17.640000581741333,16.83856964111328,17.147140502929688,427546000,16.961430311203003
2012-03-23,17.170000076293945,17.170000076293945,17.311429977416992,16.758569478988647,17.062859535217285,377342000,17.170000076293945
2012-03-26,17.427140474319458,17.427140474319458,17.4557101726532,17.021429538726807,17.369999885559082,324282000,17.427140474319458
2012-03-27,17.23857045173645,17.23857045173645,17.638570070266724,17.22000002861023,17.448569536209106,243824000,17.23857045173645
2012-03-28,16.972860097885132,16.972860097885132,17.28571057319641,16.905709505081177,17.17857003211975,228746000,16.972860097885132
2012-03-29,16.435710191726685,16.435710191726685,16.94143056869507,16.14285945892334,16.847139596939087,326326000,16.435710191726685
2012-03-30,16.434290409088135,16.434290409088135,16.755709648132324,16.311429738998413,16.50143027305603,292705000,16.434290409088135
2012-04-02,16.281429529190063,16.281429529190063,16.399999856948853,16.01428985595703,16.399999856948853,266455000,16.281429529190063
2012-04-03,16.137139797210693,16.137139797210693,16.321430206298828,15.67857027053833,15.831429958343506,460047000,16.137139797210693
2012-04-04,15.751429796218872,15.751429796218872,16.078569889068604,15.700000524520874,15.947140455245972,207662000,15.751429796218872
2012-04-05,15.785709619522095,15.785709619522095,15.944290161132812,15.617140531539917,15.705709457397461,227633000,15.785709619522095
2012-04-09,15.240000486373901,15.240000486373901,15.668569803237915,15.23285984992981,15.537140369415283,226373000,15.240000486373901
2012-04-10,14.559999704360962,14.559999704360962,15.399999618530273,14.54285979270935,15.331430435180664,351050000,14.559999704360962
2012-04-11,14.258569478988647,14.258569478988647,14.817140102386475,14.074289798736572,14.74856972694397,523208000,14.258569478988647
2012-04-12,14.89428997039795,14.89428997039795,14.989999532699585,14.187140464782715,14.465709924697876,338450000,14.89428997039795
2012-04-13,14.881429672241211,14.881429672241211,15.214289426803589,14.615709781646729,14.987139701843262,276955000,14.881429672241211
2012-04-16,14.450000524520874,14.450000524520874,15.0,14.342859983444214,14.944289922714233,267274000,14.450000524520874
2012-04-17,15.288569927215576,15.288569927215576,15.379999876022339,14.527139663696289,14.528570175170898,311108000,15.288569927215576
2012-04-18,15.27999997138977,15.27999997138977,15.5314302444458,15.178569555282593,15.212860107421875,235039000,15.27999997138977
2012-04-19,15.298570394515991,15.298570394515991,15.672860145568848,14.897140264511108,15.010000467300415,250971000,15.298570394515991
2012-04-20,15.158569812774658,15.158569812774658,15.452860593795776,15.095709562301636,15.360000133514404,182756000,15.158569812774658
2012-04-23,14.548569917678833,14.548569917678833,15.0,14.541430473327637,14.984289407730103,842744000,14.548569917678833
2012-04-24,12.525709867477417,12.525709867477417,12.857140302658081,12.328569889068604,12.359999418258667,1173935000,12.525709867477417
2012-04-25,12.335710525512695,12.335710525512695,12.655709981918335,11.651430130004883,12.655709981918335,834288000,12.335710525512695
2012-04-26,12.152860164642334,12.152860164642334,12.548569440841675,11.972860097885132,12.228569984436035,559489000,12.152860164642334
2012-04-27,11.962859630584717,11.962859630584717,12.269999980926514,11.857140064239502,12.244290113449097,360311000,11.962859630584717
2012-04-30,11.448570489883423,11.448570489883423,11.838569641113281,11.39428973197937,11.802860498428345,526792000,11.448570489883423
2012-05-01,11.622860431671143,11.622860431671143,11.812859773635864,11.285710334777832,11.469999551773071,329833000,11.622860431671143
2012-05-02,11.747139692306519,11.747139692306519,11.854289770126343,11.451430320739746,11.534290313720703,273840000,11.747139692306519
2012-05-03,10.85286021232605,10.85286021232605,11.740000247955322,10.788569450378418,11.687140464782715,530159000,10.85286021232605
2012-05-04,10.448570251464844,10.448570251464844,10.914289951324463,10.301430225372314,10.827139616012573,636664000,10.448570251464844
2012-05-07,10.492860078811646,10.492860078811646,10.802860260009766,10.332859754562378,10.357140302658081,287000000,10.492860078811646
2012-05-08,10.39857029914856,10.39857029914856,10.472860336303711,10.082859992980957,10.438569784164429,272034000,10.39857029914856
2012-05-09,10.621429681777954,10.621429681777954,10.704289674758911,10.191429853439331,10.304290056228638,261184000,10.621429681777954
2012-05-10,10.345710515975952,10.345710515975952,10.711430311203003,10.299999713897705,10.692859888076782,264243000,10.345710515975952
2012-05-11,11.054290533065796,11.054290533065796,11.198569536209106,10.355709791183472,10.412859916687012,622398000,11.054290533065796
2012-05-14,10.994290113449097,10.994290113449097,11.235710382461548,10.801429748535156,11.018569469451904,378497000,10.994290113449097
2012-05-15,11.068569421768188,11.068569421768188,11.328569650650024,11.014289855957031,11.111429929733276,313194000,11.068569421768188
2012-05-16,10.59999942779541,10.59999942779541,11.205710172653198,10.521429777145386,11.081429719924927,366996000,10.59999942779541
2012-05-17,10.28143048286438,10.28143048286438,10.62999963760376,10.271430015563965,10.607140064239502,237783000,10.28143048286438
2012-05-18,9.994289875030518,9.994289875030518,10.392860174179077,9.33713972568512,10.328569412231445,294154000,9.994289875030518
2012-05-21,10.248570442199707,10.248570442199707,10.312860012054443,9.649999737739563,9.978569746017456,251433000,10.248570442199707
2012-05-22,9.672859907150269,9.672859907150269,10.342860221862793,9.607139825820923,10.257140398025513,400148000,9.672859907150269
2012-05-23,10.272860527038574,10.272860527038574,10.307140350341797,9.595710039138794,9.638569951057434,441000000,10.272860527038574
2012-05-24,10.038570165634155,10.038570165634155,10.241429805755615,9.928569793701172,10.217139720916748,207424000,10.038570165634155
2012-05-25,10.031429529190063,10.031429529190063,10.501430034637451,9.98429000377655,10.085710287094116,333711000,10.031429529190063
2012-05-29,9.919999837875366,9.919999837875366,10.164289474487305,9.742860198020935,10.151430368423462,319970000,9.919999837875366
2012-05-30,9.620000123977661,9.620000123977661,9.857140183448792,9.571430087089539,9.782860279083252,328909000,9.620000123977661
2012-05-31,9.062860012054443,9.062860012054443,9.681429862976074,8.90999972820282,9.528570175170898,538034000,9.062860012054443
2012-06-01,8.992859721183777,8.992859721183777,9.104290008544922,8.671429753303528,8.70714008808136,355782000,8.992859721183777
2012-06-04,9.285709857940674,9.285709857940674,9.319999814033508,8.90999972820282,9.035710096359253,352912000,9.285709857940674
2012-06-05,9.261429905891418,9.261429905891418,9.475709795951843,9.178569912910461,9.287139773368835,240485000,9.261429905891418
2012-06-06,9.411429762840271,9.411429762840271,9.76714015007019,9.307140111923218,9.380000233650208,306768000,9.411429762840271
2012-06-07,9.23429012298584,9.23429012298584,9.557139873504639,9.201430082321167,9.51429009437561,210455000,9.23429012298584
2012-06-08,9.377139806747437,9.377139806747437,9.445710182189941,9.104290008544922,9.195709824562073,220171000,9.377139806747437
2012-06-11,8.999999761581421,8.999999761581421,9.512860178947449,8.997139930725098,9.48428988456726,229411000,8.999999761581421
2012-06-12,9.002860188484192,9.002860188484192,9.194290041923523,8.907139897346497,9.037140011787415,207977000,9.002860188484192
2012-06-13,8.975710272789001,8.975710272789001,9.205710291862488,8.875709772109985,8.942859768867493,179249000,8.975710272789001
2012-06-14,8.951429724693298,8.951429724693298,9.021430015563965,8.717139959335327,8.970000147819519,261373000,8.951429724693298
2012-06-15,9.39857006072998,9.39857006072998,9.418569803237915,8.961430191993713,9.038569927215576,330225000,9.39857006072998
2012-06-18,9.532859921455383,9.532859921455383,9.564290046691895,9.255710244178772,9.294289946556091,229978000,9.532859921455383
2012-06-19,9.975709915161133,9.975709915161133,10.068570375442505,9.507139921188354,9.557139873504639,277067000,9.975709915161133
2012-06-20,9.73713994026184,9.73713994026184,9.935709834098816,9.658570289611816,9.925709962844849,266385000,9.73713994026184
2012-06-21,9.405710101127625,9.405710101127625,9.777140021324158,9.392859935760498,9.75143015384674,176904000,9.405710101127625
2012-06-22,9.694290161132812,9.694290161132812,9.752860069274902,9.385709762573242,9.462860226631165,180747000,9.694290161132812
2012-06-25,9.57571029663086,9.57571029663086,9.932860136032104,9.485710263252258,9.687139987945557,307461000,9.57571029663086
2012-06-26,9.54285979270935,9.54285979270935,9.672859907150269,9.477139711380005,9.601430296897888,156114000,9.54285979270935
2012-06-27,9.498569965362549,9.498569965362549,9.607139825820923,9.371430277824402,9.57571029663086,153832000,9.498569965362549
2012-06-28,9.622859954833984,9.622859954833984,9.722859859466553,9.397140145301819,9.442859888076782,150906000,9.622859954833984
2012-06-29,9.784290194511414,9.784290194511414,9.822859764099121,9.547140002250671,9.757140278816223,199913000,9.784290194511414
2012-07-02,9.69286024570465,9.69286024570465,9.842860102653503,9.607139825820923,9.82429027557373,129927000,9.69286024570465
2012-07-03,10.2914297580719,10.2914297580719,10.39713978767395,9.672859907150269,9.784290194511414,252616000,10.2914297580719
2012-07-05,11.67428970336914,11.67428970336914,11.842859983444214,10.608570575714111,10.61856985092163,1044981000,11.67428970336914
2012-07-06,11.698570251464844,11.698570251464844,12.200000286102295,11.460000276565552,11.962859630584717,852614000,11.698570251464844
2012-07-09,11.855709552764893,11.855709552764893,12.027139663696289,11.449999809265137,11.854289770126343,432628000,11.855709552764893
2012-07-10,11.461429595947266,11.461429595947266,11.971429586410522,11.361429691314697,11.959999799728394,352422000,11.461429595947266
2012-07-11,11.662859916687012,11.662859916687012,12.124290466308594,11.411429643630981,11.44286036491394,430444000,11.662859916687012
2012-07-12,12.138570547103882,12.138570547103882,12.214289903640747,11.499999761581421,11.645710468292236,414477000,12.138570547103882
2012-07-13,12.128570079803467,12.128570079803467,12.378569841384888,11.988569498062134,12.254290580749512,390320000,12.128570079803467
2012-07-16,11.854289770126343,11.854289770126343,12.221430540084839,11.804289817810059,12.158570289611816,209468000,11.854289770126343
2012-07-17,11.682859659194946,11.682859659194946,11.92713975906372,11.524289846420288,11.892859935760498,278208000,11.682859659194946
2012-07-18,11.610000133514404,11.610000133514404,11.844290494918823,11.534290313720703,11.607140302658081,215761000,11.610000133514404
2012-07-19,11.874289512634277,11.874289512634277,12.118569612503052,11.645710468292236,11.708569526672363,291333000,11.874289512634277
2012-07-20,11.688569784164429,11.688569784164429,11.931430101394653,11.642860174179077,11.808569431304932,243698000,11.688569784164429
2012-07-23,11.419999599456787,11.419999599456787,11.602859497070312,11.214289665222168,11.532859802246094,309652000,11.419999599456787
2012-07-24,11.484290361404419,11.484290361404419,11.7814302444458,11.11570954322815,11.581430435180664,647003000,11.484290361404419
2012-07-25,8.611429929733276,8.611429929733276,9.54285979270935,8.457139730453491,9.172859787940979,1734705000,8.611429929733276
2012-07-26,8.14428985118866,8.14428985118866,8.494290113449097,8.019999861717224,8.472859859466553,797566000,8.14428985118866
2012-07-27,8.417140245437622,8.417140245437622,8.467140197753906,8.142859935760498,8.194289803504944,380093000,8.417140245437622
2012-07-30,8.24999988079071,8.24999988079071,8.565710186958313,8.04714024066925,8.418570160865784,299327000,8.24999988079071
2012-07-31,8.121430277824402,8.121430277824402,8.331429958343506,8.08713972568512,8.20713996887207,173208000,8.121430277824402
2012-08-01,7.785710096359253,7.785710096359253,8.254290223121643,7.728570103645325,8.204290270805359,338324000,7.785710096359253
2012-08-02,7.695710062980652,7.695710062980652,7.955710291862488,7.612860202789307,7.7542901039123535,239456000,7.695710062980652
2012-08-03,7.701429724693298,7.701429724693298,7.925710082054138,7.544289827346802,7.837139964103699,372953000,7.701429724693298
2012-08-06,8.112859725952148,8.112859725952148,8.167139887809753,7.730000019073486,7.791429758071899,285278000,8.112859725952148
2012-08-07,8.271430134773254,8.271430134773254,8.495709896087646,8.078569769859314,8.135709762573242,307699000,8.271430134773254
2012-08-08,8.257139921188354,8.257139921188354,8.412860035896301,8.167139887809753,8.224290013313293,181944000,8.257139921188354
2012-08-09,8.272860050201416,8.272860050201416,8.349999785423279,8.17857027053833,8.227139711380005,164927000,8.272860050201416
2012-08-10,8.557140231132507,8.557140231132507,8.651430010795593,8.128569722175598,8.23714017868042,350322000,8.557140231132507
2012-08-13,8.558570146560669,8.558570146560669,8.75,8.357139825820923,8.745710253715515,333249000,8.558570146560669
2012-08-14,8.82286012172699,8.82286012172699,9.01428997516632,8.567140102386475,8.659999966621399,481194000,8.82286012172699
2012-08-15,9.037140011787415,9.037140011787415,9.097139835357666,8.831430077552795,8.861430287361145,308441000,9.037140011787415
2012-08-16,9.187139868736267,9.187139868736267,9.227139949798584,8.97143006324768,9.065709710121155,176309000,9.187139868736267
2012-08-17,9.098569750785828,9.098569750785828,9.359999895095825,9.07285988330841,9.268569946289062,224056000,9.098569750785828
2012-08-20,9.1771399974823,9.1771399974823,9.335709810256958,8.880000114440918,9.091429710388184,266588000,9.1771399974823
2012-08-21,9.371430277824402,9.371430277824402,9.521430134773254,9.23570990562439,9.305710196495056,233555000,9.371430277824402
2012-08-22,9.342859983444214,9.342859983444214,9.485710263252258,9.257140159606934,9.302859902381897,180306000,9.342859983444214
2012-08-23,9.150000214576721,9.150000214576721,9.491429924964905,9.082859754562378,9.431430101394653,325808000,9.150000214576721
2012-08-24,9.022859930992126,9.022859930992126,9.11428987979889,8.835710287094116,9.01286005973816,261618000,9.022859930992126
2012-08-27,8.91286015510559,8.91286015510559,9.138569831848145,8.89428973197937,9.04570996761322,180467000,8.91286015510559
2012-08-28,8.992859721183777,8.992859721183777,9.084290266036987,8.88143002986908,8.891429901123047,158592000,8.992859721183777
2012-08-29,9.062860012054443,9.062860012054443,9.121429920196533,8.935710191726685,9.007139801979065,156604000,9.062860012054443
2012-08-30,8.640000224113464,8.640000224113464,9.054290056228638,8.595709800720215,9.022859930992126,186795000,8.640000224113464
2012-08-31,8.531429767608643,8.531429767608643,8.790000081062317,8.441429734230042,8.758569955825806,295603000,8.531429767608643
2012-09-04,7.990000247955322,7.990000247955322,8.285710215568542,7.590000033378601,8.285710215568542,874167000,7.990000247955322
2012-09-05,7.851430177688599,7.851430177688599,7.95428991317749,7.761430144309998,7.942860126495361,385651000,7.851430177688599
2012-09-06,8.092859983444214,8.092859983444214,8.112859725952148,7.73714005947113,7.944290041923523,372974000,8.092859983444214
2012-09-07,8.094289898872375,8.094289898872375,8.257139921188354,7.978569865226746,8.097140192985535,296177000,8.094289898872375
2012-09-10,7.988569736480713,7.988569736480713,8.147140145301819,7.944290041923523,8.048570156097412,248927000,7.988569736480713
2012-09-11,8.165709972381592,8.165709972381592,8.195710182189941,7.871429920196533,7.98570990562439,330400000,8.165709972381592
2012-09-12,8.172860145568848,8.172860145568848,8.361430168151855,8.080000281333923,8.214290142059326,220969000,8.172860145568848
2012-09-13,8.285710215568542,8.285710215568542,8.311430215835571,8.01285982131958,8.124290108680725,244909000,8.285710215568542
2012-09-14,8.645709753036499,8.645709753036499,8.774290084838867,8.328570127487183,8.357139825820923,330673000,8.645709753036499
2012-09-17,8.145710229873657,8.145710229873657,8.428570032119751,8.109999895095825,8.425710201263428,362789000,8.145710229873657
2012-09-18,8.008570075035095,8.008570075035095,8.331429958343506,7.974290251731873,8.184289932250977,302981000,8.008570075035095
2012-09-19,8.14857006072998,8.14857006072998,8.271430134773254,7.957140207290649,8.10571014881134,353486000,8.14857006072998
2012-09-20,8.391429781913757,8.391429781913757,8.398569822311401,8.057140111923218,8.059999942779541,372176000,8.391429781913757
2012-09-21,8.255710005760193,8.255710005760193,8.531429767608643,8.201429843902588,8.489999771118164,300748000,8.255710005760193
2012-09-24,8.055710196495056,8.055710196495056,8.262860178947449,8.041430115699768,8.122860193252563,236614000,8.055710196495056
2012-09-25,7.685710191726685,7.685710191726685,8.137140274047852,7.6714301109313965,8.107140064239502,418586000,7.685710191726685
2012-09-26,7.875710129737854,7.875710129737854,7.990000247955322,7.578570246696472,7.712860107421875,366254000,7.875710129737854
2012-09-27,7.9357099533081055,7.9357099533081055,8.014289736747742,7.73714005947113,7.979999780654907,213507000,7.9357099533081055
2012-09-28,7.777140140533447,7.777140140533447,7.972859740257263,7.745710015296936,7.8628599643707275,159327000,7.777140140533447
2012-10-01,8.007140159606934,8.007140159606934,8.085709810256958,7.762860059738159,7.799999713897705,307657000,8.007140159606934
2012-10-02,8.065710067749023,8.065710067749023,8.184289932250977,7.900000214576721,8.064290285110474,215894000,8.065710067749023
2012-10-03,8.93999993801117,8.93999993801117,8.949999809265137,8.321430087089539,8.341429829597473,760648000,8.93999993801117
2012-10-04,9.524289965629578,9.524289965629578,9.610000252723694,8.944290280342102,8.949999809265137,916167000,9.524289965629578
2012-10-05,9.508569836616516,9.508569836616516,9.742860198020935,9.302859902381897,9.580000042915344,591703000,9.508569836616516
2012-10-08,10.50286054611206,10.50286054611206,10.604289770126343,10.017139911651611,10.198570489883423,922803000,10.50286054611206
2012-10-09,9.361429810523987,9.361429810523987,9.925709962844849,9.342859983444214,9.842860102653503,821450000,9.361429810523987
2012-10-10,9.357140064239502,9.357140064239502,9.70429003238678,9.304289817810059,9.404289722442627,387429000,9.357140064239502
2012-10-11,9.425709843635559,9.425709843635559,9.585710167884827,9.318569898605347,9.557139873504639,220136000,9.425709843635559
2012-10-12,9.190000295639038,9.190000295639038,9.51429009437561,9.108570218086243,9.399999976158142,207102000,9.190000295639038
2012-10-15,9.251430034637451,9.251430034637451,9.311429858207703,9.05713975429535,9.307140111923218,207452000,9.251430034637451
2012-10-16,9.435709714889526,9.435709714889526,9.458569884300232,9.108570218086243,9.271429777145386,293020000,9.435709714889526
2012-10-17,9.788569808006287,9.788569808006287,9.831429719924927,9.377139806747437,9.430000185966492,264642000,9.788569808006287
2012-10-18,9.622859954833984,9.622859954833984,9.977139830589294,9.564290046691895,9.784290194511414,267974000,9.622859954833984
2012-10-19,9.282860159873962,9.282860159873962,9.642860293388367,9.179999828338623,9.598569869995117,228816000,9.282860159873962
2012-10-22,9.697139859199524,9.697139859199524,9.961429834365845,9.184290170669556,9.194290041923523,456785000,9.697139859199524
2012-10-23,9.745709896087646,9.745709896087646,9.878569841384888,9.437140226364136,9.614289999008179,634984000,9.745709896087646
2012-10-24,8.58856976032257,8.58856976032257,8.714290261268616,8.199999928474426,8.26570987701416,1000601000,8.58856976032257
2012-10-25,8.787140250205994,8.787140250205994,8.809999823570251,8.557140231132507,8.578569889068604,330463000,8.787140250205994
2012-10-26,9.940000176429749,9.940000176429749,10.034290552139282,8.641430139541626,8.79285991191864,1034334000,9.940000176429749
2012-10-31,11.319999694824219,11.319999694824219,12.135709524154663,9.364290237426758,9.48714017868042,1073086000,11.319999694824219
2012-11-01,11.098569631576538,11.098569631576538,11.38429045677185,10.664290189743042,11.121430397033691,626696000,11.098569631576538
2012-11-02,10.985709428787231,10.985709428787231,11.407140493392944,10.85286021232605,11.035710573196411,296506000,10.985709428787231
2012-11-05,11.177140474319458,11.177140474319458,11.277140378952026,10.642859935760498,10.652860403060913,290164000,11.177140474319458
2012-11-06,10.90999960899353,10.90999960899353,11.421430110931396,10.815709829330444,11.008570194244385,391027000,10.90999960899353
2012-11-07,11.097140312194824,11.097140312194824,11.321430206298828,10.918569564819336,10.918569564819336,310996000,11.097140312194824
2012-11-08,10.85286021232605,10.85286021232605,11.475709676742554,10.827139616012573,11.164289712905884,333816000,10.85286021232605
2012-11-09,11.128569841384888,11.128569841384888,11.26857042312622,10.872859954833984,10.901429653167725,232729000,11.128569841384888
2012-11-12,11.169999837875366,11.169999837875366,11.47286057472229,11.14428997039795,11.285710334777832,183302000,11.169999837875366
2012-11-13,11.372859477996826,11.372859477996826,11.562860012054443,11.048569679260254,11.119999885559082,271705000,11.372859477996826
2012-11-14,11.39714002609253,11.39714002609253,11.6171395778656,11.25,11.428569555282593,269108000,11.39714002609253
2012-11-15,11.640000343322754,11.640000343322754,11.699999570846558,11.35714054107666,11.444289684295654,174006000,11.640000343322754
2012-11-16,11.557140350341797,11.557140350341797,11.871429681777954,11.474289894104004,11.611429452896118,321643000,11.557140350341797
2012-11-19,11.622860431671143,11.622860431671143,11.855709552764893,11.449999809265137,11.715710163116455,232673000,11.622860431671143
2012-11-20,11.771429777145386,11.771429777145386,11.95713996887207,11.58856987953186,11.644289493560791,153405000,11.771429777145386
2012-11-21,11.857140064239502,11.857140064239502,12.079999446868896,11.785709857940674,11.785709857940674,108899000,11.857140064239502
2012-11-23,11.84999942779541,11.84999942779541,11.964290142059326,11.740000247955322,11.915709972381592,83965000,11.84999942779541
2012-11-26,11.722860336303711,11.722860336303711,11.84000015258789,11.438570022583008,11.799999475479126,134841000,11.722860336303711
2012-11-27,11.86856985092163,11.86856985092163,11.92857027053833,11.651430130004883,11.718569993972778,155246000,11.86856985092163
2012-11-28,11.747139692306519,11.747139692306519,11.93856954574585,11.687140464782715,11.82142972946167,144956000,11.747139692306519
2012-11-29,11.625709533691406,11.625709533691406,11.825710535049438,11.542860269546509,11.770000457763672,114730000,11.625709533691406
2012-11-30,11.672860383987427,11.672860383987427,11.672860383987427,11.332859992980957,11.499999761581421,149863000,11.672860383987427
2012-12-03,10.857139825820923,10.857139825820923,11.710000038146973,10.785709619522095,11.692860126495361,291977000,10.857139825820923
2012-12-04,12.378569841384888,12.378569841384888,12.571430206298828,10.642859935760498,10.787140130996704,1017576000,12.378569841384888
2012-12-05,11.90999984741211,11.90999984741211,12.511429786682129,11.845710277557373,12.371430397033691,593579000,11.90999984741211
2012-12-06,12.309999465942383,12.309999465942383,12.651430368423462,11.671429872512817,11.742860078811646,381038000,12.309999465942383
2012-12-07,12.282860279083252,12.282860279083252,12.825709581375122,12.184289693832397,12.610000371932983,347802000,12.282860279083252
2012-12-10,12.114289999008179,12.114289999008179,12.428569793701172,12.07142949104309,12.285710573196411,143227000,12.114289999008179
2012-12-11,12.29714035987854,12.29714035987854,12.461429834365845,12.057139873504639,12.185709476470947,160286000,12.29714035987854
2012-12-12,12.961430549621582,12.961430549621582,13.307139873504639,12.27713942527771,12.32429027557373,549290000,12.961430549621582
2012-12-13,13.222860097885132,13.222860097885132,13.331429958343506,12.83856987953186,12.978570461273193,288659000,13.222860097885132
2012-12-14,13.328570127487183,13.328570127487183,13.52713942527771,13.142859935760498,13.238569498062134,277067000,13.328570127487183
2012-12-17,13.52856993675232,13.52856993675232,13.569999933242798,13.158570528030396,13.281430006027222,216608000,13.52856993675232
2012-12-18,13.66286039352417,13.66286039352417,13.935710191726685,13.464289903640747,13.567140102386475,293482000,13.66286039352417
2012-12-19,13.425710201263428,13.425710201263428,13.97143006324768,13.350000381469727,13.799999952316284,306747000,13.425710201263428
2012-12-20,13.357139825820923,13.357139825820923,13.500000238418579,13.23570966720581,13.475710153579712,166117000,13.357139825820923
2012-12-21,13.048570156097412,13.048570156097412,13.268569707870483,13.01571011543274,13.15000057220459,284305000,13.048570156097412
2012-12-24,12.890000343322754,12.890000343322754,13.121429681777954,12.757140398025513,13.079999685287476,71932000,12.890000343322754
2012-12-26,12.949999570846558,12.949999570846558,13.271429538726807,12.768570184707642,12.834290266036987,151669000,12.949999570846558
2012-12-27,12.92857050895691,12.92857050895691,13.062859773635864,12.648570537567139,12.941429615020752,148981000,12.92857050895691
2012-12-28,12.76142954826355,12.76142954826355,12.935709953308105,12.699999809265137,12.828569412231445,111230000,12.76142954826355
2012-12-31,13.227139711380005,13.227139711380005,13.357139825820923,12.715710401535034,12.768570184707642,180789000,13.227139711380005
2013-01-02,13.144290447235107,13.144290447235107,13.687139749526978,12.95570969581604,13.601429462432861,194313000,13.144290447235107
2013-01-03,13.798569440841675,13.798569440841675,13.988569974899292,13.075710535049438,13.138569593429565,279125000,13.798569440841675
2013-01-04,13.711429834365845,13.711429834365845,13.958569765090942,13.648569583892822,13.791429996490479,177611000,13.711429834365845
2013-01-07,14.171429872512817,14.171429872512817,14.535709619522095,13.73142957687378,13.769999742507935,455504000,14.171429872512817
2013-01-08,13.880000114440918,13.880000114440918,14.42713975906372,13.828569650650024,14.287140369415283,247149000,13.880000114440918
2013-01-09,13.701430559158325,13.701430559158325,13.992860317230225,13.507139682769775,13.874289989471436,202230000,13.701430559158325
2013-01-10,13.999999761581421,13.999999761581421,14.274289608001709,13.671430349349976,13.795709609985352,261177000,13.999999761581421
2013-01-11,14.470000267028809,14.470000267028809,14.559999704360962,13.999999761581421,14.025709629058838,298515000,14.470000267028809
2013-01-14,14.77856993675232,14.77856993675232,14.928569793701172,14.365710020065308,14.42713975906372,234731000,14.77856993675232
2013-01-15,14.527139663696289,14.527139663696289,14.908570051193237,14.435709714889526,14.717140197753906,170681000,14.527139663696289
2013-01-16,13.92570972442627,13.92570972442627,14.614289999008179,13.822859525680542,14.54571008682251,280147000,13.92570972442627
2013-01-17,13.957140445709229,13.957140445709229,14.085710048675537,13.678569793701172,14.01286005973816,162211000,13.957140445709229
2013-01-18,14.167139530181885,14.167139530181885,14.562859535217285,14.097139835357666,14.34000015258789,359996000,14.167139530181885
2013-01-22,13.97286057472229,13.97286057472229,14.23570990562439,13.798569440841675,14.23570990562439,227731000,13.97286057472229
2013-01-23,14.751429557800293,14.751429557800293,14.832860231399536,13.860000371932983,13.875709772109985,742350000,14.751429557800293
2013-01-24,20.980000495910645,20.980000495910645,21.3100004196167,19.945709705352783,20.56999921798706,1188054000,20.980000495910645
2013-01-25,24.22286033630371,24.22286033630371,24.668569564819336,20.801429748535156,20.810000896453857,1914458000,24.22286033630371
2013-01-28,23.1585693359375,23.1585693359375,25.321431159973145,22.969999313354492,24.644289016723633,1091048000,23.1585693359375
2013-01-29,24.159998893737793,24.159998893737793,24.268569946289062,22.375710010528564,22.59000062942505,595420000,24.159998893737793
2013-01-30,23.95714044570923,23.95714044570923,25.071430206298828,23.23714017868042,24.78429079055786,480627000,23.95714044570923
2013-01-31,23.605709075927734,23.605709075927734,24.14285898208618,22.902860641479492,23.871428966522217,356013000,23.605709075927734
2013-02-01,23.54285955429077,23.54285955429077,24.714291095733643,23.411428928375244,24.285709857940674,503580000,23.54285955429077
2013-02-04,24.96285915374756,24.96285915374756,25.01857042312622,23.254289627075195,23.254289627075195,509691000,24.96285915374756
2013-02-05,24.91286039352417,24.91286039352417,25.41285991668701,24.42857027053833,24.625709056854248,570563000,24.91286039352417
2013-02-06,26.344289779663086,26.344289779663086,26.478569507598877,24.935710430145264,25.0,671909000,26.344289779663086
2013-02-07,25.9942889213562,25.9942889213562,26.982860565185547,25.505709648132324,26.535708904266357,530866000,25.9942889213562
2013-02-08,25.852859020233154,25.852859020233154,26.28000020980835,25.71571111679077,25.962860584259033,256578000,25.852859020233154
2013-02-11,25.41285991668701,25.41285991668701,26.007139682769775,24.97143030166626,25.568571090698242,293251000,25.41285991668701
2013-02-12,25.421431064605713,25.421431064605713,26.22286081314087,25.101430416107178,25.808570384979248,343994000,25.421431064605713
2013-02-13,26.610000133514404,26.610000133514404,26.628570556640625,25.665709972381592,25.842859745025635,409290000,26.610000133514404
2013-02-14,26.77143096923828,26.77143096923828,27.121429443359375,26.384289264678955,26.755709648132324,319795000,26.77143096923828
2013-02-15,27.072858810424805,27.072858810424805,27.142860889434814,26.608569622039795,26.93856954574585,266525000,27.072858810424805
2013-02-19,28.064289093017578,28.064289093017578,28.1671404838562,27.164289951324463,27.285709381103516,341383000,28.064289093017578
2013-02-20,26.73142910003662,26.73142910003662,28.231430053710938,26.64285898208618,28.22571039199829,349965000,26.73142910003662
2013-02-21,26.735711097717285,26.735711097717285,27.457139492034912,26.07142925262451,26.571431159973145,368942000,26.735711097717285
2013-02-22,25.694289207458496,25.694289207458496,26.255710124969482,25.490000247955322,26.245710849761963,389711000,25.694289207458496
2013-02-25,25.61713933944702,25.61713933944702,26.728570461273193,25.064289569854736,25.85571050643921,521647000,25.61713933944702
2013-02-26,26.29857063293457,26.29857063293457,26.459999084472656,25.08570909500122,25.799999237060547,338821000,26.29857063293457
2013-02-27,26.331429481506348,26.331429481506348,26.571431159973145,25.794289112091064,26.225709915161133,226268000,26.331429481506348
2013-02-28,26.86856985092163,26.86856985092163,27.447140216827393,26.215710639953613,26.2585711479187,342937000,26.86856985092163
2013-03-01,27.052860260009766,27.052860260009766,27.191429138183594,26.601428985595703,26.730000972747803,214515000,27.052860260009766
2013-03-04,25.887138843536377,25.887138843536377,27.154290676116943,25.237140655517578,26.954290866851807,478240000,25.887138843536377
2013-03-05,25.961430072784424,25.961430072784424,26.472859382629395,25.439999103546143,26.381430625915527,323267000,25.961430072784424
2013-03-06,26.13429069519043,26.13429069519043,26.422860622406006,25.654289722442627,26.021430492401123,174356000,26.13429069519043
2013-03-07,25.937139987945557,25.937139987945557,26.07142925262451,25.16571044921875,25.714290142059326,286958000,25.937139987945557
2013-03-08,26.3857102394104,26.3857102394104,26.549999713897705,25.81571102142334,26.06429100036621,235130000,26.3857102394104
2013-03-11,25.7785701751709,25.7785701751709,26.359999179840088,25.57286024093628,26.285710334777832,210154000,25.7785701751709
2013-03-12,26.015710830688477,26.015710830688477,26.3100004196167,25.607140064239502,25.622859001159668,211519000,26.015710830688477
2013-03-13,27.47999906539917,27.47999906539917,27.88429021835327,26.678569316864014,26.77143096923828,538986000,27.47999906539917
2013-03-14,26.90999984741211,26.90999984741211,27.52713918685913,26.72429084777832,27.52713918685913,284508000,26.90999984741211
2013-03-15,26.40713930130005,26.40713930130005,27.141430377960205,26.364290714263916,27.03571081161499,206675000,26.40713930130005
2013-03-18,26.512858867645264,26.512858867645264,26.681430339813232,25.792860984802246,25.911428928375244,180733000,26.512858867645264
2013-03-19,25.910000801086426,25.910000801086426,26.678569316864014,25.607140064239502,26.571431159973145,198737000,25.910000801086426
2013-03-20,26.15000009536743,26.15000009536743,26.264290809631348,25.77570915222168,26.088569164276123,111321000,26.15000009536743
2013-03-21,25.998570919036865,25.998570919036865,26.77143096923828,25.995709896087646,26.057140827178955,188041000,25.998570919036865
2013-03-22,25.899999141693115,25.899999141693115,26.265709400177002,25.642859935760498,26.157140731811523,141890000,25.899999141693115
2013-03-25,25.82714080810547,25.82714080810547,26.40571117401123,25.681428909301758,26.061429977416992,150248000,25.82714080810547
2013-03-26,27.230000495910645,27.230000495910645,27.52000093460083,26.22857093811035,26.285710334777832,468174000,27.230000495910645
2013-03-27,27.177140712738037,27.177140712738037,28.1514310836792,26.904289722442627,27.091429233551025,404754000,27.177140712738037
2013-03-28,27.039999961853027,27.039999961853027,27.55713939666748,26.942861080169678,27.249999046325684,195881000,27.039999961853027
2013-04-01,26.061429977416992,26.061429977416992,27.357139587402344,25.924289226531982,27.278571128845215,229474000,26.061429977416992
2013-04-02,25.241429805755615,25.241429805755615,26.454288959503174,25.15713930130005,26.27142906188965,322805000,25.241429805755615
2013-04-03,24.248569011688232,24.248569011688232,25.475709438323975,23.465709686279297,25.292859077453613,753578000,24.248569011688232
2013-04-04,23.812859058380127,23.812859058380127,24.30428981781006,23.401429653167725,23.910000324249268,344603000,23.812859058380127
2013-04-05,23.522861003875732,23.522861003875732,24.357140064239502,23.2185697555542,23.359999656677246,325129000,23.522861003875732
2013-04-08,23.294289112091064,23.294289112091064,23.757140636444092,22.714290618896484,23.6899995803833,317450000,23.294289112091064
2013-04-09,24.19429063796997,24.19429063796997,24.481430053710938,23.15000057220459,23.35571050643921,340459000,24.19429063796997
2013-04-10,23.724288940429688,23.724288940429688,24.207139015197754,23.558568954467773,24.000000953674316,297094000,23.724288940429688
2013-04-11,24.715709686279297,24.715709686279297,24.771430492401123,24.117140769958496,24.118568897247314,330561000,24.715709686279297
2013-04-12,24.742860794067383,24.742860794067383,25.377140045166016,24.45713996887207,25.284290313720703,377979000,24.742860794067383
2013-04-15,25.214290618896484,25.214290618896484,26.050000190734863,24.97143030166626,25.07999897003174,465290000,25.214290618896484
2013-04-16,25.121428966522217,25.121428966522217,25.390000343322754,24.609999656677246,24.995710849761963,297115000,25.121428966522217
2013-04-17,24.19429063796997,24.19429063796997,25.341429710388184,24.038569927215576,24.905710220336914,275457000,24.19429063796997
2013-04-18,23.402860164642334,23.402860164642334,24.55713987350464,23.114290237426758,24.42857027053833,231210000,23.402860164642334
2013-04-19,23.338570594787598,23.338570594787598,24.167139530181885,23.289999961853027,23.64285945892334,201635000,23.338570594787598
2013-04-22,24.90999937057495,24.90999937057495,25.214290618896484,23.6742901802063,23.6742901802063,848701000,24.90999937057495
2013-04-23,30.998570919036865,30.998570919036865,31.34000062942505,29.93000030517578,30.79571008682251,1148609000,30.998570919036865
2013-04-24,30.959999561309814,30.959999561309814,32.042860984802246,30.460000038146973,31.085710525512695,468986000,30.959999561309814
2013-04-25,30.535709857940674,30.535709857940674,31.255710124969482,30.467140674591064,30.997140407562256,292740000,30.535709857940674
2013-04-26,30.792860984802246,30.792860984802246,31.018569469451904,30.360000133514404,30.999999046325684,217903000,30.792860984802246
2013-04-29,30.71571111679077,30.71571111679077,31.10429048538208,30.287139415740967,30.944290161132812,207872000,30.71571111679077
2013-04-30,30.867140293121338,30.867140293121338,31.392860412597656,30.605709552764893,30.65713882446289,250712000,30.867140293121338
2013-05-01,30.415709018707275,30.415709018707275,31.055710315704346,30.23571014404297,30.8457088470459,183596000,30.415709018707275
2013-05-02,30.64142942428589,30.64142942428589,30.7785701751709,30.02713918685913,30.46286106109619,183288000,30.64142942428589
2013-05-03,30.49285888671875,30.49285888671875,31.175711154937744,30.385708808898926,30.82571029663086,154315000,30.49285888671875
2013-05-06,30.09856939315796,30.09856939315796,30.350000858306885,29.145710468292236,29.947140216827393,317310000,30.09856939315796
2013-05-07,29.464290142059326,29.464290142059326,30.074288845062256,29.37143087387085,29.825708866119385,170793000,29.464290142059326
2013-05-08,29.801430702209473,29.801430702209473,30.05713939666748,29.218571186065674,29.275710582733154,176232000,29.801430702209473
2013-05-09,30.915710926055908,30.915710926055908,31.26857042312622,29.502859115600586,29.718570709228516,361088000,30.915710926055908
2013-05-10,31.098570823669434,31.098570823669434,31.392860412597656,30.6514310836792,30.915710926055908,188447000,31.098570823669434
2013-05-13,32.768568992614746,32.768568992614746,32.81286001205444,31.019999980926514,31.02428913116455,413574000,32.768568992614746
2013-05-14,33.42428922653198,33.42428922653198,33.79857063293457,32.9714298248291,33.14142942428589,385357000,33.42428922653198
2013-05-15,34.77143049240112,34.77143049240112,35.06143093109131,33.97571086883545,34.21000003814697,360297000,34.77143049240112
2013-05-16,33.8614296913147,33.8614296913147,35.55000066757202,33.59999895095825,35.27857065200806,280532000,33.8614296913147
2013-05-17,34.14285898208618,34.14285898208618,34.678568840026855,33.71428966522217,34.07571077346802,201411000,34.14285898208618
2013-05-20,34.2214298248291,34.2214298248291,34.52142953872681,33.82286071777344,34.06286001205444,147658000,34.2214298248291
2013-05-21,33.8700008392334,33.8700008392334,34.41428899765015,33.57142925262451,34.29142951965332,114912000,33.8700008392334
2013-05-22,32.651429176330566,32.651429176330566,34.02857065200806,32.377140522003174,33.48571062088013,217693000,32.651429176330566
2013-05-23,32.31142997741699,32.31142997741699,32.59999990463257,31.649999618530273,32.24286079406738,161980000,32.31142997741699
2013-05-24,32.67714023590088,32.67714023590088,32.714290618896484,32.071430683135986,32.17571020126343,118083000,32.67714023590088
2013-05-28,30.5985689163208,30.5985689163208,33.70857000350952,30.425710678100586,33.1071400642395,395255000,30.5985689163208
2013-05-29,30.762860774993896,30.762860774993896,31.625709533691406,29.98713970184326,30.65000057220459,341019000,30.762860774993896
2013-05-30,31.80856943130493,31.80856943130493,31.857140064239502,30.221428871154785,30.861430168151855,240877000,31.80856943130493
2013-05-31,32.32142925262451,32.32142925262451,32.79714107513428,32.00714111328125,32.17714071273804,254163000,32.32142925262451
2013-06-03,31.710000038146973,31.710000038146973,32.5,31.081430912017822,32.435710430145264,212709000,31.710000038146973
2013-06-04,32.18713998794556,32.18713998794556,32.50714063644409,31.224288940429688,31.4457106590271,230069000,32.18713998794556
2013-06-05,31.922860145568848,31.922860145568848,32.57143020629883,31.19999885559082,31.884291172027588,330960000,31.922860145568848
2013-06-06,31.105709075927734,31.105709075927734,32.200000286102295,30.57142972946167,31.73142910003662,260694000,31.105709075927734
2013-06-07,31.459999084472656,31.459999084472656,31.545710563659668,30.80713987350464,31.234290599822998,152992000,31.459999084472656
2013-06-10,31.561429500579834,31.561429500579834,31.904289722442627,30.86570978164673,31.86142921447754,138124000,31.561429500579834
2013-06-11,30.63714027404785,30.63714027404785,31.467139720916748,30.54286003112793,31.12143039703369,142135000,30.63714027404785
2013-06-12,29.662859439849854,29.662859439849854,30.832860469818115,29.552860260009766,30.832860469818115,191086000,29.662859439849854
2013-06-13,30.769999027252197,30.769999027252197,30.792860984802246,29.392859935760498,29.712860584259033,185115000,30.769999027252197
2013-06-14,30.56999921798706,30.56999921798706,31.041429042816162,30.331430435180664,30.681428909301758,124957000,30.56999921798706
2013-06-17,32.7471399307251,32.7471399307251,32.928569316864014,31.964290142059326,32.219998836517334,358512000,32.7471399307251
2013-06-18,32.69000053405762,32.69000053405762,32.99999952316284,32.34286069869995,32.89143085479736,174769000,32.69000053405762
2013-06-19,33.18713903427124,33.18713903427124,33.69714021682739,32.515709400177,32.57143020629883,223531000,33.18713903427124
2013-06-20,31.931428909301758,31.931428909301758,32.99999952316284,31.5057110786438,32.781429290771484,211162000,31.931428909301758
2013-06-21,30.985710620880127,30.985710620880127,32.33999967575073,30.59999942779541,32.149999141693115,233982000,30.985710620880127
2013-06-24,30.799999237060547,30.799999237060547,31.29714012145996,29.857139587402344,30.428569316864014,178962000,30.799999237060547
2013-06-25,30.41429042816162,30.41429042816162,30.499999523162842,29.651429653167725,30.281429290771484,209188000,30.41429042816162
2013-06-26,30.299999713897705,30.299999713897705,31.178569793701172,30.11713981628418,30.65000057220459,188342000,30.299999713897705
2013-06-27,30.71000099182129,30.71000099182129,30.961430072784424,29.94286060333252,30.415709018707275,183267000,30.71000099182129
2013-06-28,30.15571117401123,30.15571117401123,30.899999141693115,30.007140636444092,30.61000108718872,195811000,30.15571117401123
2013-07-01,32.03999996185303,32.03999996185303,32.190001010894775,30.285708904266357,30.517139434814453,245175000,32.03999996185303
2013-07-02,31.637139320373535,31.637139320373535,32.49571084976196,31.14285945892334,32.17571020126343,177303000,31.637139320373535
2013-07-03,31.558570861816406,31.558570861816406,32.00000047683716,31.27856969833374,31.73142910003662,86254000,31.558570861816406
2013-07-05,32.15713977813721,32.15713977813721,32.178568840026855,31.332859992980957,31.727139949798584,99575000,32.15713977813721
2013-07-08,33.29999923706055,33.29999923706055,33.605709075927734,32.2157096862793,32.425711154937744,242893000,33.29999923706055
2013-07-09,35.339999198913574,35.339999198913574,35.3442907333374,33.55285882949829,33.577139377593994,355096000,35.339999198913574
2013-07-10,34.83143091201782,34.83143091201782,35.271430015563965,34.17285919189453,35.07857084274292,225785000,34.83143091201782
2013-07-11,34.88142967224121,34.88142967224121,35.59999942779541,34.40285921096802,35.428569316864014,211463000,34.88142967224121
2013-07-12,36.75143003463745,36.75143003463745,36.775710582733154,35.10714054107666,35.11857032775879,342384000,36.75143003463745
2013-07-15,36.85429096221924,36.85429096221924,37.121429443359375,36.018569469451904,37.05713987350464,206129000,36.85429096221924
2013-07-16,37.211430072784424,37.211430072784424,38.05285930633545,36.67143106460571,36.755709648132324,333564000,37.211430072784424
2013-07-17,38.274290561676025,38.274290561676025,38.322858810424805,36.9528603553772,37.32000112533569,195104000,38.274290561676025
2013-07-18,38.05856943130493,38.05856943130493,38.615710735321045,37.714290618896484,38.615710735321045,204876000,38.05856943130493
2013-07-19,37.79714107513428,37.79714107513428,38.2785701751709,37.59713888168335,38.20429086685181,181202000,37.79714107513428
2013-07-22,37.42285966873169,37.42285966873169,38.392860889434814,36.73142910003662,38.12143087387085,473137000,37.42285966873169
2013-07-23,35.75143098831177,35.75143098831177,37.46143102645874,35.1714301109314,35.91428995132446,768292000,35.75143098831177
2013-07-24,34.47143077850342,34.47143077850342,36.035709381103516,34.31428909301758,35.67429065704346,334096000,34.47143077850342
2013-07-25,35.24857044219971,35.24857044219971,35.380001068115234,34.2728590965271,34.36570882797241,196343000,35.24857044219971
2013-07-26,35.1871395111084,35.1871395111084,35.282859802246094,34.4014310836792,34.94570970535278,178269000,35.1871395111084
2013-07-29,34.99428987503052,34.99428987503052,35.81000089645386,34.642860889434814,35.151429176330566,132153000,34.99428987503052
2013-07-30,34.82285976409912,34.82285976409912,35.415709018707275,34.544289112091064,35.05713939666748,108906000,34.82285976409912
2013-07-31,34.925711154937744,34.925711154937744,35.299999713897705,34.562859535217285,34.77286100387573,131208000,34.925711154937744
2013-08-01,35.58856964111328,35.58856964111328,35.714290142059326,34.93856906890869,35.22000074386597,141393000,35.58856964111328
2013-08-02,35.16856908798218,35.16856908798218,35.62000036239624,34.97143030166626,35.62000036239624,138796000,35.16856908798218
2013-08-05,36.26286029815674,36.26286029815674,36.27142906188965,34.48286056518555,34.84428882598877,229621000,36.26286029815674
2013-08-06,36.5571403503418,36.5571403503418,36.80000066757202,35.72856903076172,36.27856969833374,204134000,36.5571403503418
2013-08-07,35.60142993927002,35.60142993927002,36.7814302444458,35.5228590965271,36.33713960647583,163289000,35.60142993927002
2013-08-08,35.77142953872681,35.77142953872681,36.27142906188965,35.49285888671875,35.981431007385254,148001000,35.77142953872681
2013-08-09,36.107139587402344,36.107139587402344,36.24428987503052,35.68571090698242,35.71285963058472,123228000,36.107139587402344
2013-08-12,36.657140254974365,36.657140254974365,36.71428918838501,35.774290561676025,35.89714050292969,178045000,36.657140254974365
2013-08-13,37.02713966369629,37.02713966369629,37.45713949203491,36.18000030517578,36.94999933242798,219408000,37.02713966369629
2013-08-14,37.40143060684204,37.40143060684204,37.684290409088135,36.86000108718872,36.90000057220459,173999000,37.40143060684204
2013-08-15,36.20142936706543,36.20142936706543,37.21286058425903,35.908570289611816,37.00000047683716,166292000,36.20142936706543
2013-08-16,36.98143005371094,36.98143005371094,37.16428995132446,35.87570905685425,36.17285966873169,213542000,36.98143005371094
2013-08-19,37.111430168151855,37.111430168151855,37.642860412597656,36.82142972946167,36.8571400642395,154973000,37.111430168151855
2013-08-20,39.041430950164795,39.041430950164795,39.077138900756836,37.5,37.56143093109131,301406000,39.041430950164795
2013-08-21,38.62428903579712,38.62428903579712,39.235711097717285,38.214290142059326,38.98428916931152,212583000,38.62428903579712
2013-08-22,38.535709381103516,38.535709381103516,39.06570911407471,38.31856966018677,38.931429386138916,99617000,38.535709381103516
2013-08-23,39.76571083068848,39.76571083068848,39.769999980926514,38.431429862976074,38.5785698890686,222852000,39.76571083068848
2013-08-26,40.388569831848145,40.388569831848145,41.42000198364258,39.148569107055664,39.444289207458496,310177000,40.388569831848145
2013-08-27,39.43428993225098,39.43428993225098,40.84000110626221,39.21428918838501,39.87857103347778,231385000,39.43428993225098
2013-08-28,40.47999858856201,40.47999858856201,40.714287757873535,39.48570966720581,39.80856895446777,193557000,40.47999858856201
2013-08-29,41.12143039703369,41.12143039703369,41.461429595947266,40.54856777191162,40.57570934295654,190596000,41.12143039703369
2013-08-30,40.55857181549072,40.55857181549072,41.26142978668213,40.42142868041992,41.17856979370117,151494000,40.55857181549072
2013-09-03,41.28571033477783,41.28571033477783,41.529998779296875,40.65000057220459,41.06142997741699,199696000,41.28571033477783
2013-09-04,41.77570819854736,41.77570819854736,41.8657112121582,40.998568534851074,41.26286029815674,197015000,41.77570819854736
2013-09-05,42.158570289611816,42.158570289611816,42.704291343688965,42.059998512268066,42.39999771118164,190722000,42.158570289611816
2013-09-06,41.648569107055664,41.648569107055664,42.35857009887695,41.45713806152344,42.33285903930664,176988000,41.648569107055664
2013-09-09,42.0214319229126,42.0214319229126,42.18571186065674,41.468567848205566,41.82143211364746,138404000,42.0214319229126
2013-09-10,44.722862243652344,44.722862243652344,44.748568534851074,42.40142822265625,42.5,366821000,44.722862243652344
2013-09-11,44.04285907745361,44.04285907745361,44.88286018371582,43.411431312561035,44.8199987411499,299404000,44.04285907745361
2013-09-12,43.05857181549072,43.05857181549072,43.77857208251953,42.62143135070801,43.11999797821045,219478000,43.05857181549072
2013-09-13,43.66428852081299,43.66428852081299,43.71428966522217,42.741432189941406,43.14286231994629,150297000,43.66428852081299
2013-09-16,43.16571235656738,43.16571235656738,44.31285858154297,43.11429023742676,44.285712242126465,140553000,43.16571235656738
2013-09-17,42.79285907745361,42.79285907745361,43.322858810424805,42.52857208251953,43.14857006072998,182007000,42.79285907745361
2013-09-18,43.84571075439453,43.84571075439453,43.954291343688965,42.58856773376465,42.70856857299805,137396000,43.84571075439453
2013-09-19,43.64285945892334,43.64285945892334,44.10714149475098,43.429999351501465,44.05285835266113,174496000,43.64285945892334
2013-09-20,44.83285903930664,44.83285903930664,45.1271390914917,43.66000175476074,43.69143009185791,307916000,44.83285903930664
2013-09-23,43.14857006072998,43.14857006072998,45.77000141143799,42.78857231140137,45.77000141143799,320306000,43.14857006072998
2013-09-24,43.78428936004639,43.78428936004639,44.20000076293945,42.907137870788574,43.04286003112793,187803000,43.78428936004639
2013-09-25,43.8771390914917,43.8771390914917,44.40000057220459,43.43714237213135,44.028568267822266,146391000,43.8771390914917
2013-09-26,44.787139892578125,44.787139892578125,44.92713928222656,43.92857074737549,44.00570869445801,124607000,44.787139892578125
2013-09-27,44.628567695617676,44.628567695617676,44.788570404052734,44.24285888671875,44.394288063049316,82992000,44.628567695617676
2013-09-30,44.17285919189453,44.17285919189453,44.592862129211426,43.60000133514404,43.959999084472656,125286000,44.17285919189453
2013-10-01,46.37429237365723,46.37429237365723,46.38570785522461,44.857139587402344,44.96714115142822,296933000,46.37429237365723
2013-10-02,47.247138023376465,47.247138023376465,47.65714168548584,45.94571113586426,46.01285934448242,305837000,47.247138023376465
2013-10-03,45.960001945495605,45.960001945495605,47.78571128845215,45.435709953308105,47.287139892578125,246134000,45.960001945495605
2013-10-04,46.75142765045166,46.75142765045166,46.90000057220459,45.505709648132324,46.24000072479248,168140000,46.75142765045166
2013-10-07,45.45143127441406,45.45143127441406,46.71000003814697,45.45000076293945,46.29143238067627,146349000,45.45143127441406
2013-10-08,43.18857192993164,43.18857192993164,45.931429862976074,42.79571056365967,45.61285972595215,286783000,43.18857192993164
2013-10-09,41.20429039001465,41.20429039001465,42.940001487731934,40.39999961853027,42.890000343322754,419489000,41.20429039001465
2013-10-10,43.427138328552246,43.427138328552246,43.91857147216797,42.34285831451416,43.00000190734863,306950000,43.427138328552246
2013-10-11,42.9785680770874,42.9785680770874,43.944292068481445,42.875709533691406,43.472862243652344,192003000,42.9785680770874
2013-10-14,46.33714199066162,46.33714199066162,46.46714210510254,43.71428966522217,44.37285900115967,456596000,46.33714199066162
2013-10-15,45.95571041107178,45.95571041107178,46.76143169403076,45.61999797821045,46.442861557006836,268485000,45.95571041107178
2013-10-16,46.12570762634277,46.12570762634277,46.500000953674316,45.465707778930664,45.72999954223633,188433000,46.12570762634277
2013-10-17,47.15713977813721,47.15713977813721,47.172861099243164,45.66571235656738,46.030001640319824,192724000,47.15713977813721
2013-10-18,47.642860412597656,47.642860412597656,48.06857109069824,46.79999828338623,47.714290618896484,254548000,47.642860412597656
2013-10-21,50.71286201477051,50.71286201477051,50.774288177490234,48.585710525512695,48.98857116699219,650902000,50.71286201477051
2013-10-22,46.07429027557373,46.07429027557373,55.59429168701172,45.928568840026855,55.40571212768555,1810998000,46.07429027557373
2013-10-23,47.177138328552246,47.177138328552246,47.88428783416748,45.28571128845215,45.331430435180664,583765000,47.177138328552246
2013-10-24,47.317137718200684,47.317137718200684,48.12142848968506,46.23713970184326,47.348570823669434,335594000,47.317137718200684
2013-10-25,46.86142921447754,46.86142921447754,48.17142963409424,46.558570861816406,47.285709381103516,240625000,46.86142921447754
2013-10-28,44.857139587402344,44.857139587402344,47.280001640319824,44.544291496276855,46.4300012588501,342608000,44.857139587402344
2013-10-29,46.757140159606934,46.757140159606934,46.76713943481445,44.17142868041992,45.51000118255615,309365000,46.757140159606934
2013-10-30,45.448570251464844,45.448570251464844,46.98999881744385,45.08856773376465,46.96000099182129,216405000,45.448570251464844
2013-10-31,46.06856822967529,46.06856822967529,46.66429042816162,45.10000228881836,45.44428825378418,184898000,46.06856822967529
2013-11-01,47.03856945037842,47.03856945037842,47.642860412597656,46.5571403503418,46.9757080078125,220206000,47.03856945037842
2013-11-04,48.22856903076172,48.22856903076172,48.25571060180664,46.44999980926514,47.278571128845215,219191000,48.22856903076172
2013-11-05,48.78571033477783,48.78571033477783,48.914289474487305,47.57856845855713,47.93428897857666,172893000,48.78571033477783
2013-11-06,47.947139739990234,47.947139739990234,49.195709228515625,47.54143238067627,48.498568534851074,207333000,47.947139739990234
2013-11-07,46.69428825378418,46.69428825378418,48.52428913116455,46.451430320739746,48.428568840026855,200074000,46.69428825378418
2013-11-08,47.84286022186279,47.84286022186279,47.94285774230957,46.502861976623535,46.70286178588867,194488000,47.84286022186279
2013-11-11,48.272857666015625,48.272857666015625,48.499999046325684,46.94571018218994,47.53571033477783,168154000,48.272857666015625
2013-11-12,47.67570972442627,47.67570972442627,48.499999046325684,47.335710525512695,48.02570819854736,122318000,47.67570972442627
2013-11-13,47.897138595581055,47.897138595581055,47.92285919189453,47.014288902282715,47.602858543395996,119679000,47.897138595581055
2013-11-14,48.93857002258301,48.93857002258301,49.14286136627197,47.87428855895996,47.96999931335449,201047000,48.93857002258301
2013-11-15,49.96571063995361,49.96571063995361,49.98428821563721,49.011430740356445,49.2285680770874,201523000,49.96571063995361
2013-11-18,48.82429122924805,48.82429122924805,50.06999969482422,48.499999046325684,50.0,202475000,48.82429122924805
2013-11-19,48.18428993225098,48.18428993225098,49.54570770263672,47.74857044219971,48.68143081665039,170576000,48.18428993225098
2013-11-20,48.5028600692749,48.5028600692749,49.47856903076172,48.2357120513916,49.050002098083496,194817000,48.5028600692749
2013-11-21,49.785709381103516,49.785709381103516,49.81142997741699,48.8100004196167,48.89142990112305,159894000,49.785709381103516
2013-11-22,49.6928596496582,49.6928596496582,50.08571147918701,49.14286136627197,49.83285903930664,142023000,49.6928596496582
2013-11-25,50.03428936004639,50.03428936004639,50.4185676574707,49.28713798522949,49.55714225769043,139846000,50.03428936004639
2013-11-26,50.742859840393066,50.742859840393066,50.922861099243164,49.65285778045654,50.07143020629883,146832000,50.742859840393066
2013-11-27,51.78429126739502,51.78429126739502,51.97856903076172,50.505709648132324,51.01571083068848,168329000,51.78429126739502
2013-11-29,52.257142066955566,52.257142066955566,52.5428581237793,51.85856819152832,52.00714111328125,83881000,52.257142066955566
2013-12-02,51.98856830596924,51.98856830596924,52.56570816040039,51.37286186218262,52.12571144104004,116753000,51.98856830596924
2013-12-03,51.8485689163208,51.8485689163208,51.93999767303467,50.928568840026855,51.698570251464844,134008000,51.8485689163208
2013-12-04,50.89570999145508,50.89570999145508,52.664289474487305,50.89285850524902,51.512861251831055,193956000,50.89570999145508
2013-12-05,51.15142822265625,51.15142822265625,51.589999198913574,50.48429012298584,51.11429214477539,137935000,51.15142822265625
2013-12-06,50.6342887878418,50.6342887878418,51.618571281433105,50.28571128845215,51.577138900756836,120757000,50.6342887878418
2013-12-09,50.809998512268066,50.809998512268066,51.40999794006348,50.515708923339844,50.73856830596924,117187000,50.809998512268066
2013-12-10,51.87142848968506,51.87142848968506,52.062859535217285,50.47429084777832,50.714287757873535,140896000,51.87142848968506
2013-12-11,51.99714183807373,51.99714183807373,53.02286148071289,51.745710372924805,52.052860260009766,200669000,51.99714183807373
2013-12-12,53.332858085632324,53.332858085632324,53.548569679260254,51.93571090698242,51.952857971191406,213185000,53.332858085632324
2013-12-13,52.709999084472656,52.709999084472656,53.85714054107666,52.6871395111084,53.73570919036865,178549000,52.709999084472656
2013-12-16,52.32999801635742,52.32999801635742,53.00000190734863,52.0357084274292,52.85429000854492,139111000,52.32999801635742
2013-12-17,53.55286121368408,53.55286121368408,53.95713806152344,52.32429027557373,52.39285945892334,184485000,53.55286121368408
2013-12-18,53.74856948852539,53.74856948852539,53.85714054107666,52.35857009887695,53.408570289611816,198814000,53.74856948852539
2013-12-19,53.81999969482422,53.81999969482422,54.265708923339844,53.33570957183838,53.45714092254639,138495000,53.81999969482422
2013-12-20,53.66714000701904,53.66714000701904,54.24142837524414,53.477139472961426,53.78571033477783,188174000,53.66714000701904
2013-12-23,54.36857223510742,54.36857223510742,54.775710105895996,53.804287910461426,54.098567962646484,126245000,54.36857223510742
2013-12-24,54.05570983886719,54.05570983886719,54.85143184661865,53.92570972442627,54.394288063049316,55776000,54.05570983886719
2013-12-26,53.84714126586914,53.84714126586914,54.41571235656738,53.6899995803833,54.01570796966553,122689000,53.84714126586914
2013-12-27,52.5,52.5,54.10714149475098,52.258567810058594,53.87286186218262,169484000,52.5
2013-12-30,52.42713928222656,52.42713928222656,52.791428565979004,51.29143238067627,52.5171422958374,150752000,52.42713928222656
2013-12-31,52.59571075439453,52.59571075439453,52.73571014404297,51.94714069366455,52.21428871154785,105168000,52.59571075439453
2014-01-02,51.83143138885498,51.83143138885498,52.51142978668213,51.54285907745361,52.40142822265625,123256000,51.83143138885498
2014-01-03,51.87142848968506,51.87142848968506,52.49570846557617,51.84286117553711,51.99999809265137,108171000,51.87142848968506
2014-01-06,51.36713981628418,51.36713981628418,52.044291496276855,50.475711822509766,51.89000129699707,155015000,51.36713981628418
2014-01-07,48.499999046325684,48.499999046325684,49.69857215881348,48.15286159515381,49.68429088592529,361676000,48.499999046325684
2014-01-08,48.71285915374756,48.71285915374756,49.4257116317749,48.0742883682251,48.10429096221924,200011000,48.71285915374756
2014-01-09,48.15000057220459,48.15000057220459,49.140000343322754,47.85714149475098,48.82429122924805,170072000,48.15000057220459
2014-01-10,47.44856834411621,47.44856834411621,48.37714195251465,47.218570709228516,48.29570770263672,162379000,47.44856834411621
2014-01-13,48.1157112121582,48.1157112121582,49.80999946594238,47.30429172515869,47.30429172515869,272370000,48.1157112121582
2014-01-14,48.28000068664551,48.28000068664551,48.80000114440918,47.50999927520752,48.77714157104492,197400000,48.28000068664551
2014-01-15,47.19714164733887,47.19714164733887,48.36713790893555,45.58143138885498,47.85714149475098,404320000,47.19714164733887
2014-01-16,47.38286018371582,47.38286018371582,47.69570827484131,46.0028600692749,46.91571235656738,211358000,47.38286018371582
2014-01-17,47.1485710144043,47.1485710144043,47.831430435180664,46.89143180847168,47.43856906890869,164171000,47.1485710144043
2014-01-21,46.95857048034668,46.95857048034668,47.49570846557617,45.74999809265137,47.46142864227295,252203000,46.95857048034668
2014-01-22,47.67570972442627,47.67570972442627,47.777137756347656,46.7642879486084,47.071428298950195,483420000,47.67570972442627
2014-01-23,55.5314302444458,55.5314302444458,56.518568992614746,53.92714023590088,55.34286022186279,912800000,55.5314302444458
2014-01-24,55.154290199279785,55.154290199279785,55.814290046691895,54.768571853637695,54.81142997741699,354669000,55.154290199279785
2014-01-27,54.4614315032959,54.4614315032959,55.928568840026855,52.937140464782715,55.341429710388184,325269000,54.4614315032959
2014-01-28,58.10999870300293,58.10999870300293,58.20143222808838,54.394288063049316,54.47429180145264,435904000,58.10999870300293
2014-01-29,57.20285892486572,57.20285892486572,58.19142818450928,56.86429023742676,57.58856773376465,289681000,57.20285892486572
2014-01-30,57.810001373291016,57.810001373291016,58.45571041107178,57.35857009887695,58.15713882446289,183792000,57.810001373291016
2014-01-31,58.475708961486816,58.475708961486816,58.914289474487305,57.47142791748047,57.47285842895508,236250000,58.475708961486816
2014-02-03,57.768568992614746,57.768568992614746,58.87856960296631,57.24571228027344,58.84285926818848,201453000,57.768568992614746
2014-02-04,57.987141609191895,57.987141609191895,58.361430168151855,56.715707778930664,57.92142868041992,180663000,57.987141609191895
2014-02-05,57.774291038513184,57.774291038513184,58.24999809265137,56.85713768005371,57.59285926818848,167629000,57.774291038513184
2014-02-06,58.272857666015625,58.272857666015625,58.70142936706543,57.20285892486572,58.06000232696533,128520000,58.272857666015625
2014-02-07,61.42570972442627,61.42570972442627,61.500000953674316,58.65142822265625,59.06285762786865,329210000,61.42570972442627
2014-02-10,61.491432189941406,61.491432189941406,61.76713943481445,60.61142921447754,61.34714126586914,138124000,61.491432189941406
2014-02-11,61.99857234954834,61.99857234954834,62.25142955780029,60.78713893890381,61.422858238220215,136675000,61.99857234954834
2014-02-12,61.27571105957031,61.27571105957031,62.128567695617676,60.79143047332764,62.111430168151855,156730000,61.27571105957031
2014-02-13,62.36429214477539,62.36429214477539,62.7842903137207,60.714287757873535,60.812859535217285,187005000,62.36429214477539
2014-02-14,62.2157096862793,62.2157096862793,62.52857208251953,61.66999816894531,62.43713855743408,119854000,62.2157096862793
2014-02-18,62.40714073181152,62.40714073181152,63.03429126739502,61.14285945892334,62.42286205291748,155078000,62.40714073181152
2014-02-19,61.17570877075195,61.17570877075195,62.32142925262451,61.13856792449951,61.667141914367676,160314000,61.17570877075195
2014-02-20,62.13571071624756,62.13571071624756,62.53857135772705,61.30856990814209,61.47857189178467,119651000,62.13571071624756
2014-02-21,61.747140884399414,61.747140884399414,62.671427726745605,61.37856960296631,62.671427726745605,134834000,61.747140884399414
2014-02-24,63.85714054107666,63.85714054107666,64.24142837524414,61.21428966522217,62.210001945495605,260435000,63.85714054107666
2014-02-25,64.71857070922852,64.71857070922852,65.39856910705566,63.57142925262451,64.28571224212646,187005000,64.71857070922852
2014-02-26,64.11285877227783,64.11285877227783,65.14286041259766,63.71428966522217,65.12856960296631,150101000,64.11285877227783
2014-02-27,64.60429191589355,64.60429191589355,64.87570762634277,63.97714138031006,63.97714138031006,103047000,64.60429191589355
2014-02-28,63.66143226623535,63.66143226623535,64.88571166992188,63.00000190734863,64.73286151885986,157514000,63.66143226623535
2014-03-03,63.655710220336914,63.655710220336914,63.67856979370117,62.58571147918701,63.02713871002197,135282000,63.655710220336914
2014-03-04,64.99713897705078,64.99713897705078,65.0,63.655710220336914,64.41713809967041,123879000,64.99713897705078
2014-03-05,64.78570938110352,64.78570938110352,65.26286125183105,64.55856800079346,64.85570907592773,108689000,64.78570938110352
2014-03-06,64.35856819152832,64.35856819152832,65.4285717010498,64.14143085479736,64.99143123626709,118090000,64.35856819152832
2014-03-07,64.05285835266113,64.05285835266113,64.93429183959961,63.64428997039795,64.86713886260986,115738000,64.05285835266113
2014-03-10,62.849998474121094,62.849998474121094,64.11142826080322,61.7285680770874,64.06713962554932,154392000,62.849998474121094
2014-03-11,62.49713897705078,62.49713897705078,63.81143093109131,62.235708236694336,63.234291076660156,104482000,62.49713897705078
2014-03-12,62.36856937408447,62.36856937408447,62.78571128845215,61.38286113739014,61.954288482666016,121345000,62.36856937408447
2014-03-13,61.4371395111084,61.4371395111084,62.897138595581055,61.182861328125,62.81570911407471,113904000,61.4371395111084
2014-03-14,60.64143180847168,60.64143180847168,62.141427993774414,60.428571701049805,61.10428810119629,149891000,60.64143180847168
2014-03-17,60.388569831848145,60.388569831848145,61.54285907745361,60.329999923706055,61.17000102996826,106953000,60.388569831848145
2014-03-18,60.03571033477783,60.03571033477783,60.89428901672363,59.49999809265137,60.338568687438965,146881000,60.03571033477783
2014-03-19,60.01286029815674,60.01286029815674,60.7785701751709,59.58000183105469,59.98143196105957,105315000,60.01286029815674
2014-03-20,60.60999870300293,60.60999870300293,61.74285888671875,59.92856979370117,59.95285987854004,144949000,60.60999870300293
2014-03-21,57.99857139587402,57.99857139587402,61.19143009185791,57.96286106109619,60.871429443359375,267708000,57.99857139587402
2014-03-24,54.128570556640625,54.128570556640625,58.06428909301758,52.65714168548584,57.927141189575195,424837000,54.128570556640625
2014-03-25,52.977142333984375,52.977142333984375,54.99000072479248,52.249999046325684,54.14286136627197,303569000,52.977142333984375
2014-03-26,53.18285942077637,53.18285942077637,53.921427726745605,52.36713886260986,53.28713893890381,271523000,53.18285942077637
2014-03-27,52.02570915222168,52.02570915222168,53.97571086883545,51.647138595581055,53.00142765045166,286720000,52.02570915222168
2014-03-28,51.2671422958374,51.2671422958374,52.714290618896484,50.821428298950195,51.459999084472656,246995000,51.2671422958374
2014-03-31,50.289998054504395,50.289998054504395,52.40857124328613,49.9828577041626,51.64429187774658,221256000,50.289998054504395
2014-04-01,52.09856986999512,52.09856986999512,52.178568840026855,50.24857044219971,50.250000953674316,213388000,52.09856986999512
2014-04-02,51.84000015258789,51.84000015258789,53.007140159606934,51.18570804595947,52.237138748168945,241941000,51.84000015258789
2014-04-03,50.66999912261963,50.66999912261963,52.15713977813721,50.01429080963135,51.618571281433105,219835000,50.66999912261963
2014-04-04,48.18714141845703,48.18714141845703,50.85713863372803,47.98285961151123,50.7785701751709,349580000,48.18714141845703
2014-04-07,48.2857084274292,48.2857084274292,49.74143028259277,47.30143070220947,48.64428997039795,373513000,48.2857084274292
2014-04-08,49.84142780303955,49.84142780303955,50.112857818603516,48.341431617736816,48.578572273254395,257614000,49.84142780303955
2014-04-09,50.43285846710205,50.43285846710205,50.55714130401611,49.021430015563965,50.14713764190674,205114000,50.43285846710205
2014-04-10,47.818570137023926,47.818570137023926,51.06856822967529,47.71571159362793,50.64000129699707,248710000,47.818570137023926
2014-04-11,46.67285919189453,46.67285919189453,47.831430435180664,46.23000144958496,47.257142066955566,301462000,46.67285919189453
2014-04-14,47.36856937408447,47.36856937408447,47.85714149475098,46.50570869445801,47.55570888519287,179942000,47.36856937408447
2014-04-15,46.60999774932861,46.60999774932861,47.36713886260986,44.58570957183838,47.011427879333496,307993000,46.60999774932861
2014-04-16,47.34428882598877,47.34428882598877,47.709999084472656,46.19429111480713,47.29286193847656,161147000,47.34428882598877
2014-04-17,49.39143180847168,49.39143180847168,49.96142864227295,47.5,48.10856819152832,321160000,49.39143180847168
2014-04-21,49.78428840637207,49.78428840637207,49.91428852081299,48.32857131958008,49.89999771118164,478926000,49.78428840637207
2014-04-22,53.2714319229126,53.2714319229126,54.41143035888672,52.118568420410156,53.804287910461426,647024000,53.2714319229126
2014-04-23,50.50000190734863,50.50000190734863,52.5,50.428571701049805,51.81857109069824,402850000,50.50000190734863
2014-04-24,49.15286064147949,49.15286064147949,50.842862129211426,47.828569412231445,50.35714149475098,306390000,49.15286064147949
2014-04-25,46.01142883300781,46.01142883300781,48.77285957336426,45.999999046325684,48.20857048034668,330715000,46.01142883300781
2014-04-28,44.887142181396484,44.887142181396484,45.842862129211426,42.78571128845215,45.435709953308105,471233000,44.887142181396484
2014-04-29,45.69571018218994,45.69571018218994,46.37570858001709,44.57571029663086,44.60570812225342,231329000,45.69571018218994
2014-04-30,46.00571155548096,46.00571155548096,46.057138442993164,44.32143211364746,45.417141914367676,236187000,46.00571155548096
2014-05-01,48.0742883682251,48.0742883682251,49.3842887878418,46.14999771118164,46.2928581237793,370013000,48.0742883682251
2014-05-02,48.66428852081299,48.66428852081299,49.128570556640625,47.721428871154785,48.21570873260498,261947000,48.66428852081299
2014-05-05,49.197139739990234,49.197139739990234,49.35429096221924,48.0142879486084,48.29570770263672,203308000,49.197139739990234
2014-05-06,46.598567962646484,46.598567962646484,49.67429161071777,46.519999504089355,49.10285949707031,227227000,46.598567962646484
2014-05-07,45.79143047332764,45.79143047332764,46.83428764343262,45.02999782562256,46.589999198913574,256809000,45.79143047332764
2014-05-08,45.95142841339111,45.95142841339111,47.38856792449951,44.90857124328613,45.308570861816406,211687000,45.95142841339111
2014-05-09,46.93571090698242,46.93571090698242,47.13428974151611,45.335707664489746,46.01142883300781,179683000,46.93571090698242
2014-05-12,49.34999942779541,49.34999942779541,49.36142921447754,47.217140197753906,47.26571083068848,213955000,49.34999942779541
2014-05-13,49.591431617736816,49.591431617736816,50.60999870300293,48.67713928222656,49.207139015197754,208320000,49.591431617736816
2014-05-14,50.268568992614746,50.268568992614746,50.62857151031494,49.43714141845703,49.57857131958008,198919000,50.268568992614746
2014-05-15,49.16999816894531,49.16999816894531,50.25570869445801,48.48286151885986,50.12143135070801,233702000,49.16999816894531
2014-05-16,49.9828577041626,49.9828577041626,49.99570846557617,48.548569679260254,49.35286045074463,190722000,49.9828577041626
2014-05-19,52.071428298950195,52.071428298950195,52.45999813079834,49.50714111328125,49.571428298950195,253932000,52.071428298950195
2014-05-20,53.09570789337158,53.09570789337158,53.242859840393066,51.77143096923828,52.14428901672363,288281000,53.09570789337158
2014-05-21,55.79999923706055,55.79999923706055,55.812859535217285,53.33570957183838,53.588571548461914,399399000,55.79999923706055
2014-05-22,55.971431732177734,55.971431732177734,56.785712242126465,55.35714149475098,55.84000110626221,332227000,55.971431732177734
2014-05-23,57.47857093811035,57.47857093811035,57.49570846557617,55.66571235656738,55.94857215881348,221221000,57.47857093811035
2014-05-27,56.97286128997803,56.97286128997803,57.45999813079834,56.16428852081299,57.42856979370117,267351000,56.97286128997803
2014-05-28,57.3199987411499,57.3199987411499,57.885708808898926,56.21428966522217,56.74285888671875,198737000,57.3199987411499
2014-05-29,59.31428909301758,59.31428909301758,59.42714214324951,57.07857131958008,57.62856960296631,228445000,59.31428909301758
2014-05-30,59.689998626708984,59.689998626708984,60.24857044219971,58.80143165588379,59.31142807006836,292488000,59.689998626708984
2014-06-02,60.29428958892822,60.29428958892822,60.415711402893066,58.92857074737549,59.92570877075195,204806000,60.29428958892822
2014-06-03,59.65285778045654,59.65285778045654,60.79999923706055,59.57857131958008,59.99856948852539,171332000,59.65285778045654
2014-06-04,60.45856952667236,60.45856952667236,60.64286231994629,59.04285907745361,59.53713893890381,174328000,60.45856952667236
2014-06-05,61.19286060333252,61.19286060333252,61.34285926818848,59.795708656311035,60.535712242126465,189308000,61.19286060333252
2014-06-06,61.44713878631592,61.44713878631592,62.12714195251465,61.19429111480713,61.4300012588501,157304000,61.44713878631592
2014-06-09,60.44143199920654,60.44143199920654,61.521430015563965,60.01286029815674,61.35714054107666,166789000,60.44143199920654
2014-06-10,61.18429183959961,61.18429183959961,62.29143142700195,60.71713924407959,60.78856945037842,229201000,61.18429183959961
2014-06-11,61.42857074737549,61.42857074737549,61.79999828338623,60.714287757873535,60.74714183807373,137459000,61.42857074737549
2014-06-12,60.349998474121094,60.349998474121094,61.464290618896484,60.07143020629883,61.29570960998535,158032000,60.349998474121094
2014-06-13,61.10143184661865,61.10143184661865,61.12856864929199,59.601430892944336,60.428571701049805,157787000,61.10143184661865
2014-06-16,61.46571159362793,61.46571159362793,61.6014289855957,60.488572120666504,60.932860374450684,125062000,61.46571159362793
2014-06-17,63.378567695617676,63.378567695617676,64.01286125183105,62.53857135772705,62.57713794708252,289961000,63.378567695617676
2014-06-18,64.09714221954346,64.09714221954346,64.40286159515381,62.89286136627197,63.381428718566895,187866000,64.09714221954346
2014-06-19,63.055710792541504,63.055710792541504,64.21286106109619,62.57999897003174,64.20429229736328,173082000,63.055710792541504
2014-06-20,62.88286209106445,62.88286209106445,63.26857089996338,62.14000225067139,63.02856922149658,132223000,62.88286209106445
2014-06-23,62.78857231140137,62.78857231140137,63.12285900115967,62.221431732177734,62.76570796966553,106729000,62.78857231140137
2014-06-24,62.337141036987305,62.337141036987305,64.27713871002197,62.21428871154785,62.57856845855713,203672000,62.337141036987305
2014-06-25,63.458571434020996,63.458571434020996,63.537139892578125,61.90429210662842,62.14285850524902,157521000,63.458571434020996
2014-06-26,62.80142784118652,62.80142784118652,63.16286087036133,62.39285945892334,62.96999931335449,142373000,62.80142784118652
2014-06-27,63.15429210662842,63.15429210662842,63.312859535217285,62.48570919036865,62.61713981628418,155876000,63.15429210662842
2014-06-30,62.94285774230957,62.94285774230957,63.83856773376465,62.81285762786865,63.26570987701416,105889000,62.94285774230957
2014-07-01,67.58571147918701,67.58571147918701,67.66857147216797,65.0428581237793,65.17570972442627,379953000,67.58571147918701
2014-07-02,66.6771411895752,66.6771411895752,67.98142910003662,66.57713890075684,67.63999938964844,173096000,66.6771411895752
2014-07-03,67.47857093811035,67.47857093811035,67.5171422958374,66.98143005371094,67.16570854187012,113596000,67.47857093811035
2014-07-07,65.80286026000977,65.80286026000977,67.46142864227295,65.71428775787354,67.44286060333252,182966000,65.80286026000977
2014-07-08,63.578572273254395,63.578572273254395,65.85713863372803,62.75428771972656,65.66429138183594,261828000,63.578572273254395
2014-07-09,63.2857084274292,63.2857084274292,64.19143199920654,62.818570137023926,63.74000072479248,210112000,63.2857084274292
2014-07-10,62.64999866485596,62.64999866485596,63.45571041107178,61.17143154144287,62.05571174621582,243887000,62.64999866485596
2014-07-11,62.8514289855957,62.8514289855957,63.44714164733887,62.44999885559082,63.06571006774902,142191000,62.8514289855957
2014-07-14,64.65428829193115,64.65428829193115,65.06856918334961,62.714290618896484,63.32857131958008,174335000,64.65428829193115
2014-07-15,64.15571212768555,64.15571212768555,64.48143005371094,63.18142890930176,64.3842887878418,135058000,64.15571212768555
2014-07-16,63.49143028259277,63.49143028259277,65.10000228881836,63.342862129211426,64.86713886260986,134386000,63.49143028259277
2014-07-17,62.76570796966553,62.76570796966553,64.12143230438232,62.612857818603516,63.32571029663086,132664000,62.76570796966553
2014-07-18,63.45285892486572,63.45285892486572,63.471431732177734,62.249999046325684,62.97286033630371,117607000,63.45285892486572
2014-07-21,64.5642900466919,64.5642900466919,65.35714149475098,63.94570827484131,64.52713966369629,346710000,64.5642900466919
2014-07-22,61.58429145812988,61.58429145812988,63.52428913116455,60.72286128997803,63.28286170959473,571746000,61.58429145812988
2014-07-23,61.12856864929199,61.12856864929199,62.20142841339111,60.929999351501465,61.48714065551758,172676000,61.12856864929199
2014-07-24,60.76857089996338,60.76857089996338,61.45856857299805,59.86000061035156,61.352858543395996,186214000,60.76857089996338
2014-07-25,60.26570796966553,60.26570796966553,61.16714000701904,60.05713939666748,60.714287757873535,116102000,60.26570796966553
2014-07-28,60.66571235656738,60.66571235656738,60.84428787231445,59.788570404052734,60.31570911407471,119609000,60.66571235656738
2014-07-29,60.61142921447754,60.61142921447754,61.19856834411621,60.45856952667236,60.45856952667236,92820000,60.61142921447754
2014-07-30,62.051429748535156,62.051429748535156,62.18429088592529,60.6157112121582,60.67856788635254,152635000,62.051429748535156
2014-07-31,60.388569831848145,60.388569831848145,61.85286045074463,60.184288024902344,61.46571159362793,138201000,60.388569831848145
2014-08-01,60.7714319229126,60.7714319229126,61.10428810119629,58.9300012588501,60.251431465148926,189476000,60.7714319229126
2014-08-04,60.385708808898926,60.385708808898926,61.42857074737549,60.11143207550049,61.028571128845215,106869000,60.385708808898926
2014-08-05,60.407137870788574,60.407137870788574,61.14285945892334,60.044288635253906,60.18570899963379,106533000,60.407137870788574
2014-08-06,61.471428871154785,61.471428871154785,62.128567695617676,60.07856845855713,60.142860412597656,158354000,61.471428871154785
2014-08-07,64.2385721206665,64.2385721206665,64.27856922149658,62.07857131958008,62.18571186065674,273133000,64.2385721206665
2014-08-08,63.69286060333252,63.69286060333252,64.42429065704346,63.15000057220459,64.31428909301758,154952000,63.69286060333252
2014-08-11,64.50571060180664,64.50571060180664,65.37857055664062,64.1014289855957,64.17428970336914,132468000,64.50571060180664
2014-08-12,63.77285957336426,63.77285957336426,64.71428871154785,63.34428787231445,64.47856903076172,108451000,63.77285957336426
2014-08-13,64.5042896270752,64.5042896270752,64.88856792449951,63.83142948150635,64.08570766448975,90580000,64.5042896270752
2014-08-14,64.40999984741211,64.40999984741211,65.0,64.03142929077148,64.60143089294434,66766000,64.40999984741211
2014-08-15,65.58428764343262,65.58428764343262,65.99999904632568,64.08570766448975,64.49857234954834,220367000,65.58428764343262
2014-08-18,66.57143115997314,66.57143115997314,67.0714282989502,65.89285850524902,66.0085678100586,134960000,66.57143115997314
2014-08-19,66.87857151031494,66.87857151031494,67.21428871154785,66.06142997741699,66.72714233398438,108976000,66.87857151031494
2014-08-20,67.4557113647461,67.4557113647461,67.67857074737549,66.36285781860352,66.7142915725708,121639000,67.4557113647461
2014-08-21,67.43570804595947,67.43570804595947,68.02143096923828,66.81000232696533,67.32571125030518,117467000,67.43570804595947
2014-08-22,68.45571041107178,68.45571041107178,68.50714206695557,67.1500015258789,67.2771406173706,137354000,68.45571041107178
2014-08-25,68.70429039001465,68.70429039001465,69.32857036590576,68.2185697555542,68.7928581237793,134848000,68.70429039001465
2014-08-26,68.48000049591064,68.48000049591064,68.83571147918701,67.79285907745361,68.35713863372803,101374000,68.48000049591064
2014-08-27,67.81428813934326,67.81428813934326,68.60713958740234,67.66142845153809,68.48570823669434,103943000,67.81428813934326
2014-08-28,67.88713932037354,67.88713932037354,68.2114315032959,67.2585678100586,67.52142906188965,75845000,67.88713932037354
2014-08-29,68.23429107666016,68.23429107666016,68.64285945892334,67.73428916931152,68.12142848968506,98385000,68.23429107666016
2014-09-02,68.08570861816406,68.08570861816406,68.3985710144043,67.79857158660889,68.35713863372803,88067000,68.08570861816406
2014-09-03,68.19857120513916,68.19857120513916,69.6571397781372,68.07570934295654,68.6457109451294,162190000,68.19857120513916
2014-09-04,67.52429008483887,67.52429008483887,68.81286144256592,67.4471378326416,68.44429016113281,119588000,67.52429008483887
2014-09-05,67.95429229736328,67.95429229736328,68.19285869598389,67.15285778045654,67.6042890548706,119532000,67.95429229736328
2014-09-08,68.47570896148682,68.47570896148682,68.65714073181152,67.74285793304443,67.77143001556396,76685000,68.47570896148682
2014-09-09,68.42999935150146,68.42999935150146,69.89857196807861,68.05714130401611,69.47143077850342,197379000,68.42999935150146
2014-09-10,69.19857025146484,69.19857025146484,69.25000190734863,68.14857006072998,68.60000133514404,91049000,69.19857025146484
2014-09-11,68.7942886352539,68.7942886352539,69.19428825378418,68.52428913116455,68.93857002258301,78652000,68.7942886352539
2014-09-12,68.07857036590576,68.07857036590576,69.27000045776367,68.01713943481445,69.0928602218628,134253000,68.07857036590576
2014-09-15,65.39286136627197,65.39286136627197,68.22000026702881,65.26429176330566,68.22000026702881,206171000,65.39286136627197
2014-09-16,65.27286052703857,65.27286052703857,65.44857025146484,63.65714073181152,64.0571403503418,268387000,65.27286052703857
2014-09-17,64.932861328125,64.932861328125,65.55285930633545,64.47000026702881,65.27286052703857,121331000,64.932861328125
2014-09-18,65.57285785675049,65.57285785675049,65.90857028961182,64.7599983215332,65.35285949707031,106302000,65.57285785675049
2014-09-19,65.35999774932861,65.35999774932861,65.90428829193115,64.88142967224121,65.85713863372803,119609000,65.35999774932861
2014-09-22,63.254289627075195,63.254289627075195,65.27856826782227,62.69713878631592,65.1814317703247,161693000,63.254289627075195
2014-09-23,63.414292335510254,63.414292335510254,64.00143146514893,62.928571701049805,63.03286075592041,114716000,63.414292335510254
2014-09-24,64.3657112121582,64.3657112121582,64.52285766601562,63.22000026702881,63.49429130554199,95515000,64.3657112121582
2014-09-25,63.35570812225342,63.35570812225342,64.62142944335938,63.202857971191406,64.27143096923828,98399000,63.35570812225342
2014-09-26,64.10714149475098,64.10714149475098,64.37714099884033,63.412861824035645,63.57142925262451,104048000,64.10714149475098
2014-09-29,64.22286033630371,64.22286033630371,64.36285972595215,63.14570903778076,63.438568115234375,95165000,64.22286033630371
2014-09-30,64.45428848266602,64.45428848266602,65.31285762786865,64.25714015960693,64.61429119110107,124726000,64.45428848266602
2014-10-01,62.68570899963379,62.68570899963379,64.28571224212646,62.47000217437744,64.09856796264648,154161000,62.68570899963379
2014-10-02,64.28286075592041,64.28286075592041,64.35571193695068,62.554287910461426,62.69999980926514,184506000,64.28286075592041
2014-10-03,65.64857006072998,65.64857006072998,65.79999923706055,64.64428901672363,64.74143028259277,152901000,65.64857006072998
2014-10-06,66.21142864227295,66.21142864227295,66.74428939819336,65.85713863372803,65.99999904632568,137095000,66.21142864227295
2014-10-07,65.17857074737549,65.17857074737549,66.61142826080322,65.14286041259766,65.87142944335938,137592000,65.17857074737549
2014-10-08,66.69428825378418,66.69428825378418,66.79999828338623,64.48286056518555,65.23571014404297,143325000,66.69428825378418
2014-10-09,65.94571113586426,65.94571113586426,66.85571193695068,65.6514310836792,66.6614294052124,149282000,65.94571113586426
2014-10-10,64.58285808563232,64.58285808563232,66.40571117401123,64.49142932891846,65.68571090698242,191107000,64.58285808563232
2014-10-13,62.654290199279785,62.654290199279785,64.63857173919678,61.85713768005371,64.46428775787354,202167000,62.654290199279785
2014-10-14,64.1599988937378,64.1599988937378,64.56999778747559,62.58999824523926,63.64428997039795,167475000,64.1599988937378
2014-10-15,64.08429145812988,64.08429145812988,64.4257116317749,61.454291343688965,63.49571228027344,599277000,64.08429145812988
2014-10-16,51.67142868041992,51.67142868041992,52.30999946594238,47.285709381103516,47.53285884857178,923048000,51.67142868041992
2014-10-17,51.01285934448242,51.01285934448242,51.43857002258301,48.78571033477783,51.401429176330566,791609000,51.01285934448242
2014-10-20,51.317138671875,51.317138671875,52.741432189941406,50.792860984802246,50.85713863372803,335293000,51.317138671875
2014-10-21,52.28428840637207,52.28428840637207,52.39857196807861,50.77713966369629,51.75142765045166,193655000,52.28428840637207
2014-10-22,53.52142810821533,53.52142810821533,54.56857204437256,51.88570976257324,52.712860107421875,321503000,53.52142810821533
2014-10-23,54.720001220703125,54.720001220703125,55.11000156402588,54.03571128845215,54.35999870300293,199164000,54.720001220703125
2014-10-24,55.00286102294922,55.00286102294922,55.28571128845215,54.4014310836792,54.65428829193115,146573000,55.00286102294922
2014-10-27,54.20000076293945,54.20000076293945,54.92856979370117,53.81429195404053,54.84285831451416,149443000,54.20000076293945
2014-10-28,55.174288749694824,55.174288749694824,55.26713848114014,54.050002098083496,54.25000190734863,117369000,55.174288749694824
2014-10-29,54.014291763305664,54.014291763305664,55.2400016784668,53.96714210510254,55.174288749694824,125076000,54.014291763305664
2014-10-30,54.14429187774658,54.14429187774658,54.619998931884766,53.51428985595703,53.9300012588501,105938000,54.14429187774658
2014-10-31,56.11000061035156,56.11000061035156,56.25286102294922,54.857139587402344,54.91428852081299,204701000,56.11000061035156
2014-11-03,55.487141609191895,55.487141609191895,56.502861976623535,55.01571178436279,56.17570877075195,175812000,55.487141609191895
2014-11-04,54.682860374450684,54.682860374450684,55.321431159973145,54.10999774932861,55.274291038513184,113897000,54.682860374450684
2014-11-05,54.34000015258789,54.34000015258789,55.40571212768555,53.76999855041504,55.08714199066162,136458000,54.34000015258789
2014-11-06,54.757142066955566,54.757142066955566,55.04714012145996,53.90714168548584,54.000000953674316,99918000,54.757142066955566
2014-11-07,54.8799991607666,54.8799991607666,55.03571033477783,54.185709953308105,54.777140617370605,93037000,54.8799991607666
2014-11-10,55.32429218292236,55.32429218292236,55.63570976257324,54.14286136627197,54.71428871154785,97111000,55.32429218292236
2014-11-11,54.650001525878906,54.650001525878906,56.30000114440918,54.544291496276855,55.32429218292236,148386000,54.650001525878906
2014-11-12,54.837141036987305,54.837141036987305,55.13713836669922,53.862857818603516,54.44714069366455,109585000,54.837141036987305
2014-11-13,54.20143127441406,54.20143127441406,55.0071382522583,53.932862281799316,54.92286205291748,104902000,54.20143127441406
2014-11-14,55.14856815338135,55.14856815338135,55.317139625549316,54.081430435180664,54.197139739990234,109886000,55.14856815338135
2014-11-17,54.44857120513916,54.44857120513916,55.64286231994629,54.39286231994629,55.054287910461426,92253000,54.44857120513916
2014-11-18,54.43285942077637,54.43285942077637,54.98570919036865,54.36142921447754,54.42856788635254,79212000,54.43285942077637
2014-11-19,51.87142848968506,51.87142848968506,55.29285907745361,51.80857181549072,54.74429130554199,245154000,51.87142848968506
2014-11-20,52.59142875671387,52.59142875671387,53.322858810424805,51.571431159973145,51.86999797821045,154252000,52.59142875671387
2014-11-21,51.468567848205566,51.468567848205566,53.321428298950195,51.35714054107666,53.2114315032959,178780000,51.468567848205566
2014-11-24,50.92429161071777,50.92429161071777,51.92286014556885,50.7714319229126,51.50856971740723,178640000,50.92429161071777
2014-11-25,49.855709075927734,49.855709075927734,50.34714221954346,49.14286136627197,50.14571189880371,281008000,49.855709075927734
2014-11-26,50.16571044921875,50.16571044921875,50.52713871002197,49.74571228027344,50.154290199279785,100632000,50.16571044921875
2014-11-28,49.512858390808105,49.512858390808105,50.57143211364746,49.42714214324951,50.51286220550537,67025000,49.512858390808105
2014-12-01,48.82999897003174,48.82999897003174,49.571428298950195,48.234291076660156,49.285712242126465,119644000,48.82999897003174
2014-12-02,50.329999923706055,50.329999923706055,50.477142333984375,48.69143009185791,48.7571382522583,142716000,50.329999923706055
2014-12-03,50.73143005371094,50.73143005371094,50.73143005371094,49.18142795562744,50.221428871154785,138194000,50.73143005371094
2014-12-04,50.08571147918701,50.08571147918701,51.135711669921875,49.90857124328613,50.428571701049805,118538000,50.08571147918701
2014-12-05,50.13143062591553,50.13143062591553,50.64286231994629,49.73286151885986,50.14713764190674,99302000,50.13143062591553
2014-12-08,48.497138023376465,48.497138023376465,49.9828577041626,48.28999996185303,49.88142967224121,136213000,48.497138023376465
2014-12-09,49.11142826080322,49.11142826080322,49.33713912963867,47.002859115600586,47.820000648498535,179767000,49.11142826080322
2014-12-10,47.760000228881836,47.760000228881836,49.247140884399414,47.66571044921875,49.021430015563965,126448000,47.760000228881836
2014-12-11,47.80428886413574,47.80428886413574,48.69999885559082,47.65571117401123,48.01286220550537,117691000,47.80428886413574
2014-12-12,47.782859802246094,47.782859802246094,48.322858810424805,46.97999954223633,47.41714000701904,135212000,47.782859802246094
2014-12-15,46.71999931335449,46.71999931335449,48.418569564819336,46.618571281433105,48.055710792541504,120190000,46.71999931335449
2014-12-16,45.20571231842041,45.20571231842041,47.069997787475586,45.142860412597656,46.42714023590088,169477000,45.20571231842041
2014-12-17,47.664289474487305,47.664289474487305,47.867140769958496,45.07713794708252,45.375709533691406,201929000,47.664289474487305
2014-12-18,47.774291038513184,47.774291038513184,48.92857074737549,47.23286151885986,48.400001525878906,156394000,47.774291038513184
2014-12-19,48.588571548461914,48.588571548461914,48.72000217437744,47.62143135070801,47.89999961853027,150479000,48.588571548461914
2014-12-22,48.09713840484619,48.09713840484619,49.23999786376953,47.74857044219971,48.54286193847656,79940000,48.09713840484619
2014-12-23,48.06142807006836,48.06142807006836,48.428568840026855,47.47285842895508,48.28713893890381,82915000,48.06142807006836
2014-12-24,48.87143135070801,48.87143135070801,49.070000648498535,47.99857139587402,48.07285785675049,54110000,48.87143135070801
2014-12-26,48.578572273254395,48.578572273254395,49.484291076660156,48.53428840637207,48.844289779663086,88473000,48.578572273254395
2014-12-29,48.84714126586914,48.84714126586914,49.10429000854492,47.652859687805176,47.96999931335449,85883000,48.84714126586914
2014-12-30,49.032859802246094,49.032859802246094,49.140000343322754,48.538570404052734,48.71428966522217,70112000,49.032859802246094
2014-12-31,48.80143165588379,48.80143165588379,49.39143180847168,48.78714084625244,49.032859802246094,86275000,48.80143165588379
2015-01-02,49.848570823669434,49.848570823669434,50.331430435180664,48.73143196105957,49.15143013000488,134750000,49.848570823669434
2015-01-05,47.31142997741699,47.31142997741699,49.25857067108154,47.14714050292969,49.25857067108154,181650000,47.31142997741699
2015-01-06,46.501431465148926,46.501431465148926,47.63999938964844,45.66143035888672,47.347140312194824,160377000,46.501431465148926
2015-01-07,46.74285888671875,46.74285888671875,47.42143154144287,46.27142906188965,47.347140312194824,98497000,46.74285888671875
2015-01-08,47.779998779296875,47.779998779296875,47.835707664489746,46.47857189178467,47.119998931884766,96019000,47.779998779296875
2015-01-09,47.04143047332764,47.04143047332764,48.02000045776367,46.89857006072998,47.63143062591553,95781000,47.04143047332764
2015-01-12,45.547142028808594,45.547142028808594,47.19857215881348,45.264291763305664,47.09000110626221,129444000,45.547142028808594
2015-01-13,46.25570774078369,46.25570774078369,47.04856872558594,45.900001525878906,46.02142810821533,187215000,46.25570774078369
2015-01-14,46.31999969482422,46.31999969482422,47.36999988555908,45.67999839782715,47.071428298950195,198849000,46.31999969482422
2015-01-15,46.25143051147461,46.25143051147461,46.785712242126465,45.84428787231445,46.54714107513428,116690000,46.25143051147461
2015-01-16,48.19142818450928,48.19142818450928,48.24999809265137,46.38143062591553,46.85713768005371,196966000,48.19142818450928
2015-01-20,49.828572273254395,49.828572273254395,50.0,47.714290618896484,48.57142925262451,405510000,49.828572273254395
2015-01-21,58.468570709228516,58.468570709228516,59.23999786376953,57.41000175476074,59.23429012298584,669025000,58.468570709228516
2015-01-22,61.205711364746094,61.205711364746094,61.37429237365723,57.828569412231445,58.57142925262451,333193000,61.205711364746094
2015-01-23,62.49429225921631,62.49429225921631,62.742857933044434,60.881428718566895,60.988569259643555,267841000,62.49429225921631
2015-01-26,63.794288635253906,63.794288635253906,63.89856815338135,61.95713996887207,62.57143020629883,212688000,63.794288635253906
2015-01-27,64.88142967224121,64.88142967224121,65.33999919891357,63.04999828338623,63.08713912963867,246127000,64.88142967224121
2015-01-28,63.20857048034668,63.20857048034668,64.82142925262451,63.08143138885498,64.74143028259277,245329000,63.20857048034668
2015-01-29,63.400001525878906,63.400001525878906,63.92714023590088,62.5,63.204288482666016,151277000,63.400001525878906
2015-01-30,63.11429023742676,63.11429023742676,63.98428916931152,62.65571117401123,63.13285827636719,132153000,63.11429023742676
2015-02-02,63.01000118255615,63.01000118255615,63.428568840026855,61.95570945739746,62.84286022186279,129906000,63.01000118255615
2015-02-03,65.27429103851318,65.27429103851318,65.46713829040527,62.729997634887695,63.319997787475586,164402000,65.27429103851318
2015-02-04,64.1014289855957,64.1014289855957,65.17428874969482,63.88999938964844,65.04143238067627,124509000,64.1014289855957
2015-02-05,64.13000106811523,64.13000106811523,65.13856887817383,63.665709495544434,64.54143047332764,142485000,64.13000106811523
2015-02-06,63.480000495910645,63.480000495910645,64.42856788635254,63.1757116317749,64.25000190734863,88984000,63.480000495910645
2015-02-09,63.29570770263672,63.29570770263672,63.78571033477783,62.63713836669922,63.19857120513916,81732000,63.29570770263672
2015-02-10,64.85000133514404,64.85000133514404,65.15714168548584,63.10142993927002,63.460001945495605,154189000,64.85000133514404
2015-02-11,64.9842882156372,64.9842882156372,66.14142894744873,64.55714225769043,64.82999801635742,139531000,64.9842882156372
2015-02-12,65.2471399307251,65.2471399307251,65.60713768005371,64.45143222808838,65.05856990814209,84644000,65.2471399307251
2015-02-13,66.58570766448975,66.58570766448975,66.63000106811523,65.42285919189453,65.4285717010498,129689000,66.58570766448975
2015-02-17,67.13714122772217,67.13714122772217,67.37143039703369,65.94429016113281,66.51570796966553,111706000,67.13714122772217
2015-02-18,67.86571025848389,67.86571025848389,68.07000160217285,66.64570808410645,67.02285766601562,103166000,67.86571025848389
2015-02-19,67.8000020980835,67.8000020980835,68.71428966522217,67.57429122924805,67.85714149475098,104321000,67.8000020980835
2015-02-20,68.3142900466919,68.3142900466919,68.3742904663086,67.63713836669922,67.95000076293945,94220000,68.3142900466919
2015-02-23,67.40571022033691,67.40571022033691,68.3142900466919,67.14285850524902,68.29999923706055,90314000,67.40571022033691
2015-02-24,67.83999919891357,67.83999919891357,68.08428764343262,67.35570907592773,67.3728609085083,60753000,67.83999919891357
2015-02-25,68.33285808563232,68.33285808563232,68.7942886352539,67.8071403503418,67.8071403503418,68544000,68.33285808563232
2015-02-26,69.00428771972656,69.00428771972656,69.49999809265137,68.42999935150146,68.62570762634277,108528000,69.00428771972656
2015-02-27,67.8442907333374,67.8442907333374,69.42856788635254,67.81857013702393,69.08143043518066,115164000,67.8442907333374
2015-03-02,68.60713958740234,68.60713958740234,68.60713958740234,67.23429203033447,67.71429061889648,101871000,68.60713958740234
2015-03-03,67.8157091140747,67.8157091140747,68.45714092254639,67.5071382522583,68.34428787231445,74263000,67.8157091140747
2015-03-04,67.10999965667725,67.10999965667725,67.92571067810059,66.182861328125,67.52999782562256,174538000,67.10999965667725
2015-03-05,66.80714130401611,66.80714130401611,67.46428966522217,66.42000198364258,67.42856979370117,112448000,66.80714130401611
2015-03-06,64.87429141998291,64.87429141998291,66.9257116317749,64.84428882598877,66.64286136627197,128884000,64.87429141998291
2015-03-09,63.66143226623535,63.66143226623535,65.09285926818848,62.828569412231445,64.99000072479248,189707000,63.66143226623535
2015-03-10,62.151432037353516,62.151432037353516,63.351430892944336,61.98286056518555,63.015708923339844,179473000,62.151432037353516
2015-03-11,62.88428783416748,62.88428783416748,63.94000053405762,62.239999771118164,62.239999771118164,163632000,62.88428783416748
2015-03-12,64.04571056365967,64.04571056365967,64.58285808563232,63.34000110626221,63.34713935852051,146545000,64.04571056365967
2015-03-13,62.62856960296631,62.62856960296631,64.0571403503418,62.36713886260986,63.90714168548584,101612000,62.62856960296631
2015-03-16,60.281429290771484,60.281429290771484,61.54714107513428,59.619998931884766,61.54714107513428,267960000,60.281429290771484
2015-03-17,59.788570404052734,59.788570404052734,60.694289207458496,59.3842887878418,59.71285820007324,184282000,59.788570404052734
2015-03-18,60.445709228515625,60.445709228515625,60.65000057220459,59.29999828338623,59.738569259643555,146349000,60.445709228515625
2015-03-19,60.744290351867676,60.744290351867676,61.21142864227295,60.25570869445801,60.46000003814697,114499000,60.744290351867676
2015-03-20,61.18570804595947,61.18570804595947,61.785712242126465,60.89570999145508,61.33714199066162,136416000,61.18570804595947
2015-03-23,60.714287757873535,60.714287757873535,61.155710220336914,60.329999923706055,60.89000225067139,76643000,60.714287757873535
2015-03-24,62.61143207550049,62.61143207550049,63.0985689163208,61.11856937408447,61.135711669921875,168889000,62.61143207550049
2015-03-25,60.250000953674316,60.250000953674316,62.69143104553223,60.24428844451904,62.684288024902344,216524000,60.250000953674316
2015-03-26,59.75142955780029,59.75142955780029,60.447139739990234,59.39000129699707,59.628567695617676,160391000,59.75142955780029
2015-03-27,59.25285816192627,59.25285816192627,59.847140312194824,58.57285976409912,59.33000087738037,158522000,59.25285816192627
2015-03-30,60.367140769958496,60.367140769958496,60.56428909301758,59.36429023742676,59.7157096862793,132727000,60.367140769958496
2015-03-31,59.52713966369629,59.52713966369629,60.41999816894531,59.45570945739746,60.11000156402588,142485000,59.52713966369629
2015-04-01,59.01713848114014,59.01713848114014,59.785709381103516,58.70285987854004,59.64285850524902,146398000,59.01713848114014
2015-04-02,59.1542911529541,59.1542911529541,59.60713863372803,58.86143207550049,59.071431159973145,98644000,59.1542911529541
2015-04-06,60.329999923706055,60.329999923706055,60.447139739990234,58.46428871154785,58.76856803894043,107303000,60.329999923706055
2015-04-07,60.49428939819336,60.49428939819336,60.84856986999512,60.0428581237793,60.497140884399414,99771000,60.49428939819336
2015-04-08,63.04999828338623,63.04999828338623,63.10713768005371,61.18429183959961,61.20142936706543,223279000,63.04999828338623
2015-04-09,62.78571128845215,62.78571128845215,63.13570976257324,62.114291191101074,63.00000190734863,134554000,62.78571128845215
2015-04-10,64.93856906890869,64.93856906890869,64.99570846557617,63.94713878631592,64.39713954925537,223671000,64.93856906890869
2015-04-13,67.81143188476562,67.81143188476562,69.28571224212646,67.05714225769043,67.23999977111816,444367000,67.81143188476562
2015-04-14,68.38714122772217,68.38714122772217,69.14286136627197,67.42143154144287,68.85714054107666,286419000,68.38714122772217
2015-04-15,67.92285919189453,67.92285919189453,68.70429039001465,67.36429214477539,68.70429039001465,425285000,67.92285919189453
2015-04-16,80.2928638458252,80.2928638458252,81.25,75.71428775787354,75.99999904632568,1045009000,80.2928638458252
2015-04-17,81.64999961853027,81.64999961853027,82.14285850524902,79.71428871154785,79.77857112884521,583065000,81.64999961853027
2015-04-20,81.05570793151855,81.05570793151855,82.30428695678711,80.38143157958984,81.78570747375488,307664000,81.05570793151855
2015-04-21,80.06285667419434,80.06285667419434,81.48428916931152,79.80000019073486,81.23429298400879,159257000,80.06285667419434
2015-04-22,79.66856956481934,79.66856956481934,80.71286201477051,79.54429149627686,80.21142959594727,120897000,79.66856956481934
2015-04-23,79.86570835113525,79.86570835113525,80.34285545349121,78.95571231842041,79.6557092666626,126875000,79.86570835113525
2015-04-24,79.77142810821533,79.77142810821533,80.80857276916504,79.50714111328125,80.1728630065918,110453000,79.77142810821533
2015-04-27,80.86856842041016,80.86856842041016,81.78570747375488,80.2299976348877,80.2928638458252,152467000,80.86856842041016
2015-04-28,80.43713569641113,80.43713569641113,81.27857208251953,79.94429111480713,80.59000015258789,88263000,80.43713569641113
2015-04-29,80.40714263916016,80.40714263916016,81.05570793151855,79.64428901672363,80.06999969482422,95347000,80.40714263916016
2015-04-30,79.49999809265137,79.49999809265137,80.83571434020996,79.12428855895996,80.23714065551758,105651000,79.49999809265137
2015-05-01,79.57571029663086,79.57571029663086,79.96714115142822,78.89429092407227,79.85570907592773,89061000,79.57571029663086
2015-05-04,79.27143096923828,79.27143096923828,79.71428871154785,78.89999866485596,79.5714282989502,79674000,79.27143096923828
2015-05-05,80.79285621643066,80.79285621643066,82.44285583496094,80.75714111328125,81.23856544494629,271166000,80.79285621643066
2015-05-06,80.0771427154541,80.0771427154541,81.21429443359375,79.5214319229126,81.02856636047363,115045000,80.0771427154541
2015-05-07,80.74856758117676,80.74856758117676,80.79428672790527,79.45713996887207,80.11428833007812,102207000,80.74856758117676
2015-05-08,82.08571434020996,82.08571434020996,82.15286254882812,80.96428871154785,81.04143142700195,138285000,82.08571434020996
2015-05-11,84.27857398986816,84.27857398986816,84.85713958740234,82.18570709228516,82.32428550720215,238826000,84.27857398986816
2015-05-12,83.37714195251465,83.37714195251465,83.80857467651367,82.99285888671875,83.80857467651367,119070000,83.37714195251465
2015-05-13,82.87285804748535,82.87285804748535,84.19713973999023,82.69143104553223,83.40429306030273,111559000,82.87285804748535
2015-05-14,83.83570671081543,83.83570671081543,83.9242935180664,82.32999801635742,83.28571319580078,88984000,83.83570671081543
2015-05-15,87.60713577270508,87.60713577270508,88.34856986999512,85.75571060180664,86.36428833007812,370531000,87.60713577270508
2015-05-18,88.26713562011719,88.26713562011719,88.53428840637207,87.02428817749023,87.5442886352539,148120000,88.26713562011719
2015-05-19,88.06857109069824,88.06857109069824,89.78570938110352,87.81000137329102,88.88856887817383,191016000,88.06857109069824
2015-05-20,88.78999710083008,88.78999710083008,89.10857200622559,87.36286163330078,88.21429252624512,127568000,88.78999710083008
2015-05-21,89.00285720825195,89.00285720825195,89.5714282989502,88.18142890930176,89.08143043518066,127673000,89.00285720825195
2015-05-22,88.83856773376465,88.83856773376465,89.40713882446289,88.69285583496094,89.1785717010498,74662000,88.83856773376465
2015-05-26,87.99285888671875,87.99285888671875,89.06143188476562,87.78571128845215,88.87429237365723,96460000,87.99285888671875
2015-05-27,89.85713958740234,89.85713958740234,89.90714073181152,87.9285717010498,88.14286231994629,105063000,89.85713958740234
2015-05-28,89.50714111328125,89.50714111328125,89.85570907592773,88.92999649047852,89.71428871154785,78218000,89.50714111328125
2015-05-29,89.15143013000488,89.15143013000488,90.20570755004883,88.95570755004883,89.47285652160645,127120000,89.15143013000488
2015-06-01,89.00285720825195,89.00285720825195,89.12142753601074,87.94428825378418,88.83713722229004,99260000,89.00285720825195
2015-06-02,89.13000106811523,89.13000106811523,89.67857360839844,88.40571403503418,88.71143341064453,75292000,89.13000106811523
2015-06-03,88.80857467651367,88.80857467651367,89.73285675048828,88.64429473876953,89.24285888671875,62377000,88.80857467651367
2015-06-04,89.34857368469238,89.34857368469238,89.42856788635254,88.04286003112793,88.37857246398926,100744000,89.34857368469238
2015-06-05,90.45999526977539,90.45999526977539,90.53999900817871,89.1257095336914,89.21428680419922,116242000,90.45999526977539
2015-06-08,89.60429191589355,89.60429191589355,90.81570625305176,88.99571418762207,90.71429252624512,111489000,89.60429191589355
2015-06-09,92.44999885559082,92.44999885559082,92.71429061889648,89.33428764343262,89.33428764343262,220248000,92.44999885559082
2015-06-10,95.87142944335938,95.87142944335938,98.97000312805176,93.2257080078125,93.39570999145508,571214000,95.87142944335938
2015-06-11,95.09428977966309,95.09428977966309,96.9185733795166,94.08714294433594,96.89000129699707,266231000,95.09428977966309
2015-06-12,94.4185733795166,94.4185733795166,95.34285545349121,94.12428855895996,94.91571426391602,102788000,94.4185733795166
2015-06-15,93.43143463134766,93.43143463134766,93.59143257141113,91.65857315063477,92.85714149475098,190540000,93.43143463134766
2015-06-16,95.27285575866699,95.27285575866699,95.60713768005371,93.69142532348633,94.24285888671875,160433000,95.27285575866699
2015-06-17,94.27143096923828,94.27143096923828,95.13285636901855,93.95713806152344,95.13285636901855,99050000,94.27143096923828
2015-06-18,94.74286079406738,94.74286079406738,95.34143447875977,94.36857223510742,94.65143203735352,89628000,94.74286079406738
2015-06-19,93.87143135070801,93.87143135070801,96.41857147216797,93.82143020629883,96.24285697937012,198149000,93.87143135070801
2015-06-22,96.4142894744873,96.4142894744873,96.69285774230957,94.18856620788574,95.0428581237793,167328000,96.4142894744873
2015-06-23,97.3128604888916,97.3128604888916,97.3900032043457,95.74999809265137,96.33570671081543,156261000,97.3128604888916
2015-06-24,96.94429397583008,96.94429397583008,100.89142799377441,96.39714241027832,100.01428604125977,771386000,96.94429397583008
2015-06-25,94.89143371582031,94.89143371582031,96.00000381469727,93.45856666564941,95.4814338684082,416234000,94.89143371582031
2015-06-26,93.08856964111328,93.08856964111328,95.31429290771484,93.08856964111328,95.29999732971191,303149000,93.08856964111328
2015-06-29,92.23142623901367,92.23142623901367,92.9128646850586,91.11714363098145,91.50570869445801,245756000,92.23142623901367
2015-06-30,93.84857177734375,93.84857177734375,94.3557071685791,92.78571128845215,93.35714340209961,168805000,93.84857177734375
2015-07-01,93.63571166992188,93.63571166992188,95.23857116699219,93.21857452392578,94.80570793151855,146993000,93.63571166992188
2015-07-02,94.0442943572998,94.0442943572998,94.19857025146484,93.21429252624512,93.99856567382812,110530000,94.0442943572998
2015-07-06,94.5714282989502,94.5714282989502,94.92856979370117,93.33999633789062,93.47286224365234,118083000,94.5714282989502
2015-07-07,94.09143447875977,94.09143447875977,95.4271411895752,92.62286186218262,95.01285552978516,215733000,94.09143447875977
2015-07-08,93.50713729858398,93.50713729858398,93.99571418762207,92.28428840637207,93.47143173217773,129906000,93.50713729858398
2015-07-09,95.72713851928711,95.72713851928711,95.8457088470459,94.28570747375488,94.89999771118164,167314000,95.72713851928711
2015-07-10,97.22857475280762,97.22857475280762,98.50285530090332,96.89999580383301,97.52285957336426,216363000,97.22857475280762
2015-07-13,101.0871410369873,101.0871410369873,102.30856895446777,98.07856559753418,98.09857368469238,332052000,101.0871410369873
2015-07-14,100.37142753601074,100.37142753601074,101.63571357727051,99.65286254882812,101.27142906188965,197365000,100.37142753601074
2015-07-15,98.12999725341797,98.12999725341797,100.74999809265137,97.04999923706055,99.96999740600586,308986000,98.12999725341797
2015-07-16,115.81000328063965,115.81000328063965,116.4900016784668,107.67999649047852,111.0200023651123,634610000,115.81000328063965
2015-07-17,114.7700023651123,114.7700023651123,117.88000106811523,114.23999786376953,117.34000205993652,251369000,114.7700023651123
2015-07-20,110.55000305175781,110.55000305175781,114.70000267028809,110.13999938964844,114.70000267028809,226769000,110.55000305175781
2015-07-21,112.5100040435791,112.5100040435791,113.71000289916992,109.32000160217285,110.20999908447266,140854000,112.5100040435791
2015-07-22,111.49999618530273,111.49999618530273,113.87999534606934,110.55999755859375,112.1399974822998,105005000,111.49999618530273
2015-07-23,110.10000228881836,110.10000228881836,112.18000411987305,109.84000205993652,110.90999603271484,83068000,110.10000228881836
2015-07-24,109.34000015258789,109.34000015258789,111.68000221252441,108.90000343322754,111.54999732971191,81251000,109.34000015258789
2015-07-27,106.42999649047852,106.42999649047852,109.86000061035156,106.25,107.79000282287598,113026000,106.42999649047852
2015-07-28,106.89999580383301,106.89999580383301,107.93999671936035,103.87999534606934,107.29000091552734,111559000,106.89999580383301
2015-07-29,107.08000183105469,107.08000183105469,107.74999618530273,105.39999961853027,106.82999610900879,66956000,107.08000183105469
2015-07-30,111.56000137329102,111.56000137329102,111.89999580383301,105.39999961853027,106.40000343322754,142292000,111.56000137329102
2015-07-31,114.30999755859375,114.30999755859375,115.0,111.14999771118164,111.94999694824219,163491000,114.30999755859375
2015-08-03,112.55999565124512,112.55999565124512,114.60000038146973,111.78000450134277,114.60000038146973,101448000,112.55999565124512
2015-08-04,121.14999771118164,121.14999771118164,122.79000282287598,113.00000190734863,113.14999580383301,296533000,121.14999771118164
2015-08-05,123.71000289916992,123.71000289916992,129.2899990081787,122.70999908447266,125.62000274658203,269465000,123.71000289916992
2015-08-06,126.45000457763672,126.45000457763672,128.85000228881836,122.04000473022461,126.28999710083008,247167000,126.45000457763672
2015-08-07,123.5200023651123,123.5200023651123,126.5999984741211,121.30000114440918,126.42000198364258,173607000,123.5200023651123
2015-08-10,123.03000450134277,123.03000450134277,126.49999618530273,121.51000022888184,126.09000205993652,134246000,123.03000450134277
2015-08-11,122.7400016784668,122.7400016784668,123.7600040435791,120.0,120.0100040435791,115968000,122.7400016784668
2015-08-12,120.50999641418457,120.50999641418457,122.44999885559082,118.66000175476074,121.47000312805176,138225000,120.50999641418457
2015-08-13,123.73000144958496,123.73000144958496,125.72999954223633,119.34000015258789,120.98999977111816,152844000,123.73000144958496
2015-08-14,123.3899974822998,123.3899974822998,125.0,123.00000190734863,124.96000289916992,86677000,123.3899974822998
2015-08-17,125.3600025177002,125.3600025177002,125.69999694824219,122.58999824523926,123.14000129699707,92338000,125.3600025177002
2015-08-18,124.04999732971191,124.04999732971191,126.75000190734863,123.54999542236328,125.26000022888184,93820000,124.04999732971191
2015-08-19,122.06000328063965,122.06000328063965,123.69999885559082,121.49999618530273,123.50000381469727,101153000,122.06000328063965
2015-08-20,112.4899959564209,112.4899959564209,121.45000457763672,111.33999824523926,119.79999542236328,280453000,112.4899959564209
2015-08-21,103.95999908447266,103.95999908447266,110.0,102.74999618530273,106.19999885559082,332283000,103.95999908447266
2015-08-24,96.87999725341797,96.87999725341797,109.63000297546387,85.50000190734863,88.75,599519000,96.87999725341797
2015-08-25,101.52000427246094,101.52000427246094,107.88000106811523,101.49999618530273,107.74999618530273,376207000,101.52000427246094
2015-08-26,110.12999534606934,110.12999534606934,110.27999877929688,102.0199966430664,107.1500015258789,361646000,110.12999534606934
2015-08-27,117.65999794006348,117.65999794006348,118.24999809265137,113.02000045776367,114.94000434875488,370561000,117.65999794006348
2015-08-28,117.62999534606934,117.62999534606934,119.35000419616699,115.88000297546387,116.35000228881836,202402000,117.62999534606934
2015-08-31,115.03000259399414,115.03000259399414,116.99999809265137,113.7600040435791,115.2400016784668,170056000,115.03000259399414
2015-09-01,105.79000473022461,105.79000473022461,111.2399959564209,103.81999969482422,109.35000419616699,359771000,105.79000473022461
2015-09-02,105.43999671936035,105.43999671936035,109.49999809265137,100.29999732971191,109.30999755859375,398433000,105.43999671936035
2015-09-03,101.05999946594238,101.05999946594238,104.16999816894531,100.1099967956543,102.69000053405762,295467000,101.05999946594238
2015-09-04,98.78999710083008,98.78999710083008,99.93000030517578,97.34000205993652,98.05000305175781,242120000,98.78999710083008
2015-09-08,94.94999885559082,94.94999885559082,102.5,93.54999542236328,102.08000183105469,434797000,94.94999885559082
2015-09-09,99.18000221252441,99.18000221252441,102.79000282287598,95.52000045776367,96.51000022888184,355244000,99.18000221252441
2015-09-10,99.47999954223633,99.47999954223633,100.85000038146973,96.78000450134277,99.42000389099121,210319000,99.47999954223633
2015-09-11,97.5100040435791,97.5100040435791,100.85000038146973,97.22999572753906,98.57000350952148,173739000,97.5100040435791
2015-09-14,95.69000244140625,95.69000244140625,97.91000366210938,94.32999610900879,96.84000015258789,155460000,95.69000244140625
2015-09-15,99.16000366210938,99.16000366210938,99.6500015258789,93.61000061035156,95.22000312805176,225911000,99.16000366210938
2015-09-16,104.07999992370605,104.07999992370605,104.47999954223633,99.32999610900879,99.70000267028809,280582000,104.07999992370605
2015-09-17,104.20999526977539,104.20999526977539,107.5,101.82999610900879,103.66999626159668,258177000,104.20999526977539
2015-09-18,102.6200008392334,102.6200008392334,104.35999870300293,100.71000099182129,101.99999809265137,217150000,102.6200008392334
2015-09-21,100.29999732971191,100.29999732971191,103.76999855041504,99.56000328063965,103.29999923706055,179006000,100.29999732971191
2015-09-22,98.47000122070312,98.47000122070312,99.89999771118164,96.99999809265137,98.29000473022461,167179000,98.47000122070312
2015-09-23,98.07000160217285,98.07000160217285,99.73999977111816,97.65999794006348,98.59999656677246,102645000,98.07000160217285
2015-09-24,103.7600040435791,103.7600040435791,103.99999618530273,96.78000450134277,97.11000442504883,212745000,103.7600040435791
2015-09-25,102.23999977111816,102.23999977111816,105.45000076293945,101.56999588012695,105.29999732971191,190666000,102.23999977111816
2015-09-28,99.46999549865723,99.46999549865723,103.33000183105469,97.84000396728516,101.56999588012695,170266000,99.46999549865723
2015-09-29,98.35000038146973,98.35000038146973,100.62999725341797,96.85000419616699,99.63000297546387,174059000,98.35000038146973
2015-09-30,103.26000213623047,103.26000213623047,103.45999717712402,99.04999732971191,99.91000175476074,170276000,103.26000213623047
2015-10-01,105.97999572753906,105.97999572753906,106.11000061035156,101.12000465393066,102.91000366210938,174269000,105.97999572753906
2015-10-02,106.11000061035156,106.11000061035156,106.87000274658203,101.45000457763672,103.00999641418457,215267000,106.11000061035156
2015-10-05,111.25,111.25,112.27999687194824,105.76000213623047,107.48000144958496,211579000,111.25
2015-10-06,108.33000183105469,108.33000183105469,112.25000381469727,105.64000129699707,110.32999992370605,206298000,108.33000183105469
2015-10-07,108.10000419616699,108.10000419616699,109.77999687194824,106.75000190734863,108.83999824523926,123295000,108.10000419616699
2015-10-08,114.93000030517578,114.93000030517578,115.05000114440918,102.60000228881836,107.93999671936035,428319000,114.93000030517578
2015-10-09,113.33000183105469,113.33000183105469,115.83000183105469,112.44000434875488,114.1100025177002,224552000,113.33000183105469
2015-10-12,113.45000267028809,113.45000267028809,115.41999816894531,112.36000061035156,114.44999694824219,126245000,113.45000267028809
2015-10-13,109.72999572753906,109.72999572753906,113.71999740600586,108.78000259399414,112.8499984741211,175121000,109.72999572753906
2015-10-14,110.2299976348877,110.2299976348877,111.63000106811523,108.05000305175781,111.49999618530273,332315000,110.2299976348877
2015-10-15,101.09000205993652,101.09000205993652,104.8799991607666,99.0999984741211,103.76999855041504,484843000,101.09000205993652
2015-10-16,98.9900016784668,98.9900016784668,101.64999961853027,98.40999603271484,100.20999908447266,213405000,98.9900016784668
2015-10-19,101.68999671936035,101.68999671936035,103.62000465393066,96.2600040435791,98.07000160217285,299647000,101.68999671936035
2015-10-20,98.9900016784668,98.9900016784668,102.11000442504883,97.58000373840332,101.05999946594238,173456000,98.9900016784668
2015-10-21,97.95999526977539,97.95999526977539,100.34000396728516,97.01000213623047,99.67000007629395,137285000,97.95999526977539
2015-10-22,97.32000350952148,97.32000350952148,99.93000030517578,96.85999870300293,98.07000160217285,127868000,97.32000350952148
2015-10-23,100.03999710083008,100.03999710083008,101.56000137329102,97.2700023651123,97.6099967956543,180199000,100.03999710083008
2015-10-26,103.03999900817871,103.03999900817871,103.31000328063965,99.37999725341797,100.05000114440918,122348000,103.03999900817871
2015-10-27,103.07000160217285,103.07000160217285,104.72000122070312,101.23000144958496,102.58000373840332,120664000,103.07000160217285
2015-10-28,105.79999923706055,105.79999923706055,106.21000289916992,102.06000328063965,102.89999961853027,130940000,105.79999923706055
2015-10-29,105.1200008392334,105.1200008392334,106.90999984741211,104.75000381469727,105.0,98414000,105.1200008392334
2015-10-30,108.38000297546387,108.38000297546387,110.10000228881836,104.89999771118164,105.1200008392334,155715000,108.38000297546387
2015-11-02,107.63999938964844,107.63999938964844,109.37000274658203,106.30000114440918,109.20000076293945,117846000,107.63999938964844
2015-11-03,109.73999977111816,109.73999977111816,111.04999542236328,107.23999977111816,107.36000061035156,124841000,109.73999977111816
2015-11-04,114.04999732971191,114.04999732971191,114.28000450134277,109.39000129699707,110.3600025177002,175050000,114.04999732971191
2015-11-05,113.50000381469727,113.50000381469727,115.67999839782715,111.71999931335449,113.75,138149000,113.50000381469727
2015-11-06,114.06000137329102,114.06000137329102,114.79999542236328,112.04999923706055,113.3899974822998,109366000,114.06000137329102
2015-11-09,109.86000061035156,109.86000061035156,113.99999618530273,108.6400032043457,113.36000442504883,161546000,109.86000061035156
2015-11-10,112.70000457763672,112.70000457763672,112.84000396728516,108.00999641418457,108.8599967956543,111664000,112.70000457763672
2015-11-11,112.8600025177002,112.8600025177002,114.61000442504883,111.40999794006348,113.07999610900879,110392000,112.8600025177002
2015-11-12,108.92000198364258,108.92000198364258,115.24999618530273,108.19999694824219,112.51999855041504,175682000,108.92000198364258
2015-11-13,103.64999771118164,103.64999771118164,109.06999588012695,103.2699966430664,108.33999633789062,188194000,103.64999771118164
2015-11-16,111.35000228881836,111.35000228881836,111.64999961853027,101.85999870300293,102.96999931335449,198662000,111.35000228881836
2015-11-17,117.10000038146973,117.10000038146973,118.78999710083008,111.70000076293945,112.11000442504883,330163000,117.10000038146973
2015-11-18,120.62999725341797,120.62999725341797,121.00000381469727,116.09999656677246,117.93999671936035,233536000,120.62999725341797
2015-11-19,120.22000312805176,120.22000312805176,123.12999725341797,119.61000442504883,120.24999618530273,192532000,120.22000312805176
2015-11-20,123.83999824523926,123.83999824523926,124.06999588012695,119.20999526977539,120.85000038146973,179770000,123.83999824523926
2015-11-23,125.03000259399414,125.03000259399414,126.19999885559082,121.66000366210938,124.30000305175781,157270000,125.03000259399414
2015-11-24,123.31000328063965,123.31000328063965,124.65999603271484,120.03000259399414,123.66999626159668,183353000,123.31000328063965
2015-11-25,124.16000366210938,124.16000366210938,125.20000457763672,122.36000061035156,124.2300033569336,109807000,124.16000366210938
2015-11-27,125.43999671936035,125.43999671936035,126.38999938964844,123.59000205993652,123.85000228881836,66455000,125.43999671936035
2015-11-30,123.33000183105469,123.33000183105469,126.5999984741211,122.88999557495117,126.02999687194824,138940000,123.33000183105469
2015-12-01,125.36999702453613,125.36999702453613,125.57000160217285,122.41999626159668,124.46999549865723,125508000,125.36999702453613
2015-12-02,128.92999649047852,128.92999649047852,131.35000228881836,124.93000030517578,125.53000450134277,241057000,128.92999649047852
2015-12-03,126.80999755859375,126.80999755859375,132.2000026702881,126.38999938964844,129.61999893188477,266473000,126.80999755859375
2015-12-04,130.93000411987305,130.93000411987305,130.98999977111816,125.74999809265137,126.99999809265137,202504000,130.93000411987305
2015-12-07,125.3600025177002,125.3600025177002,133.2699966430664,122.74999618530273,131.19000434875488,233516000,125.3600025177002
2015-12-08,126.97999954223633,126.97999954223633,128.24000358581543,121.09999656677246,121.51000022888184,185911000,126.97999954223633
2015-12-09,124.20000076293945,124.20000076293945,128.78000259399414,122.32999801635742,127.70000457763672,177888000,124.20000076293945
2015-12-10,122.91000366210938,122.91000366210938,125.20999908447266,121.61999702453613,124.49999809265137,134741000,122.91000366210938
2015-12-11,118.90999794006348,118.90999794006348,123.00000190734863,118.59999656677246,121.45000457763672,161053000,118.90999794006348
2015-12-14,120.67000389099121,120.67000389099121,120.9000015258789,114.65999603271484,119.7700023651123,186793000,120.67000389099121
2015-12-15,118.59999656677246,118.59999656677246,123.29999923706055,118.54000091552734,121.92999839782715,117600000,118.59999656677246
2015-12-16,122.63999938964844,122.63999938964844,123.00000190734863,118.09000015258789,119.79999542236328,131810000,122.63999938964844
2015-12-17,122.5100040435791,122.5100040435791,126.35000228881836,122.41999626159668,123.97000312805176,172849000,122.5100040435791
2015-12-18,118.02000045776367,118.02000045776367,122.18999862670898,117.91999816894531,120.85000038146973,179481000,118.02000045776367
2015-12-21,116.63000106811523,116.63000106811523,119.58999633789062,115.65999984741211,119.51000213623047,116700000,116.63000106811523
2015-12-22,116.2399959564209,116.2399959564209,117.43000030517578,114.86000061035156,117.29999542236328,96890000,116.2399959564209
2015-12-23,118.15999984741211,118.15999984741211,118.55999946594238,115.78000068664551,116.90999984741211,93243000,118.15999984741211
2015-12-24,117.32999801635742,117.32999801635742,118.80000114440918,117.29999542236328,118.21999549865723,35313000,117.32999801635742
2015-12-28,117.11000442504883,117.11000442504883,117.34999656677246,113.85000228881836,117.2599983215332,84243000,117.11000442504883
2015-12-29,119.11999702453613,119.11999702453613,119.60000038146973,116.92000389099121,118.19000244140625,81592000,119.11999702453613
2015-12-30,116.70999526977539,116.70999526977539,119.02000427246094,116.42999649047852,118.95000457763672,81497000,116.70999526977539
2015-12-31,114.37999725341797,114.37999725341797,117.46000289916992,114.28000450134277,116.21000289916992,92730000,114.37999725341797
2016-01-04,109.96000289916992,109.96000289916992,110.0,105.20999908447266,108.99999618530273,207948000,109.96000289916992
2016-01-05,107.65999794006348,107.65999794006348,110.57999610900879,105.85000038146973,110.45000076293945,176646000,107.65999794006348
2016-01-06,117.67999649047852,117.67999649047852,117.91000366210938,104.96000289916992,105.29000282287598,330457000,117.67999649047852
2016-01-07,114.56000328063965,114.56000328063965,122.18000411987305,112.29000091552734,116.3599967956543,336367000,114.56000328063965
2016-01-08,111.38999938964844,111.38999938964844,117.72000312805176,111.09999656677246,116.33000373840332,180671000,111.38999938964844
2016-01-11,114.96999740600586,114.96999740600586,116.78999900817871,111.19999885559082,112.13000297546387,219204000,114.96999740600586
2016-01-12,116.57999992370605,116.57999992370605,117.77999877929688,115.08000373840332,116.11000061035156,151335000,116.57999992370605
2016-01-13,106.56000137329102,106.56000137329102,114.47999954223633,104.53000068664551,114.42999839782715,249216000,106.56000137329102
2016-01-14,107.06000328063965,107.06000328063965,109.25000190734863,101.21000289916992,105.64999580383301,236648000,107.06000328063965
2016-01-15,104.04000282287598,104.04000282287598,105.50000190734863,101.71999931335449,102.43000030517578,197751000,104.04000282287598
2016-01-19,107.88999557495117,107.88999557495117,110.13999938964844,105.55000305175781,106.56999588012695,357228000,107.88999557495117
2016-01-20,107.7400016784668,107.7400016784668,109.9899959564209,97.04999923706055,108.90999794006348,530094000,107.7400016784668
2016-01-21,102.34999656677246,102.34999656677246,108.5099983215332,102.10000038146973,108.31999778747559,310275000,102.34999656677246
2016-01-22,100.71999549865723,100.71999549865723,104.9899959564209,99.21999931335449,104.72000122070312,268218000,100.71999549865723
2016-01-25,99.11999702453613,99.11999702453613,102.67999649047852,98.99999618530273,99.77999687194824,203211000,99.11999702453613
2016-01-26,97.82999992370605,97.82999992370605,100.55000305175781,94.84999656677246,99.73999977111816,220839000,97.82999992370605
2016-01-27,91.14999771118164,91.14999771118164,97.8499984741211,90.59000015258789,96.6100025177002,255562000,91.14999771118164
2016-01-28,94.40999984741211,94.40999984741211,95.24999618530273,90.1099967956543,93.83999824523926,245623000,94.40999984741211
2016-01-29,91.84000015258789,91.84000015258789,94.39000129699707,90.62999725341797,91.99999809265137,204639000,91.84000015258789
2016-02-01,94.09000396728516,94.09000396728516,97.18000411987305,91.30000114440918,91.78999900817871,196845000,94.09000396728516
2016-02-02,91.4900016784668,91.4900016784668,96.64999961853027,90.72999954223633,95.53999900817871,219065000,91.4900016784668
2016-02-03,90.74000358581543,90.74000358581543,92.69000053405762,86.1400032043457,92.41000175476074,274660000,90.74000358581543
2016-02-04,89.70999717712402,89.70999717712402,91.25,86.54000282287598,89.49999809265137,191086000,89.70999717712402
2016-02-05,82.79000282287598,82.79000282287598,88.95000457763672,81.85999870300293,88.22999954223633,259293000,82.79000282287598
2016-02-08,83.31999778747559,83.31999778747559,84.70000267028809,79.94999885559082,80.57000160217285,250356000,83.31999778747559
2016-02-09,86.1299991607666,86.1299991607666,88.4000015258789,81.54999732971191,81.75000190734863,258929000,86.1299991607666
2016-02-10,88.45000267028809,88.45000267028809,92.20999717712402,87.41999626159668,88.99999618530273,231465000,88.45000267028809
2016-02-11,86.35000228881836,86.35000228881836,88.3899974822998,82.91000366210938,87.41999626159668,218203000,86.35000228881836
2016-02-12,87.39999771118164,87.39999771118164,89.72000122070312,85.26000022888184,86.63999557495117,190677000,87.39999771118164
2016-02-16,89.04999732971191,89.04999732971191,90.13999938964844,87.53999710083008,88.99999618530273,163566000,89.04999732971191
2016-02-17,94.7599983215332,94.7599983215332,94.7700023651123,89.6399974822998,90.12999534606934,183238000,94.7599983215332
2016-02-18,90.48999786376953,90.48999786376953,94.89999771118164,90.31000137329102,94.79999542236328,176953000,90.48999786376953
2016-02-19,89.2300033569336,89.2300033569336,91.40000343322754,88.03000450134277,89.98000144958496,142592000,89.2300033569336
2016-02-22,91.92999839782715,91.92999839782715,93.10999870300293,88.29999923706055,90.74999809265137,163218000,91.92999839782715
2016-02-23,89.11999702453613,89.11999702453613,92.4899959564209,89.04999732971191,91.40000343322754,127444000,89.11999702453613
2016-02-24,91.6100025177002,91.6100025177002,91.75999641418457,86.70000076293945,88.50000381469727,159728000,91.6100025177002
2016-02-25,94.53000068664551,94.53000068664551,94.80999946594238,90.20999908447266,91.07999801635742,178988000,94.53000068664551
2016-02-26,94.79000091552734,94.79000091552734,97.48000144958496,94.25000190734863,95.29999732971191,169752000,94.79000091552734
2016-02-29,93.40999603271484,93.40999603271484,97.20000267028809,93.33999633789062,94.80999946594238,136631000,93.40999603271484
2016-03-01,98.29999923706055,98.29999923706055,99.16000366210938,93.61000061035156,94.58000183105469,170488000,98.29999923706055
2016-03-02,97.6099967956543,97.6099967956543,99.47999954223633,95.9000015258789,98.00999641418457,191028000,97.6099967956543
2016-03-03,97.93000221252441,97.93000221252441,98.35000038146973,95.38999557495117,97.82999992370605,153209000,97.93000221252441
2016-03-04,101.57999992370605,101.57999992370605,102.22000122070312,98.31999778747559,98.7600040435791,234146000,101.57999992370605
2016-03-07,95.48999786376953,95.48999786376953,101.78999900817871,95.24999618530273,101.00000381469727,238552000,95.48999786376953
2016-03-08,96.23000144958496,96.23000144958496,98.28000068664551,94.49999809265137,95.0,147970000,96.23000144958496
2016-03-09,98.00000190734863,98.00000190734863,98.36999893188477,95.0,96.82000160217285,122987000,98.00000190734863
2016-03-10,97.36000061035156,97.36000061035156,99.73999977111816,95.45000076293945,98.17999839782715,170021000,97.36000061035156
2016-03-11,97.65999794006348,97.65999794006348,99.60000038146973,96.04999542236328,99.51000213623047,151143000,97.65999794006348
2016-03-14,98.12999725341797,98.12999725341797,99.42000389099121,97.17000007629395,97.20000267028809,112519000,98.12999725341797
2016-03-15,97.8600025177002,97.8600025177002,98.5099983215332,96.42999649047852,97.86999702453613,96918000,97.8600025177002
2016-03-16,99.35000419616699,99.35000419616699,99.72999572753906,97.5,97.53000259399414,126305000,99.35000419616699
2016-03-17,99.72000122070312,99.72000122070312,101.38999938964844,98.99999618530273,99.04999732971191,138250000,99.72000122070312
2016-03-18,101.12000465393066,101.12000465393066,102.41000175476074,100.0100040435791,100.50000190734863,154535000,101.12000465393066
2016-03-21,101.05999946594238,101.05999946594238,102.10000038146973,99.49999809265137,101.14999771118164,95785000,101.05999946594238
2016-03-22,99.84000205993652,99.84000205993652,101.52000427246094,99.20000076293945,100.4800033569336,90699000,99.84000205993652
2016-03-23,99.58999633789062,99.58999633789062,100.38999557495117,98.80999565124512,99.75000381469727,83135000,99.58999633789062
2016-03-24,98.36000442504883,98.36000442504883,98.85000228881836,97.06999778747559,98.6400032043457,106711000,98.36000442504883
2016-03-28,101.21000289916992,101.21000289916992,101.44000053405762,97.81999588012695,98.33999633789062,124322000,101.21000289916992
2016-03-29,104.13000106811523,104.13000106811523,104.32999610900879,101.00000381469727,101.07999801635742,160089000,104.13000106811523
2016-03-30,102.18999862670898,102.18999862670898,104.91000175476074,101.4799976348877,104.6500015258789,147050000,102.18999862670898
2016-03-31,102.22999572753906,102.22999572753906,103.52999687194824,101.04999542236328,102.43000030517578,97475000,102.22999572753906
2016-04-01,105.69999694824219,105.69999694824219,105.79000473022461,102.46999740600586,102.93000221252441,141824000,105.69999694824219
2016-04-04,104.35000419616699,104.35000419616699,105.92000007629395,103.19999694824219,105.9000015258789,109404000,104.35000419616699
2016-04-05,104.94000434875488,104.94000434875488,105.74999809265137,103.24999809265137,103.47000122070312,100609000,104.94000434875488
2016-04-06,104.82999801635742,104.82999801635742,106.44000053405762,104.25000190734863,105.29999732971191,96058000,104.82999801635742
2016-04-07,104.44999694824219,104.44999694824219,106.44000053405762,103.59999656677246,104.30999755859375,107749000,104.44999694824219
2016-04-08,103.80999565124512,103.80999565124512,105.32999992370605,102.81999588012695,105.1200008392334,78576000,103.80999565124512
2016-04-11,102.67999649047852,102.67999649047852,104.98000144958496,102.6200008392334,104.04000282287598,74513000,102.67999649047852
2016-04-12,106.97999954223633,106.97999954223633,107.22000122070312,102.20999717712402,103.14999580383301,124370000,106.97999954223633
2016-04-13,109.6500015258789,109.6500015258789,111.28000259399414,107.88000106811523,108.00000190734863,167017000,109.6500015258789
2016-04-14,110.41999816894531,110.41999816894531,111.63999557495117,109.14999961853027,110.0100040435791,95537000,110.41999816894531
2016-04-15,111.51000022888184,111.51000022888184,111.85000419616699,109.77999687194824,110.64000129699707,117461000,111.51000022888184
2016-04-18,108.4000015258789,108.4000015258789,110.69999694824219,106.0200023651123,109.89999771118164,328164000,108.4000015258789
2016-04-19,94.34000015258789,94.34000015258789,101.3700008392334,94.20000076293945,99.49000358581543,557288000,94.34000015258789
2016-04-20,96.77000045776367,96.77000045776367,96.97999954223633,93.14000129699707,94.34000015258789,266135000,96.77000045776367
2016-04-21,94.98000144958496,94.98000144958496,97.3799991607666,94.77999687194824,97.30999946594238,199194000,94.98000144958496
2016-04-22,95.9000015258789,95.9000015258789,96.68999671936035,94.20999526977539,94.84999656677246,158063000,95.9000015258789
2016-04-25,93.55999946594238,93.55999946594238,95.74999809265137,92.79999732971191,95.69999694824219,149854000,93.55999946594238
2016-04-26,92.43000030517578,92.43000030517578,93.54999542236328,91.25,93.50000381469727,153309000,92.43000030517578
2016-04-27,91.04000091552734,91.04000091552734,92.5,90.20999908447266,92.18000411987305,122189000,91.04000091552734
2016-04-28,90.27999877929688,90.27999877929688,92.67000198364258,90.08999824523926,91.49999618530273,114749000,90.27999877929688
2016-04-29,90.03000259399414,90.03000259399414,90.55999755859375,88.21000099182129,90.50000190734863,139680000,90.03000259399414
2016-05-02,93.10999870300293,93.10999870300293,93.21999549865723,89.8900032043457,90.41000366210938,125470000,93.10999870300293
2016-05-03,91.54000282287598,91.54000282287598,93.24999809265137,91.30000114440918,92.08000183105469,105939000,91.54000282287598
2016-05-04,90.79000473022461,90.79000473022461,92.15999603271484,90.3499984741211,91.00000381469727,73947000,90.79000473022461
2016-05-05,89.37000274658203,89.37000274658203,92.08000183105469,89.25000190734863,90.90999603271484,103685000,89.37000274658203
2016-05-06,90.83999633789062,90.83999633789062,90.88000297546387,88.10999870300293,88.83000373840332,104339000,90.83999633789062
2016-05-09,90.53999900817871,90.53999900817871,91.82999610900879,89.89999771118164,90.72999954223633,95437000,90.53999900817871
2016-05-10,92.88999557495117,92.88999557495117,93.24999809265137,91.09000205993652,91.1400032043457,111759000,92.88999557495117
2016-05-11,90.01999855041504,90.01999855041504,92.58999824523926,89.89999771118164,92.39999771118164,116929000,90.01999855041504
2016-05-12,87.7400016784668,87.7400016784668,90.41000366210938,85.74000358581543,90.31999588012695,204081000,87.7400016784668
2016-05-13,87.88000106811523,87.88000106811523,88.59000205993652,86.2600040435791,87.3900032043457,115714000,87.88000106811523
2016-05-16,89.11999702453613,89.11999702453613,90.0,86.14999771118164,87.55999565124512,112478000,89.11999702453613
2016-05-17,88.6299991607666,88.6299991607666,90.86999893188477,88.17000389099121,88.99999618530273,115713000,88.6299991607666
2016-05-18,90.50000190734863,90.50000190734863,91.71999931335449,88.24999809265137,88.24999809265137,139118000,90.50000190734863
2016-05-19,89.54999923706055,89.54999923706055,91.26999855041504,88.29999923706055,90.15999794006348,114503000,89.54999923706055
2016-05-20,92.4899959564209,92.4899959564209,93.28000068664551,89.98000144958496,90.08000373840332,150630000,92.4899959564209
2016-05-23,94.8900032043457,94.8900032043457,95.29000282287598,92.8499984741211,92.9800033569336,139923000,94.8900032043457
2016-05-24,97.88999557495117,97.88999557495117,99.13999557495117,95.74999809265137,95.97999572753906,212460000,97.88999557495117
2016-05-25,100.20000457763672,100.20000457763672,100.31000137329102,98.29999923706055,98.99999618530273,151429000,100.20000457763672
2016-05-26,102.81000137329102,102.81000137329102,103.99999618530273,101.37999534606934,103.21000099182129,178247000,102.81000137329102
2016-05-27,103.29999923706055,103.29999923706055,103.50000381469727,101.44000053405762,102.44000434875488,90921000,103.29999923706055
2016-05-31,102.56999969482422,102.56999969482422,103.45000267028809,102.13000297546387,102.95000076293945,87257000,102.56999969482422
2016-06-01,101.51000022888184,101.51000022888184,101.92000389099121,100.15999794006348,101.49999618530273,83934000,101.51000022888184
2016-06-02,101.25,101.25,102.1500015258789,100.7699966430664,101.38999938964844,79924000,101.25
2016-06-03,99.58999633789062,99.58999633789062,101.00000381469727,98.52999687194824,100.98999977111816,92240000,99.58999633789062
2016-06-06,100.74000358581543,100.74000358581543,101.07000350952148,99.72000122070312,100.29000282287598,68281000,100.74000358581543
2016-06-07,99.8900032043457,99.8900032043457,101.63000106811523,99.7700023651123,101.19999885559082,64747000,99.8900032043457
2016-06-08,97.8600025177002,97.8600025177002,100.27999877929688,97.60000228881836,100.01999855041504,94239000,97.8600025177002
2016-06-09,97.08999633789062,97.08999633789062,98.43000411987305,96.66000366210938,97.22000122070312,89238000,97.08999633789062
2016-06-10,93.75,93.75,95.3499984741211,93.28000068664551,94.8799991607666,129079000,93.75
2016-06-13,93.85000228881836,93.85000228881836,97.20000267028809,93.62000465393066,95.01999855041504,134843000,93.85000228881836
2016-06-14,94.11999702453613,94.11999702453613,95.79999923706055,93.2699966430664,94.16000366210938,94804000,94.11999702453613
2016-06-15,94.28999900817871,94.28999900817871,95.45999526977539,93.50000381469727,94.61000442504883,76754000,94.28999900817871
2016-06-16,95.43999671936035,95.43999671936035,95.55999755859375,93.24999809265137,94.18000221252441,75508000,95.43999671936035
2016-06-17,94.44999694824219,94.44999694824219,95.7699966430664,94.20000076293945,95.74999809265137,80468000,94.44999694824219
2016-06-20,93.80000114440918,93.80000114440918,95.88000297546387,93.64999771118164,95.22000312805176,90264000,93.80000114440918
2016-06-21,90.98999977111816,90.98999977111816,93.87999534606934,90.7699966430664,93.8700008392334,151997000,90.98999977111816
2016-06-22,90.0100040435791,90.0100040435791,91.97999954223633,89.7700023651123,90.78000068664551,94547000,90.0100040435791
2016-06-23,91.66000366210938,91.66000366210938,91.68000221252441,88.14999580383301,90.62000274658203,108190000,91.66000366210938
2016-06-24,88.43999862670898,88.43999862670898,90.48999786376953,87.20999717712402,87.53000259399414,112486000,88.43999862670898
2016-06-27,85.32999992370605,85.32999992370605,88.00000190734863,84.80999946594238,87.88000106811523,137305000,85.32999992370605
2016-06-28,87.96999931335449,87.96999931335449,88.87999534606934,86.40999794006348,87.41000175476074,115456000,87.96999931335449
2016-06-29,91.05999946594238,91.05999946594238,91.96999549865723,88.69999885559082,89.67000007629395,116871000,91.05999946594238
2016-06-30,91.4799976348877,91.4799976348877,91.71999931335449,89.89999771118164,90.90999603271484,90990000,91.4799976348877
2016-07-01,96.66999816894531,96.66999816894531,96.99999809265137,94.79999542236328,95.0,161672000,96.66999816894531
2016-07-05,97.91000366210938,97.91000366210938,101.26999855041504,93.31000328063965,95.20000457763672,258794000,97.91000366210938
2016-07-06,94.60000038146973,94.60000038146973,96.00000381469727,93.54999542236328,95.03000259399414,163012000,94.60000038146973
2016-07-07,95.10000228881836,95.10000228881836,95.38000106811523,93.17999839782715,94.70000267028809,99135000,95.10000228881836
2016-07-08,97.06000328063965,97.06000328063965,97.41000175476074,95.29999732971191,96.00000381469727,83354000,97.06000328063965
2016-07-11,94.67000007629395,94.67000007629395,96.87000274658203,94.30000305175781,96.19000434875488,132762000,94.67000007629395
2016-07-12,95.97000122070312,95.97000122070312,96.71999931335449,94.09000396728516,95.06999969482422,116174000,95.97000122070312
2016-07-13,96.42999649047852,96.42999649047852,96.71999931335449,94.79999542236328,96.2600040435791,87689000,96.42999649047852
2016-07-14,98.02000045776367,98.02000045776367,98.2699966430664,96.80000305175781,96.99999809265137,98850000,98.02000045776367
2016-07-15,98.3899974822998,98.3899974822998,98.69999885559082,97.41000175476074,98.5200023651123,90419000,98.3899974822998
2016-07-18,98.80999565124512,98.80999565124512,99.84000205993652,97.23999977111816,98.43000411987305,286697000,98.80999565124512
2016-07-19,85.83999633789062,85.83999633789062,86.75000190734863,84.49999809265137,85.43000221252441,556812000,85.83999633789062
2016-07-20,87.91000366210938,87.91000366210938,88.48999977111816,85.81999778747559,86.66999816894531,235251000,87.91000366210938
2016-07-21,85.98999977111816,85.98999977111816,88.38000297546387,85.20999908447266,88.29999923706055,160840000,85.98999977111816
2016-07-22,85.8899974822998,85.8899974822998,86.49999618530273,85.1099967956543,86.4799976348877,113639000,85.8899974822998
2016-07-25,87.65999794006348,87.65999794006348,87.86999702453613,85.0100040435791,85.72999954223633,141350000,87.65999794006348
2016-07-26,91.40999794006348,91.40999794006348,93.10000419616699,90.9000015258789,91.02999687194824,195776000,91.40999794006348
2016-07-27,92.04000473022461,92.04000473022461,92.06000328063965,90.10000228881836,91.49999618530273,87275000,92.04000473022461
2016-07-28,91.64999961853027,91.64999961853027,92.20999717712402,90.67999839782715,91.92000389099121,62277000,91.64999961853027
2016-07-29,91.25,91.25,91.75000190734863,90.59000015258789,91.19000434875488,69602000,91.25
2016-08-01,94.37000274658203,94.37000274658203,94.67000007629395,90.50000190734863,91.23000144958496,106669000,94.37000274658203
2016-08-02,93.55999946594238,93.55999946594238,94.07999992370605,92.18000411987305,93.99999618530273,98362000,93.55999946594238
2016-08-03,93.10000419616699,93.10000419616699,94.67000007629395,92.55000114440918,93.28000068664551,70309000,93.10000419616699
2016-08-04,93.43999862670898,93.43999862670898,93.73000144958496,91.82000160217285,93.19999694824219,60434000,93.43999862670898
2016-08-05,97.03000068664551,97.03000068664551,97.7400016784668,93.55999946594238,93.76999855041504,183648000,97.03000068664551
2016-08-08,95.1099967956543,95.1099967956543,95.93000411987305,93.99999618530273,95.90999603271484,101354000,95.1099967956543
2016-08-09,93.9900016784668,93.9900016784668,95.81000328063965,93.47999572753906,95.1200008392334,91754000,93.9900016784668
2016-08-10,93.92999649047852,93.92999649047852,94.75000381469727,92.95000076293945,94.39999580383301,65111000,93.92999649047852
2016-08-11,95.8899974822998,95.8899974822998,96.33000373840332,94.37000274658203,94.60000038146973,85477000,95.8899974822998
2016-08-12,96.59000396728516,96.59000396728516,96.82999610900879,95.08000373840332,95.53000450134277,65929000,96.59000396728516
2016-08-15,95.31000137329102,95.31000137329102,96.90999984741211,95.2400016784668,96.82999610900879,73046000,95.31000137329102
2016-08-16,95.1200008392334,95.1200008392334,95.60999870300293,94.39999580383301,95.19000053405762,63113000,95.1200008392334
2016-08-17,96.3700008392334,96.3700008392334,96.92999839782715,94.84999656677246,94.94000434875488,83156000,96.3700008392334
2016-08-18,96.16000175476074,96.16000175476074,97.22000122070312,95.17000198364258,95.97999572753906,72526000,96.16000175476074
2016-08-19,95.86999893188477,95.86999893188477,96.78000450134277,95.50999641418457,96.04999542236328,69429000,95.86999893188477
2016-08-22,95.26000022888184,95.26000022888184,96.1299991607666,94.94999885559082,95.67000389099121,58305000,95.26000022888184
2016-08-23,95.93999862670898,95.93999862670898,96.59000396728516,95.4800033569336,95.67999839782715,52391000,95.93999862670898
2016-08-24,95.17999649047852,95.17999649047852,96.3599967956543,94.91000175476074,96.1299991607666,62765000,95.17999649047852
2016-08-25,97.32000350952148,97.32000350952148,98.24999809265137,96.04000091552734,96.37999534606934,108231000,97.32000350952148
2016-08-26,97.58000373840332,97.58000373840332,97.95000076293945,96.56999588012695,97.32999801635742,66176000,97.58000373840332
2016-08-29,97.29999542236328,97.29999542236328,98.45000267028809,96.56999588012695,96.96999549865723,80084000,97.29999542236328
2016-08-30,97.44999885559082,97.44999885559082,98.85000228881836,97.1399974822998,97.84000396728516,60935000,97.44999885559082
2016-08-31,97.44999885559082,97.44999885559082,97.88000106811523,96.75999641418457,97.48000144958496,46906000,97.44999885559082
2016-09-01,97.3799991607666,97.3799991607666,97.9800033569336,96.92000389099121,97.81000137329102,41486000,97.3799991607666
2016-09-02,97.3799991607666,97.3799991607666,98.17999839782715,97.01000213623047,97.89999961853027,42472000,97.3799991607666
2016-09-06,100.08999824523926,100.08999824523926,100.31999588012695,97.65000343322754,97.76000022888184,90361000,100.08999824523926
2016-09-07,99.14999961853027,99.14999961853027,100.19000053405762,98.42000007629395,100.1099967956543,64685000,99.14999961853027
2016-09-08,99.65999603271484,99.65999603271484,100.05000114440918,98.81999969482422,99.2300033569336,52012000,99.65999603271484
2016-09-09,96.49999618530273,96.49999618530273,99.39000129699707,96.49999618530273,99.06000137329102,73733000,96.49999618530273
2016-09-12,99.04999732971191,99.04999732971191,99.28999900817871,95.71000099182129,95.90999603271484,77184000,99.04999732971191
2016-09-13,96.09000205993652,96.09000205993652,98.00000190734863,95.32999992370605,97.17000007629395,117881000,96.09000205993652
2016-09-14,97.01000213623047,97.01000213623047,98.35000038146973,96.96000099182129,97.34999656677246,84810000,97.01000213623047
2016-09-15,97.34000205993652,97.34000205993652,97.96999931335449,96.52999877929688,97.22999572753906,52935000,97.34000205993652
2016-09-16,99.47999954223633,99.47999954223633,99.49000358581543,97.04000473022461,97.10000038146973,94451000,99.47999954223633
2016-09-19,98.05999755859375,98.05999755859375,100.3499984741211,97.81999588012695,99.89999771118164,86162000,98.05999755859375
2016-09-20,98.24999809265137,98.24999809265137,99.16000366210938,97.65999794006348,98.78000259399414,47368000,98.24999809265137
2016-09-21,94.8799991607666,94.8799991607666,97.10000038146973,93.26000213623047,96.89999580383301,200422000,94.8799991607666
2016-09-22,95.83000183105469,95.83000183105469,95.88000297546387,94.2300033569336,95.53999900817871,112150000,95.83000183105469
2016-09-23,95.93999862670898,95.93999862670898,96.96999549865723,95.43000221252441,95.74999809265137,61795000,95.93999862670898
2016-09-26,94.56000328063965,94.56000328063965,95.38000106811523,94.04000282287598,95.38000106811523,67392000,94.56000328063965
2016-09-27,97.06999778747559,97.06999778747559,97.63999938964844,95.0,95.03999710083008,96801000,97.06999778747559
2016-09-28,97.48000144958496,97.48000144958496,97.58999824523926,96.0200023651123,97.10000038146973,72351000,97.48000144958496
2016-09-29,96.66999816894531,96.66999816894531,98.31000328063965,96.5999984741211,97.30999946594238,62176000,96.66999816894531
2016-09-30,98.54999542236328,98.54999542236328,99.53000068664551,96.78999900817871,96.89999580383301,98079000,98.54999542236328
2016-10-03,102.62999534606934,102.62999534606934,103.3899974822998,98.00000190734863,98.00000190734863,153445000,102.62999534606934
2016-10-04,102.34000205993652,102.34000205993652,104.44000244140625,101.85999870300293,103.19000244140625,121431000,102.34000205993652
2016-10-05,106.28000259399414,106.28000259399414,106.96999549865723,103.43000411987305,103.50000381469727,129429000,106.28000259399414
2016-10-06,105.06999969482422,105.06999969482422,105.46999931335449,103.87999534606934,104.96999740600586,65877000,105.06999969482422
2016-10-07,104.82000350952148,104.82000350952148,106.49999618530273,103.54999542236328,103.9799976348877,86595000,104.82000350952148
2016-10-10,103.33000183105469,103.33000183105469,104.53000068664551,102.76000022888184,103.17999839782715,66997000,103.33000183105469
2016-10-11,100.59000015258789,100.59000015258789,102.89999961853027,99.86000061035156,102.30999946594238,90329000,100.59000015258789
2016-10-12,99.49999809265137,99.49999809265137,102.46999740600586,99.21999931335449,100.88000297546387,74265000,99.49999809265137
2016-10-13,100.2299976348877,100.2299976348877,100.50000190734863,97.62999534606934,98.00999641418457,83193000,100.2299976348877
2016-10-14,101.47000312805176,101.47000312805176,102.10000038146973,100.3499984741211,101.59000396728516,95311000,101.47000312805176
2016-10-17,99.79999542236328,99.79999542236328,100.72999954223633,98.38000297546387,100.50000190734863,265895000,99.79999542236328
2016-10-18,118.78999710083008,118.78999710083008,119.82000350952148,116.49999618530273,116.63000106811523,421682000,118.78999710083008
2016-10-19,121.87000274658203,121.87000274658203,122.44999885559082,118.00000190734863,118.24999809265137,219817000,121.87000274658203
2016-10-20,123.35000038146973,123.35000038146973,123.75,121.05999946594238,121.96999549865723,144928000,123.35000038146973
2016-10-21,127.5,127.5,127.8499984741211,122.30999946594238,122.5,188324000,127.5
2016-10-24,127.32999801635742,127.32999801635742,129.2899990081787,126.14999771118164,127.41999626159668,159807000,127.32999801635742
2016-10-25,126.51000022888184,126.51000022888184,128.05999755859375,125.74999809265137,126.52000427246094,82539000,126.51000022888184
2016-10-26,126.96999549865723,126.96999549865723,128.71999740600586,125.74999809265137,126.28999710083008,86024000,126.96999549865723
2016-10-27,126.47000312805176,126.47000312805176,128.17999839782715,125.93000411987305,127.43000030517578,69142000,126.47000312805176
2016-10-28,126.56999588012695,126.56999588012695,128.92999649047852,126.0099983215332,126.07999801635742,70773000,126.56999588012695
2016-10-31,124.87000465393066,124.87000465393066,126.89999580383301,124.39999580383301,126.85000419616699,65175000,124.87000465393066
2016-11-01,123.29999923706055,123.29999923706055,125.83000183105469,121.80000305175781,124.98000144958496,69786000,123.29999923706055
2016-11-02,122.34000205993652,122.34000205993652,124.06999588012695,121.82999610900879,122.82999992370605,48165000,122.34000205993652
2016-11-03,122.1399974822998,122.1399974822998,123.71999740600586,121.84000015258789,122.30999946594238,50413000,122.1399974822998
2016-11-04,122.03000068664551,122.03000068664551,123.43000411987305,121.61999702453613,121.99999809265137,50777000,122.03000068664551
2016-11-07,124.58000183105469,124.58000183105469,125.74999809265137,123.36999893188477,124.25999641418457,58271000,124.58000183105469
2016-11-08,124.34000015258789,124.34000015258789,125.81000328063965,123.21999549865723,124.11999702453613,46908000,124.34000015258789
2016-11-09,122.18999862670898,122.18999862670898,123.64999771118164,120.86000442504883,121.84000015258789,77057000,122.18999862670898
2016-11-10,115.41999816894531,115.41999816894531,122.96999931335449,113.69999885559082,122.76000022888184,197187000,115.41999816894531
2016-11-11,114.77999687194824,114.77999687194824,116.63000106811523,113.10999870300293,114.89999771118164,110803000,114.77999687194824
2016-11-14,113.38000297546387,113.38000297546387,115.9000015258789,110.67999839782715,114.75000381469727,99324000,113.38000297546387
2016-11-15,113.59000205993652,113.59000205993652,116.40999794006348,113.09000015258789,114.54999923706055,74451000,113.59000205993652
2016-11-16,115.19000053405762,115.19000053405762,116.12000465393066,111.80999755859375,112.95999526977539,59337000,115.19000053405762
2016-11-17,115.03000259399414,115.03000259399414,116.80999755859375,113.55999946594238,115.12999534606934,62327000,115.03000259399414
2016-11-18,115.20999908447266,115.20999908447266,116.42000198364258,113.5099983215332,115.72999954223633,67468000,115.20999908447266
2016-11-21,117.95999526977539,117.95999526977539,118.71999740600586,116.19000434875488,116.19999885559082,70645000,117.95999526977539
2016-11-22,118.03999900817871,118.03999900817871,119.46000099182129,116.97999954223633,118.31999778747559,70072000,118.03999900817871
2016-11-23,117.69000053405762,117.69000053405762,118.88999938964844,117.30999946594238,117.76000022888184,45213000,117.69000053405762
2016-11-25,117.41000175476074,117.41000175476074,118.3899974822998,117.18000411987305,117.63999938964844,16163000,117.41000175476074
2016-11-28,116.92999839782715,116.92999839782715,117.6200008392334,115.71000099182129,117.04999923706055,52789000,116.92999839782715
2016-11-29,117.5100040435791,117.5100040435791,119.18000221252441,117.13000297546387,117.29999542236328,70823000,117.5100040435791
2016-11-30,116.99999809265137,116.99999809265137,120.36999702453613,116.38999938964844,118.99999618530273,77151000,116.99999809265137
2016-12-01,117.22000122070312,117.22000122070312,118.68000030517578,113.95000457763672,117.51999855041504,86369000,117.22000122070312
2016-12-02,120.81000328063965,120.81000328063965,120.97999572753906,116.75000190734863,116.75000190734863,89536000,120.81000328063965
2016-12-05,119.16000366210938,119.16000366210938,120.74999809265137,118.4000015258789,120.72999954223633,76263000,119.16000366210938
2016-12-06,124.56999778747559,124.56999778747559,124.79000091552734,119.42000389099121,120.10000228881836,115132000,124.56999778747559
2016-12-07,125.38999557495117,125.38999557495117,125.74999809265137,123.24999809265137,124.47999954223633,82047000,125.38999557495117
2016-12-08,123.24000358581543,123.24000358581543,126.35000228881836,122.15999603271484,125.39999961853027,89877000,123.24000358581543
2016-12-09,122.88000106811523,122.88000106811523,124.30000305175781,121.7300033569336,123.78000259399414,47008000,122.88000106811523
2016-12-12,122.82999992370605,122.82999992370605,124.02999877929688,122.29999542236328,122.84000396728516,39176000,122.82999992370605
2016-12-13,123.78000259399414,123.78000259399414,125.08999824523926,122.77999877929688,123.5099983215332,55645000,123.78000259399414
2016-12-14,123.43999862670898,123.43999862670898,124.39999580383301,122.5,123.43000411987305,61103000,123.43999862670898
2016-12-15,125.0,125.0,127.43000030517578,122.95000076293945,123.43999862670898,73762000,125.0
2016-12-16,124.21999931335449,124.21999931335449,126.68000221252441,124.01000022888184,126.38999938964844,78680000,124.21999931335449
2016-12-19,125.45000076293945,125.45000076293945,126.44000053405762,122.86999702453613,124.30000305175781,48673000,125.45000076293945
2016-12-20,125.1200008392334,125.1200008392334,126.30000114440918,124.6399974822998,125.45999526977539,39378000,125.1200008392334
2016-12-21,126.49999618530273,126.49999618530273,127.7400016784668,125.0,125.53000450134277,65148000,126.49999618530273
2016-12-22,125.57999610900879,125.57999610900879,127.5,125.17999649047852,126.84000015258789,41607000,125.57999610900879
2016-12-23,125.59000015258789,125.59000015258789,126.28000259399414,125.08000373840332,125.60999870300293,20104000,125.59000015258789
2016-12-27,128.35000038146973,128.35000038146973,129.0499973297119,125.69999694824219,126.2399959564209,52882000,128.35000038146973
2016-12-28,125.8899974822998,125.8899974822998,129.06999588012695,125.76000213623047,129.06999588012695,43892000,125.8899974822998
2016-12-29,125.32999992370605,125.32999992370605,126.1400032043457,124.20000076293945,125.95000267028809,34451000,125.32999992370605
2016-12-30,123.80000114440918,123.80000114440918,126.56999588012695,123.59999656677246,126.2399959564209,44554000,123.80000114440918
2017-01-03,127.4899959564209,127.4899959564209,128.19000244140625,124.30999755859375,124.96000289916992,94379000,127.4899959564209
2017-01-04,129.4099998474121,129.4099998474121,130.17000198364258,126.54999732971191,127.4899959564209,78436000,129.4099998474121
2017-01-05,131.80999755859375,131.80999755859375,132.74999618530273,128.90000343322754,129.2199993133545,101855000,131.80999755859375
2017-01-06,131.07000350952148,131.07000350952148,133.87999534606934,129.80999946594238,132.0800018310547,106579000,131.07000350952148
2017-01-09,130.9500026702881,130.9500026702881,131.99000358581543,129.8900032043457,131.4799976348877,57718000,130.9500026702881
2017-01-10,129.8900032043457,129.8900032043457,132.22000122070312,129.2899990081787,131.26999855041504,59858000,129.8900032043457
2017-01-11,130.50000190734863,130.50000190734863,131.49999618530273,129.25000190734863,130.90999603271484,56151000,130.50000190734863
2017-01-12,129.1800022125244,129.1800022125244,130.85000038146973,128.50000381469727,130.62999725341797,53889000,129.1800022125244
2017-01-13,133.69999885559082,133.69999885559082,133.92999649047852,130.5799961090088,131.14999771118164,105150000,133.69999885559082
2017-01-17,132.88999557495117,132.88999557495117,135.39999961853027,132.08999633789062,135.03999710083008,122202000,132.88999557495117
2017-01-18,133.26000213623047,133.26000213623047,133.64999771118164,131.05999946594238,133.2100009918213,161686000,133.26000213623047
2017-01-19,138.40999603271484,138.40999603271484,143.45999717712402,138.24999809265137,142.01000213623047,232034000,138.40999603271484
2017-01-20,138.59999656677246,138.59999656677246,140.7900047302246,137.65999794006348,139.35999870300293,94974000,138.59999656677246
2017-01-23,137.3900032043457,137.3900032043457,139.49000358581543,137.30999946594238,138.64999771118164,74339000,137.3900032043457
2017-01-24,140.1099967956543,140.1099967956543,140.93000411987305,137.0300006866455,138.10999870300293,77547000,140.1099967956543
2017-01-25,139.5199966430664,139.5199966430664,141.38999938964844,139.0499973297119,140.79999923706055,72381000,139.5199966430664
2017-01-26,138.95999908447266,138.95999908447266,141.21000289916992,138.5099983215332,140.45000076293945,60383000,138.95999908447266
2017-01-27,142.44999885559082,142.44999885559082,142.4899959564209,138.99999618530273,139.4600009918213,83239000,142.44999885559082
2017-01-30,141.21999740600586,141.21999740600586,141.96999549865723,138.80000114440918,141.77000045776367,81225000,141.21999740600586
2017-01-31,140.7100009918213,140.7100009918213,141.8299961090088,139.7000026702881,140.5500030517578,44116000,140.7100009918213
2017-02-01,140.7800006866455,140.7800006866455,142.41000175476074,139.3000030517578,141.19999885559082,60334000,140.7800006866455
2017-02-02,139.20000076293945,139.20000076293945,141.04000091552734,139.0499973297119,140.60999870300293,34624000,139.20000076293945
2017-02-03,140.24999618530273,140.24999618530273,140.64000129699707,139.0999984741211,139.51000213623047,35126000,140.24999618530273
2017-02-06,140.97000122070312,140.97000122070312,141.00000381469727,139.16000366210938,140.0,35521000,140.97000122070312
2017-02-07,143.99999618530273,143.99999618530273,144.28000450134277,141.04999542236328,141.4900016784668,85735000,143.99999618530273
2017-02-08,144.73999977111816,144.73999977111816,145.06999969482422,142.55999565124512,143.57000350952148,68871000,144.73999977111816
2017-02-09,144.13999557495117,144.13999557495117,145.08999824523926,143.57999801635742,144.98000144958496,45551000,144.13999557495117
2017-02-10,144.82000350952148,144.82000350952148,145.2999973297119,143.97000312805176,144.68000411987305,61719000,144.82000350952148
2017-02-13,143.1999969482422,143.1999969482422,145.9500026702881,143.0500030517578,145.19000053405762,47904000,143.1999969482422
2017-02-14,140.8199977874756,140.8199977874756,144.1100025177002,140.05000114440918,143.1999969482422,83678000,140.8199977874756
2017-02-15,142.2700023651123,142.2700023651123,142.43000030517578,140.50999641418457,140.71999549865723,53091000,142.2700023651123
2017-02-16,142.01000213623047,142.01000213623047,142.44000434875488,141.07000350952148,142.41999626159668,28475000,142.01000213623047
2017-02-17,142.22000122070312,142.22000122070312,142.89999961853027,141.26999855041504,141.75000190734863,45881000,142.22000122070312
2017-02-21,142.60000228881836,142.60000228881836,143.38000297546387,141.80999755859375,142.98999786376953,35715000,142.60000228881836
2017-02-22,143.8599967956543,143.8599967956543,143.99999618530273,142.17000007629395,142.9199981689453,34820000,143.8599967956543
2017-02-23,142.77999877929688,142.77999877929688,144.49000358581543,141.52000427246094,144.4499969482422,46680000,142.77999877929688
2017-02-24,143.24999809265137,143.24999809265137,143.55999946594238,141.5499973297119,141.87999725341797,33027000,143.24999809265137
2017-02-27,143.40999603271484,143.40999603271484,143.92000198364258,142.3799991607666,143.12000274658203,39074000,143.40999603271484
2017-02-28,142.13000297546387,142.13000297546387,143.57000350952148,141.850004196167,143.29999923706055,38622000,142.13000297546387
2017-03-01,142.65000343322754,142.65000343322754,143.26000213623047,142.10000038146973,142.84000396728516,41706000,142.65000343322754
2017-03-02,139.5300006866455,139.5300006866455,142.70000457763672,139.09000396728516,142.1500015258789,61199000,139.5300006866455
2017-03-03,139.13999557495117,139.13999557495117,140.90999603271484,138.26000213623047,139.68999862670898,53998000,139.13999557495117
2017-03-06,141.94000244140625,141.94000244140625,142.84000396728516,140.5399990081787,141.00000381469727,71161000,141.94000244140625
2017-03-07,141.42999649047852,141.42999649047852,142.39999771118164,140.38000106811523,141.99000358581543,42410000,141.42999649047852
2017-03-08,140.31999588012695,140.31999588012695,142.06000328063965,139.7700023651123,141.47000312805176,40855000,140.31999588012695
2017-03-09,140.53000450134277,140.53000450134277,141.2399959564209,139.73999977111816,140.03999710083008,26527000,140.53000450134277
2017-03-10,140.8899974822998,140.8899974822998,141.8000030517578,140.27999877929688,141.38999938964844,33185000,140.8899974822998
2017-03-13,143.5200023651123,143.5200023651123,143.71000289916992,140.31999588012695,140.9000015258789,49224000,143.5200023651123
2017-03-14,143.19000244140625,143.19000244140625,143.31000328063965,141.70000076293945,142.95000076293945,46603000,143.19000244140625
2017-03-15,145.24999618530273,145.24999618530273,145.52000045776367,143.22999954223633,144.20000076293945,59872000,145.24999618530273
2017-03-16,144.39000129699707,144.39000129699707,146.49999618530273,144.2199993133545,145.50000190734863,52865000,144.39000129699707
2017-03-17,145.1099967956543,145.1099967956543,145.76000213623047,143.4000015258789,144.0499973297119,62813000,145.1099967956543
2017-03-20,145.8300018310547,145.8300018310547,146.25,144.5800018310547,145.45000076293945,34210000,145.8300018310547
2017-03-21,142.41999626159668,142.41999626159668,147.70000457763672,142.10000038146973,146.75000190734863,76698000,142.41999626159668
2017-03-22,142.65000343322754,142.65000343322754,143.80000114440918,140.76000213623047,142.53999710083008,64869000,142.65000343322754
2017-03-23,141.8400001525879,141.8400001525879,142.88999557495117,141.2600040435791,142.1399974822998,37126000,141.8400001525879
2017-03-24,142.0199966430664,142.0199966430664,142.7999973297119,141.57999992370605,142.36000061035156,35466000,142.0199966430664
2017-03-27,144.06000137329102,144.06000137329102,144.39000129699707,140.0,140.8300018310547,47717000,144.06000137329102
2017-03-28,145.17000198364258,145.17000198364258,146.11000061035156,143.92000198364258,144.0999984741211,46380000,145.17000198364258
2017-03-29,146.47000312805176,146.47000312805176,147.18000411987305,144.91000175476074,145.50000190734863,38550000,146.47000312805176
2017-03-30,148.05999755859375,148.05999755859375,148.2900047302246,146.52999877929688,146.80999755859375,44611000,148.05999755859375
2017-03-31,147.81000137329102,147.81000137329102,148.22999954223633,147.32999801635742,148.00000190734863,38882000,147.81000137329102
2017-04-03,146.9200038909912,146.9200038909912,148.00999641418457,145.74000358581543,146.70000076293945,46093000,146.9200038909912
2017-04-04,145.50000190734863,145.50000190734863,147.08999633789062,144.8900032043457,146.8400001525879,43689000,145.50000190734863
2017-04-05,143.62000465393066,143.62000465393066,146.25,143.26000213623047,146.19000434875488,46076000,143.62000465393066
2017-04-06,143.7399959564209,143.7399959564209,144.13999557495117,143.00999641418457,143.99999618530273,33124000,143.7399959564209
2017-04-07,143.10999870300293,143.10999870300293,143.88999938964844,142.70999908447266,143.78999710083008,30405000,143.10999870300293
2017-04-10,143.85000228881836,143.85000228881836,144.6500015258789,141.21000289916992,143.0399990081787,58074000,143.85000228881836
2017-04-11,144.350004196167,144.350004196167,144.5400047302246,141.97999954223633,144.28000450134277,46215000,144.350004196167
2017-04-12,143.83000373840332,143.83000373840332,145.74000358581543,143.54999542236328,144.84999656677246,43870000,143.83000373840332
2017-04-13,142.9199981689453,142.9199981689453,144.54999923706055,142.76000022888184,144.25000190734863,36858000,142.9199981689453
2017-04-17,147.25000381469727,147.25000381469727,147.32000350952148,144.42999839782715,144.42999839782715,163647000,147.25000381469727
2017-04-18,143.36000442504883,143.36000442504883,147.39999771118164,140.0,147.34000205993652,196710000,143.36000442504883
2017-04-19,139.7599983215332,139.7599983215332,143.99999618530273,138.66000175476074,143.36999893188477,123951000,139.7599983215332
2017-04-20,141.18000030517578,141.18000030517578,141.8000030517578,139.27000045776367,140.2999973297119,72482000,141.18000030517578
2017-04-21,142.86999702453613,142.86999702453613,143.03000450134277,140.9000015258789,141.38999938964844,68248000,142.86999702453613
2017-04-24,143.83000373840332,143.83000373840332,144.49999809265137,143.4000015258789,143.61000061035156,48009000,143.83000373840332
2017-04-25,152.15999603271484,152.15999603271484,153.5200023651123,146.21999740600586,147.46000289916992,206742000,152.15999603271484
2017-04-26,150.17000198364258,150.17000198364258,152.1500015258789,148.90000343322754,151.52999877929688,92741000,150.17000198364258
2017-04-27,153.0799961090088,153.0799961090088,153.48999977111816,149.3000030517578,150.600004196167,77194000,153.0799961090088
2017-04-28,152.2000026702881,152.2000026702881,152.9699993133545,150.93999862670898,152.70999908447266,63662000,152.2000026702881
2017-05-01,155.3499984741211,155.3499984741211,157.70000457763672,151.6100025177002,151.9099998474121,90316000,155.3499984741211
2017-05-02,156.45000457763672,156.45000457763672,156.49999618530273,154.61000442504883,155.76000213623047,53848000,156.45000457763672
2017-05-03,155.5900001525879,155.5900001525879,156.54000282287598,154.8799991607666,156.28999710083008,39312000,155.5900001525879
2017-05-04,157.25000381469727,157.25000381469727,157.89999961853027,154.54999923706055,155.5900001525879,55823000,157.25000381469727
2017-05-05,156.5999984741211,156.5999984741211,158.59000205993652,155.9000015258789,158.54999542236328,53417000,156.5999984741211
2017-05-08,156.37999534606934,156.37999534606934,157.63999938964844,155.2999973297119,156.5499973297119,48188000,156.37999534606934
2017-05-09,157.46000289916992,157.46000289916992,157.8499984741211,155.97000122070312,156.09999656677246,39110000,157.46000289916992
2017-05-10,160.27999877929688,160.27999877929688,161.10000610351562,156.56000137329102,157.81999588012695,68699000,160.27999877929688
2017-05-11,158.54000091552734,158.54000091552734,160.52000045776367,157.55000114440918,160.33000946044922,56774000,158.54000091552734
2017-05-12,160.80999374389648,160.80999374389648,160.83999633789062,158.5099983215332,159.1100025177002,50929000,160.80999374389648
2017-05-15,160.0200080871582,160.0200080871582,161.7799949645996,159.7599983215332,160.24999618530273,49720000,160.0200080871582
2017-05-16,159.4099998474121,159.4099998474121,161.18000030517578,159.3299961090088,160.49999237060547,34649000,159.4099998474121
2017-05-17,153.1999969482422,153.1999969482422,158.78000259399414,153.00000190734863,158.0900001525879,81845000,153.1999969482422
2017-05-18,155.6999969482422,155.6999969482422,156.89000129699707,153.24000358581543,153.61000061035156,68027000,155.6999969482422
2017-05-19,157.0199966430664,157.0199966430664,158.0500030517578,155.90999603271484,156.14999771118164,40915000,157.0199966430664
2017-05-22,157.15999603271484,157.15999603271484,158.59999656677246,156.42999649047852,157.8600025177002,37441000,157.15999603271484
2017-05-23,157.95000076293945,157.95000076293945,158.31000328063965,156.8000030517578,157.74999618530273,33709000,157.95000076293945
2017-05-24,157.74999618530273,157.74999618530273,158.47999572753906,157.17000007629395,158.35000038146973,29708000,157.74999618530273
2017-05-25,163.0500030517578,163.0500030517578,164.0999984741211,160.5500030517578,161.00000381469727,85610000,163.0500030517578
2017-05-26,162.43000030517578,162.43000030517578,163.0500030517578,161.1199951171875,162.84000396728516,48343000,162.43000030517578
2017-05-30,163.2200050354004,163.2200050354004,164.75000381469727,162.70999908447266,163.60000610351562,48286000,163.2200050354004
2017-05-31,163.0699920654297,163.0699920654297,163.99999618530273,160.73999404907227,163.61000061035156,53289000,163.0699920654297
2017-06-01,162.98999786376953,162.98999786376953,163.92999649047852,161.70000076293945,163.51999282836914,38963000,162.98999786376953
2017-06-02,165.17999649047852,165.17999649047852,165.35999298095703,162.80000686645508,163.41999053955078,42591000,165.17999649047852
2017-06-05,165.06000518798828,165.06000518798828,165.49999237060547,163.43000411987305,165.48999786376953,38752000,165.06000518798828
2017-06-06,165.17000198364258,165.17000198364258,166.8199920654297,164.51000213623047,164.95000839233398,43821000,165.17000198364258
2017-06-07,165.6100082397461,165.6100082397461,166.39999389648438,164.4099998474121,165.59999465942383,33531000,165.6100082397461
2017-06-08,165.8799934387207,165.8799934387207,166.87000274658203,164.83999252319336,166.1199951171875,37191000,165.8799934387207
2017-06-09,158.03000450134277,158.03000450134277,166.2700080871582,154.49999809265137,166.2700080871582,102920000,158.03000450134277
2017-06-12,151.44000053405762,151.44000053405762,155.53000450134277,148.31000328063965,155.2999973297119,141145000,151.44000053405762
2017-06-13,152.72000312805176,152.72000312805176,155.67999839782715,150.12999534606934,154.37999725341797,84847000,152.72000312805176
2017-06-14,152.2000026702881,152.2000026702881,155.62000274658203,150.27999877929688,154.3400001525879,64618000,152.2000026702881
2017-06-15,151.75999641418457,151.75999641418457,152.55999565124512,147.29999542236328,149.44000244140625,73197000,151.75999641418457
2017-06-16,152.3799991607666,152.3799991607666,153.52999687194824,150.38999557495117,151.45000457763672,69097000,152.3799991607666
2017-06-19,153.4000015258789,153.4000015258789,155.5799961090088,152.41000175476074,154.2899990081787,65443000,153.4000015258789
2017-06-20,152.04999923706055,152.04999923706055,154.49999809265137,151.40000343322754,153.68000030517578,48787000,152.04999923706055
2017-06-21,155.03000259399414,155.03000259399414,155.38000106811523,152.2599983215332,152.5,58034000,155.03000259399414
2017-06-22,154.8900032043457,154.8900032043457,155.20000457763672,153.69999885559082,155.12999534606934,37692000,154.8900032043457
2017-06-23,158.02000045776367,158.02000045776367,158.19000244140625,153.7600040435791,155.0100040435791,62508000,158.02000045776367
2017-06-26,157.5,157.5,159.96999740600586,156.56000137329102,158.78000259399414,60160000,157.5
2017-06-27,151.02999687194824,151.02999687194824,156.97999954223633,150.71999549865723,156.61999702453613,74243000,151.02999687194824
2017-06-28,153.40999603271484,153.40999603271484,154.20000076293945,150.1200008392334,151.63999557495117,55899000,153.40999603271484
2017-06-29,150.08999824523926,150.08999824523926,152.81999588012695,148.00000190734863,152.81999588012695,71425000,150.08999824523926
2017-06-30,149.4099998474121,149.4099998474121,150.7100009918213,148.42000007629395,149.7599983215332,52133000,149.4099998474121
2017-07-03,146.16999626159668,146.16999626159668,150.45000076293945,145.79999923706055,149.79999542236328,39082000,146.16999626159668
2017-07-05,147.6099967956543,147.6099967956543,148.26000213623047,145.5799961090088,146.57999992370605,46278000,147.6099967956543
2017-07-06,146.25,146.25,147.2700023651123,144.25000190734863,146.1299991607666,54865000,146.25
2017-07-07,150.17999649047852,150.17999649047852,150.74999809265137,146.64999961853027,146.64999961853027,55613000,150.17999649047852
2017-07-10,152.67000198364258,152.67000198364258,153.22999954223633,149.6500015258789,150.34000396728516,53606000,152.67000198364258
2017-07-11,154.3299961090088,154.3299961090088,155.2299976348877,151.5499973297119,152.37000465393066,48986000,154.3299961090088
2017-07-12,158.75,158.75,158.80000114440918,155.7699966430664,155.7699966430664,84818000,158.75
2017-07-13,158.2100009918213,158.2100009918213,160.1300048828125,156.97999954223633,158.5099983215332,67001000,158.2100009918213
2017-07-14,161.1199951171875,161.1199951171875,161.35000228881836,157.9699993133545,159.3000030517578,55492000,161.1199951171875
2017-07-17,161.70000076293945,161.70000076293945,163.54999542236328,160.0200080871582,162.91000366210938,174967000,161.70000076293945
2017-07-18,183.60000610351562,183.60000610351562,185.0,174.23999786376953,176.1199951171875,415874000,183.60000610351562
2017-07-19,183.8599967956543,183.8599967956543,187.16999053955078,181.74999237060547,182.97000885009766,173443000,183.8599967956543
2017-07-20,183.60000610351562,183.60000610351562,185.91999053955078,182.70000457763672,183.84000778198242,79072000,183.60000610351562
2017-07-21,188.54000091552734,188.54000091552734,191.49999618530273,182.70999908447266,182.7199935913086,92774000,188.54000091552734
2017-07-24,187.91000366210938,187.91000366210938,190.24999618530273,187.01000213623047,188.68999481201172,87973000,187.91000366210938
2017-07-25,186.9700050354004,186.9700050354004,188.65999221801758,185.80999374389648,187.7899932861328,53745000,186.9700050354004
2017-07-26,189.08000946044922,189.08000946044922,189.69999313354492,187.50999450683594,187.70000457763672,44793000,189.08000946044922
2017-07-27,182.67999649047852,182.67999649047852,190.0,179.37999725341797,189.8900032043457,112210000,182.67999649047852
2017-07-28,184.0399932861328,184.0399932861328,185.03000259399414,181.18000030517578,182.00000762939453,62019000,184.0399932861328
2017-07-31,181.66000366210938,181.66000366210938,184.96999740600586,180.65000534057617,184.26000595092773,48836000,181.66000366210938
2017-08-01,182.02999114990234,182.02999114990234,184.61999893188477,181.42999649047852,182.49000549316406,51127000,182.02999114990234
2017-08-02,180.73999404907227,180.73999404907227,182.56999969482422,177.81000137329102,182.22000122070312,57713000,180.73999404907227
2017-08-03,179.2300033569336,179.2300033569336,181.21999740600586,178.02000045776367,180.5299949645996,46277000,179.2300033569336
2017-08-04,180.27000427246094,180.27000427246094,181.00000381469727,178.50000381469727,179.59999084472656,44911000,180.27000427246094
2017-08-07,181.32999420166016,181.32999420166016,182.26999282836914,179.0999984741211,181.00000381469727,46098000,181.32999420166016
2017-08-08,178.36000442504883,178.36000442504883,181.9099998474121,177.45000839233398,181.36999130249023,61040000,178.36000442504883
2017-08-09,175.77999114990234,175.77999114990234,175.9600067138672,170.00999450683594,171.42999649047852,96705000,175.77999114990234
2017-08-10,169.13999557495117,169.13999557495117,174.4499969482422,167.60000228881836,174.02999877929688,96931000,169.13999557495117
2017-08-11,171.39999389648438,171.39999389648438,172.57999420166016,168.99999618530273,169.86000061035156,50223000,171.39999389648438
2017-08-14,171.00000381469727,171.00000381469727,172.45000839233398,168.79999160766602,169.79999542236328,74684000,171.00000381469727
2017-08-15,168.50000381469727,168.50000381469727,171.87999725341797,168.25000762939453,171.52999877929688,56561000,168.50000381469727
2017-08-16,169.9799919128418,169.9799919128418,170.49999237060547,166.25,167.5,70136000,169.9799919128418
2017-08-17,166.08999252319336,166.08999252319336,170.58000564575195,165.7200050354004,169.2300033569336,52292000,166.08999252319336
2017-08-18,166.5399932861328,166.5399932861328,169.96999740600586,165.79999923706055,165.94999313354492,73857000,166.5399932861328
2017-08-21,166.76000595092773,166.76000595092773,168.9900016784668,164.2300033569336,166.9099998474121,64807000,166.76000595092773
2017-08-22,169.3400001525879,169.3400001525879,169.93000030517578,167.0400047302246,167.75999069213867,48863000,169.3400001525879
2017-08-23,169.06000137329102,169.06000137329102,169.64000701904297,166.70000076293945,168.34999084472656,46323000,169.06000137329102
2017-08-24,168.12999725341797,168.12999725341797,171.24000549316406,166.14999771118164,169.86000061035156,53617000,168.12999725341797
2017-08-25,165.94999313354492,165.94999313354492,168.75,165.49999237060547,168.57999801635742,40640000,165.94999313354492
2017-08-28,167.11999893188477,167.11999893188477,168.67000579833984,165.59999465942383,166.42999649047852,36573000,167.11999893188477
2017-08-29,168.81000518798828,168.81000518798828,169.68000411987305,164.72999572753906,165.0,46209000,168.81000518798828
2017-08-30,174.68999862670898,174.68999862670898,174.85000610351562,169.37000274658203,169.50000762939453,80347000,174.68999862670898
2017-08-31,174.7100067138672,174.7100067138672,176.24000549316406,173.8599967956543,175.45000076293945,69410000,174.7100067138672
2017-09-01,174.74000930786133,174.74000930786133,176.48000717163086,173.92000198364258,175.5500030517578,38130000,174.74000930786133
2017-09-05,174.5199966430664,174.5199966430664,175.8799934387207,172.43999481201172,173.4000015258789,45895000,174.5199966430664
2017-09-06,179.24999237060547,179.24999237060547,179.45999145507812,173.7299919128418,175.24999618530273,87426000,179.24999237060547
2017-09-07,178.99999618530273,178.99999618530273,180.3499984741211,177.09999084472656,178.79999160766602,60361000,178.99999618530273
2017-09-08,176.42000198364258,176.42000198364258,180.38999557495117,176.25,178.44999313354492,45908000,176.42000198364258
2017-09-11,181.73999786376953,181.73999786376953,182.46999740600586,178.0299949645996,178.09999465942383,59794000,181.73999786376953
2017-09-12,185.14999389648438,185.14999389648438,185.33000946044922,180.6399917602539,182.54999160766602,66896000,185.14999389648438
2017-09-13,183.6400032043457,183.6400032043457,184.50000762939453,182.54999160766602,184.06999588012695,43203000,183.6400032043457
2017-09-14,182.6300048828125,182.6300048828125,185.2899932861328,182.07000732421875,183.25000762939453,45107000,182.6300048828125
2017-09-15,182.35000610351562,182.35000610351562,184.93000030517578,181.42999649047852,182.73000717163086,55917000,182.35000610351562
2017-09-18,184.61999893188477,184.61999893188477,185.45000076293945,182.73000717163086,183.61000061035156,53596000,184.61999893188477
2017-09-19,185.6800079345703,185.6800079345703,186.2299919128418,184.1699981689453,184.9799919128418,49821000,185.6800079345703
2017-09-20,185.51000595092773,185.51000595092773,186.49999618530273,183.1999969482422,186.10000610351562,46250000,185.51000595092773
2017-09-21,188.78000259399414,188.78000259399414,189.95000839233398,184.51000213623047,185.82000732421875,71481000,188.78000259399414
2017-09-22,187.35000610351562,187.35000610351562,189.85000610351562,186.38999938964844,188.4000015258789,54643000,187.35000610351562
2017-09-25,178.54999542236328,178.54999542236328,186.55000686645508,177.70000457763672,186.45999908447266,93672000,178.54999542236328
2017-09-26,179.37999725341797,179.37999725341797,180.94999313354492,176.55000686645508,180.6999969482422,56025000,179.37999725341797
2017-09-27,181.9700050354004,181.9700050354004,183.33999633789062,180.6999969482422,181.0099983215332,57105000,181.9700050354004
2017-09-28,180.6999969482422,180.6999969482422,181.9499969482422,179.3600082397461,181.25,40770000,180.6999969482422
2017-09-29,181.35000228881836,181.35000228881836,182.90000915527344,180.65000534057617,180.72999954223633,42279000,181.35000228881836
2017-10-02,177.01000213623047,177.01000213623047,182.80000686645508,176.58000946044922,182.11000442504883,73420000,177.01000213623047
2017-10-03,179.19000625610352,179.19000625610352,179.69999313354492,177.54999160766602,177.64999389648438,39569000,179.19000625610352
2017-10-04,184.4499969482422,184.4499969482422,186.70000076293945,181.25,181.41000747680664,92359000,184.4499969482422
2017-10-05,194.3899917602539,194.3899917602539,194.48999404907227,184.48999404907227,185.65000534057617,194127000,194.3899917602539
2017-10-06,198.02000045776367,198.02000045776367,198.92000198364258,192.04999923706055,194.3000030517578,153484000,198.02000045776367
2017-10-09,196.87000274658203,196.87000274658203,199.40000534057617,196.56000137329102,199.0999984741211,69717000,196.87000274658203
2017-10-10,195.07999420166016,195.07999420166016,198.29999923706055,192.09999084472656,197.8499984741211,62338000,195.07999420166016
2017-10-11,194.95000839233398,194.95000839233398,196.21999740600586,193.81000518798828,195.5699920654297,64502000,194.95000839233398
2017-10-12,195.86000442504883,195.86000442504883,198.6199951171875,194.7100067138672,196.74999237060547,77533000,195.86000442504883
2017-10-13,199.48999404907227,199.48999404907227,200.82000732421875,197.18999862670898,199.69999313354492,120813000,199.48999404907227
2017-10-16,202.67999649047852,202.67999649047852,202.83000946044922,197.85999298095703,201.9499969482422,221054000,202.67999649047852
2017-10-17,199.47999954223633,199.47999954223633,204.37999725341797,197.77000427246094,200.1099967956543,239001000,199.47999954223633
2017-10-18,195.54000854492188,195.54000854492188,200.00999450683594,194.24999237060547,199.99000549316406,111989000,195.54000854492188
2017-10-19,195.1300048828125,195.1300048828125,195.24999618530273,191.15999221801758,193.01000595092773,70346000,195.1300048828125
2017-10-20,194.16000366210938,194.16000366210938,196.3800048828125,193.7700080871582,195.9000015258789,59956000,194.16000366210938
2017-10-23,192.46999740600586,192.46999740600586,194.89999771118164,191.0300064086914,194.1699981689453,69800000,192.46999740600586
2017-10-24,196.01999282836914,196.01999282836914,196.73999786376953,191.39999389648438,192.74999618530273,70691000,196.01999282836914
2017-10-25,193.7700080871582,193.7700080871582,197.05999374389648,193.01000595092773,195.38000106811523,53153000,193.7700080871582
2017-10-26,195.20999908447266,195.20999908447266,197.6099967956543,194.08000946044922,194.65999603271484,51858000,195.20999908447266
2017-10-27,199.5400047302246,199.5400047302246,200.65000534057617,196.21999740600586,197.19999313354492,81286000,199.5400047302246
2017-10-30,198.36999893188477,198.36999893188477,201.10000610351562,197.07000732421875,199.61999893188477,54396000,198.36999893188477
2017-10-31,196.42999649047852,196.42999649047852,198.58999252319336,195.2199935913086,198.20999145507812,55186000,196.42999649047852
2017-11-01,197.99999237060547,197.99999237060547,199.20000076293945,196.00000381469727,197.24000930786133,50174000,197.99999237060547
2017-11-02,199.3199920654297,199.3199920654297,199.44000244140625,197.08999633789062,197.45000839233398,36063000,199.3199920654297
2017-11-03,200.00999450683594,200.00999450683594,200.5500030517578,197.98999786376953,199.79999542236328,36788000,200.00999450683594
2017-11-06,200.1300048828125,200.1300048828125,202.4799919128418,198.0900001525879,200.0,58466000,200.1300048828125
2017-11-07,195.89000701904297,195.89000701904297,200.6100082397461,194.79999542236328,200.0,64680000,195.89000701904297
2017-11-08,196.43999099731445,196.43999099731445,197.08999633789062,194.74000930786133,196.00000381469727,42374000,196.43999099731445
2017-11-09,193.89999389648438,193.89999389648438,194.48999404907227,190.80999374389648,194.45999145507812,59799000,193.89999389648438
2017-11-10,192.0199966430664,192.0199966430664,192.59000778198242,189.50000762939453,191.60999298095703,66222000,192.0199966430664
2017-11-13,195.07999420166016,195.07999420166016,196.04999542236328,191.00000381469727,191.1199951171875,46070000,195.07999420166016
2017-11-14,195.70999145507812,195.70999145507812,195.8799934387207,192.99999237060547,193.6400032043457,34505000,195.70999145507812
2017-11-15,192.11999893188477,192.11999893188477,195.4199981689453,191.52999877929688,194.5400047302246,42031000,192.11999893188477
2017-11-16,195.51000595092773,195.51000595092773,197.70000457763672,193.75,194.33000564575195,56784000,195.51000595092773
2017-11-17,193.1999969482422,193.1999969482422,195.94999313354492,192.64999389648438,195.73999404907227,39063000,193.1999969482422
2017-11-20,194.0999984741211,194.0999984741211,194.3199920654297,191.90000534057617,193.29999923706055,38275000,194.0999984741211
2017-11-21,196.2299919128418,196.2299919128418,197.5200080871582,194.96999740600586,195.03999710083008,47873000,196.2299919128418
2017-11-22,196.31999969482422,196.31999969482422,196.74999237060547,193.63000869750977,196.58000946044922,58954000,196.31999969482422
2017-11-24,195.75000762939453,195.75000762939453,196.90000534057617,195.33000946044922,196.65000915527344,21605000,195.75000762939453
2017-11-27,195.04999160766602,195.04999160766602,195.84999084472656,193.99999618530273,195.55999755859375,32101000,195.04999160766602
2017-11-28,199.17999267578125,199.17999267578125,199.68000411987305,194.00999069213867,195.34000396728516,69811000,199.17999267578125
2017-11-29,188.15000534057617,188.15000534057617,199.02999877929688,184.3199920654297,198.91000747680664,142027000,188.15000534057617
2017-11-30,187.57999420166016,187.57999420166016,190.86000442504883,186.67999267578125,190.31000137329102,66301000,187.57999420166016
2017-12-01,186.8199920654297,186.8199920654297,189.79999542236328,185.0,186.98999404907227,62195000,186.8199920654297
2017-12-04,184.0399932861328,184.0399932861328,189.72000122070312,178.3799934387207,189.3600082397461,90698000,184.0399932861328
2017-12-05,184.2099952697754,184.2099952697754,188.1399917602539,181.18999481201172,183.50000381469727,57837000,184.2099952697754
2017-12-06,185.30000686645508,185.30000686645508,186.48000717163086,182.88000106811523,183.3799934387207,54901000,185.30000686645508
2017-12-07,185.20000457763672,185.20000457763672,187.33999252319336,183.2200050354004,185.70999145507812,46595000,185.20000457763672
2017-12-08,188.54000091552734,188.54000091552734,189.41999435424805,186.29999160766602,186.49999618530273,49873000,188.54000091552734
2017-12-11,186.21999740600586,186.21999740600586,189.41999435424805,185.90999603271484,187.8499984741211,52986000,186.21999740600586
2017-12-12,185.72999954223633,185.72999954223633,187.8499984741211,184.82000350952148,186.0099983215332,42659000,185.72999954223633
2017-12-13,187.85999298095703,187.85999298095703,188.68999481201172,185.41000366210938,186.10000610351562,47100000,187.85999298095703
2017-12-14,189.55999374389648,189.55999374389648,192.63999938964844,187.19999313354492,187.9800033569336,77928000,189.55999374389648
2017-12-15,190.11999130249023,190.11999130249023,191.42999649047852,188.01000595092773,189.61000442504883,72856000,190.11999130249023
2017-12-18,190.4199981689453,190.4199981689453,191.65000915527344,188.89999389648438,191.20000839233398,50110000,190.4199981689453
2017-12-19,187.0199966430664,187.0199966430664,190.30000686645508,185.75000762939453,190.17999649047852,70330000,187.0199966430664
2017-12-20,188.81999969482422,188.81999969482422,189.10999298095703,185.25999069213867,187.94000625610352,65454000,188.81999969482422
2017-12-21,188.6199951171875,188.6199951171875,190.94999313354492,187.57999420166016,189.44000244140625,47298000,188.6199951171875
2017-12-22,189.93999481201172,189.93999481201172,190.94999313354492,186.8000030517578,188.3300018310547,38789000,189.93999481201172
2017-12-26,187.75999069213867,187.75999069213867,189.93999481201172,186.39999389648438,189.7800064086914,30457000,187.75999069213867
2017-12-27,186.24000549316406,186.24000549316406,188.09999465942383,185.2199935913086,187.80000686645508,40021000,186.24000549316406
2017-12-28,192.70999908447266,192.70999908447266,194.48999404907227,186.84999465942383,187.18000411987305,101074000,192.70999908447266
2017-12-29,191.95999145507812,191.95999145507812,193.95000457763672,191.21999740600586,192.50999450683594,51876000,191.95999145507812
2018-01-02,201.07000350952148,201.07000350952148,201.65000915527344,195.4199981689453,196.10000610351562,109669000,201.07000350952148
2018-01-03,205.04999160766602,205.04999160766602,206.21000289916992,201.49999618530273,202.04999923706055,85914000,205.04999160766602
2018-01-04,205.62999725341797,205.62999725341797,207.04999923706055,203.99999618530273,206.20000839233398,60296000,205.62999725341797
2018-01-05,209.99000549316406,209.99000549316406,210.0200080871582,205.5900001525879,207.25000381469727,70332000,209.99000549316406
2018-01-08,212.04999923706055,212.04999923706055,212.5,208.43999862670898,210.0200080871582,55802000,212.04999923706055
2018-01-09,209.30999755859375,209.30999755859375,212.9800033569336,208.58999252319336,212.11000442504883,61259000,209.30999755859375
2018-01-10,212.5200080871582,212.5200080871582,213.6400032043457,206.9099998474121,207.56999969482422,59515000,212.5200080871582
2018-01-11,217.24000930786133,217.24000930786133,217.74999618530273,213.34999084472656,214.29000854492188,76595000,217.24000930786133
2018-01-12,221.2299919128418,221.2299919128418,222.54999160766602,216.00000381469727,217.18000411987305,81994000,221.2299919128418
2018-01-16,221.52999877929688,221.52999877929688,226.07000350952148,217.19999313354492,224.23999786376953,135161000,221.52999877929688
2018-01-17,217.5,217.5,221.14999771118164,216.31999969482422,221.00000381469727,91231000,217.5
2018-01-18,220.33000946044922,220.33000946044922,220.58000564575195,216.55000686645508,220.34000396728516,82253000,220.33000946044922
2018-01-19,220.4599952697754,220.4599952697754,223.49000930786133,218.50000381469727,222.74999618530273,105486000,220.4599952697754
2018-01-22,227.57999420166016,227.57999420166016,227.7899932861328,221.20000839233398,222.00000762939453,177033000,227.57999420166016
2018-01-23,250.2899932861328,250.2899932861328,257.70999908447266,248.02000045776367,255.04999160766602,277053000,250.2899932861328
2018-01-24,261.299991607666,261.299991607666,261.7099952697754,249.30999755859375,250.8799934387207,173524000,261.299991607666
2018-01-25,269.6999931335449,269.6999931335449,272.2999954223633,260.23000717163086,262.99999237060547,153364000,269.6999931335449
2018-01-26,274.59999084472656,274.59999084472656,274.59999084472656,268.75999450683594,271.4900016784668,110218000,274.59999084472656
2018-01-29,284.5899963378906,284.5899963378906,286.80999755859375,273.9200019836426,274.20000076293945,175297000,284.5899963378906
2018-01-30,278.799991607666,278.799991607666,282.73000717163086,272.7000045776367,277.00000762939453,124829000,278.799991607666
2018-01-31,270.3000068664551,270.3000068664551,282.29000091552734,269.5800018310547,281.94000244140625,116951000,270.3000068664551
2018-02-01,265.0699996948242,265.0699996948242,271.9499969482422,263.3799934387207,266.41000747680664,96690000,265.0699996948242
2018-02-02,267.4300003051758,267.4300003051758,270.62000274658203,262.70999908447266,262.99999237060547,91236000,267.4300003051758
2018-02-05,254.26000595092773,254.26000595092773,267.90000915527344,250.03000259399414,262.00000762939453,118961000,254.26000595092773
2018-02-06,265.7200050354004,265.7200050354004,266.70000076293945,245.0,247.70000457763672,125958000,265.7200050354004
2018-02-07,264.5599937438965,264.5599937438965,272.450008392334,264.33000564575195,266.5800094604492,89815000,264.5599937438965
2018-02-08,250.10000228881836,250.10000228881836,267.61999130249023,250.0,267.0800018310547,93067000,250.10000228881836
2018-02-09,249.4700050354004,249.4700050354004,255.79999923706055,236.11000061035156,253.85000228881836,169069000,249.4700050354004
2018-02-12,257.95000076293945,257.95000076293945,259.15000915527344,248.99999618530273,252.14000701904297,85349000,257.95000076293945
2018-02-13,258.2699966430664,258.2699966430664,261.41000747680664,254.69999313354492,257.29000091552734,68552000,258.2699966430664
2018-02-14,266.00000381469727,266.00000381469727,269.88000869750977,260.3300094604492,260.47000885009766,109720000,266.00000381469727
2018-02-15,280.27000427246094,280.27000427246094,280.49999237060547,267.6300048828125,270.03000259399414,107597000,280.27000427246094
2018-02-16,278.51999282836914,278.51999282836914,281.9599914550781,275.69000244140625,278.7299919128418,83124000,278.51999282836914
2018-02-20,278.5499954223633,278.5499954223633,285.8099937438965,276.60999298095703,277.7400016784668,77690000,278.5499954223633
2018-02-21,281.04000091552734,281.04000091552734,286.6399955749512,280.00999450683594,282.07000732421875,93711000,281.04000091552734
2018-02-22,278.1399917602539,278.1399917602539,284.50000762939453,274.4499969482422,283.8800048828125,88915000,278.1399917602539
2018-02-23,285.93000411987305,285.93000411987305,286.00000381469727,277.810001373291,281.00000381469727,73018000,285.93000411987305
2018-02-26,294.1600036621094,294.1600036621094,295.6500053405762,287.01000213623047,288.75,102686000,294.1600036621094
2018-02-27,290.6100082397461,290.6100082397461,297.36000061035156,290.5900001525879,294.76999282836914,94165000,290.6100082397461
2018-02-28,291.3800048828125,291.3800048828125,295.75000762939453,290.77999114990234,293.0999946594238,76535000,291.3800048828125
2018-03-01,290.3899955749512,290.3899955749512,295.24999618530273,283.82999420166016,292.74999618530273,119321000,290.3899955749512
2018-03-02,301.0499954223633,301.0499954223633,301.1800003051758,283.2299995422363,284.6500015258789,133453000,301.0499954223633
2018-03-05,315.0,315.0,316.9099998474121,297.60000228881836,302.8499984741211,189861000,315.0
2018-03-06,325.2199935913086,325.2199935913086,325.7899856567383,316.49999618530273,319.88000869750977,185258000,325.2199935913086
2018-03-07,321.1600112915039,321.1600112915039,323.74000549316406,314.54999923706055,320.0,171322000,321.1600112915039
2018-03-08,317.00000762939453,317.00000762939453,322.9199981689453,314.13000106811523,322.20001220703125,113401000,317.00000762939453
2018-03-09,331.4400100708008,331.4400100708008,331.4400100708008,320.22998809814453,321.32999420166016,145002000,331.4400100708008
2018-03-12,321.30001068115234,321.30001068115234,333.97998809814453,318.6000061035156,333.5599899291992,203692000,321.30001068115234
2018-03-13,315.8799934387207,315.8799934387207,325.8399963378906,313.27999114990234,323.87001037597656,129172000,315.8799934387207
2018-03-14,321.54998779296875,321.54998779296875,323.8800048828125,317.7000045776367,318.1599998474121,104751000,321.54998779296875
2018-03-15,321.0900115966797,321.0900115966797,323.4000015258789,318.1399917602539,323.1700134277344,56429000,321.0900115966797
2018-03-16,318.4499931335449,318.4499931335449,324.10999298095703,318.36999893188477,321.41998291015625,73337000,318.4499931335449
2018-03-19,313.47999572753906,313.47999572753906,317.00000762939453,307.33999252319336,315.79999923706055,99252000,313.47999572753906
2018-03-20,317.5,317.5,319.50000762939453,312.8000068664551,313.26000213623047,59919000,317.5
2018-03-21,316.48000717163086,316.48000717163086,319.4000053405762,314.51000213623047,316.35000228881836,52639000,316.48000717163086
2018-03-22,306.70000076293945,306.70000076293945,314.1200065612793,305.6599998474121,313.0699920654297,80633000,306.70000076293945
2018-03-23,300.939998626709,300.939998626709,309.37000274658203,300.35999298095703,307.4099922180176,95299000,300.939998626709
2018-03-26,320.3499984741211,320.3499984741211,321.0300064086914,302.00000762939453,309.3600082397461,119883000,320.3499984741211
2018-03-27,300.69000244140625,300.69000244140625,322.90000915527344,297.00000762939453,322.49000549316406,120686000,300.69000244140625
2018-03-28,285.7699966430664,285.7699966430664,298.799991607666,281.60999298095703,298.39000701904297,189729000,285.7699966430664
2018-03-29,295.3499984741211,295.3499984741211,295.3499984741211,275.9000015258789,287.00000762939453,191455000,295.3499984741211
2018-04-02,280.2899932861328,280.2899932861328,292.8700065612793,275.049991607666,291.94000244140625,134058000,280.2899932861328
2018-04-03,283.67000579833984,283.67000579833984,291.25,278.01000595092773,285.45000076293945,126949000,283.67000579833984
2018-04-04,288.93999099731445,288.93999099731445,290.310001373291,271.21999740600586,273.63000869750977,129140000,288.93999099731445
2018-04-05,293.9699935913086,293.9699935913086,299.1600036621094,289.10999298095703,293.1500053405762,106552000,293.9699935913086
2018-04-06,288.85000228881836,288.85000228881836,298.85000228881836,285.6500053405762,289.0999984741211,114448000,288.85000228881836
2018-04-09,289.9300003051758,289.9300003051758,299.54999923706055,289.1200065612793,291.7700004577637,98536000,289.9300003051758
2018-04-10,298.0699920654297,298.0699920654297,298.9500045776367,291.6900062561035,297.6799964904785,106605000,298.0699920654297
2018-04-11,303.67000579833984,303.67000579833984,311.6399955749512,301.8199920654297,302.88000106811523,148774000,303.67000579833984
2018-04-12,309.24999237060547,309.24999237060547,311.13000869750977,306.74999237060547,309.7200012207031,102494000,309.24999237060547
2018-04-13,311.65000915527344,311.65000915527344,317.49000549316406,308.2299995422363,317.29000091552734,120466000,311.65000915527344
2018-04-16,307.7799987792969,307.7799987792969,316.1000061035156,303.99999618530273,315.9900093078613,203079000,307.7799987792969
2018-04-17,336.0599899291992,336.0599899291992,338.6199951171875,323.7699890136719,329.65999603271484,338665000,336.0599899291992
2018-04-18,334.5199966430664,334.5199966430664,338.8199996948242,331.1000061035156,336.30001068115234,112211000,334.5199966430664
2018-04-19,332.7000045776367,332.7000045776367,335.3099822998047,326.76998138427734,332.8799819946289,84388000,332.7000045776367
2018-04-20,327.77000427246094,327.77000427246094,336.510009765625,325.99998474121094,332.2200012207031,91587000,327.77000427246094
2018-04-23,318.6899948120117,318.6899948120117,331.2200164794922,317.0800018310547,329.15000915527344,89680000,318.6899948120117
2018-04-24,307.0199966430664,307.0199966430664,320.25001525878906,302.31000900268555,319.22000885009766,138932000,307.0199966430664
2018-04-25,305.76000213623047,305.76000213623047,309.9799919128418,292.61999130249023,306.36999130249023,149197000,305.76000213623047
2018-04-26,313.98000717163086,313.98000717163086,316.63000106811523,305.58000564575195,310.0,92667000,313.98000717163086
2018-04-27,311.76000595092773,311.76000595092773,317.450008392334,306.49999618530273,316.25,70744000,311.76000595092773
2018-04-30,312.4600028991699,312.4600028991699,317.88000106811523,310.11999130249023,311.0700035095215,60888000,312.4600028991699
2018-05-01,313.29999923706055,313.29999923706055,313.47999572753906,306.6900062561035,310.35999298095703,60366000,313.29999923706055
2018-05-02,313.3600044250488,313.3600044250488,317.09999084472656,310.40000915527344,311.65000915527344,56971000,313.3600044250488
2018-05-03,311.6900062561035,311.6900062561035,312.5900077819824,305.7299995422363,312.5900077819824,61358000,311.6900062561035
2018-05-04,320.0899887084961,320.0899887084961,320.97999572753906,307.6700019836426,308.7100028991699,82095000,320.0899887084961
2018-05-07,326.25999450683594,326.25999450683594,329.02000427246094,319.3400001525879,321.9900131225586,71178000,326.25999450683594
2018-05-08,326.8899917602539,326.8899917602539,327.3500061035156,323.0500030517578,325.9000015258789,47357000,326.8899917602539
2018-05-09,330.29998779296875,330.29998779296875,331.9499969482422,327.50999450683594,328.7900161743164,56334000,330.29998779296875
2018-05-10,329.59999084472656,329.59999084472656,332.0600128173828,327.3400115966797,331.50001525878906,53023000,329.59999084472656
2018-05-11,326.45999908447266,326.45999908447266,331.25999450683594,324.8699951171875,329.6500015258789,45897000,326.45999908447266
2018-05-14,328.5300064086914,328.5300064086914,330.49999237060547,327.0399856567383,327.24998474121094,40898000,328.5300064086914
2018-05-15,326.12998962402344,326.12998962402344,326.94000244140625,322.4300003051758,325.9400177001953,47461000,326.12998962402344
2018-05-16,328.19000244140625,328.19000244140625,329.7200012207031,325.13999938964844,326.2799835205078,36717000,328.19000244140625
2018-05-17,325.2199935913086,325.2199935913086,330.4499816894531,323.1700134277344,327.5299835205078,49357000,325.2199935913086
2018-05-18,324.17999267578125,324.17999267578125,326.41998291015625,322.79998779296875,324.90001678466797,35777000,324.17999267578125
2018-05-21,331.8199920654297,331.8199920654297,331.87999725341797,325.4499816894531,327.1099853515625,66573000,331.8199920654297
2018-05-22,331.61998748779297,331.61998748779297,336.6299819946289,331.15001678466797,334.04998779296875,59644000,331.61998748779297
2018-05-23,344.7200012207031,344.7200012207031,345.0,328.08998107910156,329.0399932861328,100491000,344.7200012207031
2018-05-24,349.2900085449219,349.2900085449219,354.00001525878906,341.1199951171875,344.33998107910156,147586000,349.2900085449219
2018-05-25,351.2900161743164,351.2900161743164,354.3600082397461,348.82999420166016,349.90001678466797,78174000,351.2900161743164
2018-05-29,349.72999572753906,349.72999572753906,356.1000061035156,346.7100143432617,351.50001525878906,97179000,349.72999572753906
2018-05-30,353.54000091552734,353.54000091552734,354.00001525878906,349.2599868774414,352.3699951171875,56855000,353.54000091552734
2018-05-31,351.5999984741211,351.5999984741211,355.53001403808594,350.20999908447266,353.80001068115234,69217000,351.5999984741211
2018-06-01,359.9300003051758,359.9300003051758,359.99000549316406,352.8200149536133,353.8800048828125,71123000,359.9300003051758
2018-06-04,361.80999755859375,361.80999755859375,362.99999237060547,355.5099868774414,362.68001556396484,76820000,361.80999755859375
2018-06-05,365.8000183105469,365.8000183105469,369.83001708984375,361.4099884033203,363.32000732421875,83580000,365.8000183105469
2018-06-06,367.44998931884766,367.44998931884766,369.6799850463867,363.3300018310547,367.7799987792969,77123000,367.44998931884766
2018-06-07,361.3999938964844,361.3999938964844,368.69998931884766,357.79998779296875,368.54000091552734,82780000,361.3999938964844
2018-06-08,360.5699920654297,360.5699920654297,362.3899841308594,356.25,358.05999755859375,52257000,360.5699920654297
2018-06-11,361.4500045776367,361.4500045776367,365.6700134277344,360.90999603271484,361.87999725341797,44324000,361.4500045776367
2018-06-12,363.82999420166016,363.82999420166016,365.97999572753906,362.00000762939453,363.6000061035156,42910000,363.82999420166016
2018-06-13,379.9300003051758,379.9300003051758,384.24999237060547,364.10999298095703,367.5299835205078,182228000,379.9300003051758
2018-06-14,392.86998748779297,392.86998748779297,395.0299835205078,383.25000762939453,384.26998138427734,145983000,392.86998748779297
2018-06-15,391.98001861572266,391.98001861572266,398.8600158691406,387.50999450683594,390.7099914550781,135881000,391.98001861572266
2018-06-18,390.40000915527344,390.40000915527344,393.16001892089844,386.50001525878906,387.7199935913086,68248000,390.40000915527344
2018-06-19,404.9800109863281,404.9800109863281,405.2899932861328,388.49998474121094,389.50000762939453,166971000,404.9800109863281
2018-06-20,416.7599868774414,416.7599868774414,419.46998596191406,409.59999084472656,415.1499938964844,164946000,416.7599868774414
2018-06-21,415.4399871826172,415.4399871826172,423.2099914550781,406.37001037597656,421.3800048828125,183899000,415.4399871826172
2018-06-22,411.0900115966797,411.0900115966797,420.49999237060547,409.6500015258789,419.9800109863281,104286000,411.0900115966797
2018-06-25,384.48001861572266,384.48001861572266,405.989990234375,378.75,404.6900177001953,224909000,384.48001861572266
2018-06-26,399.3899917602539,399.3899917602539,404.7800064086914,389.04998779296875,393.27999114990234,151912000,399.3899917602539
2018-06-27,390.3900146484375,390.3900146484375,411.59000396728516,390.0,407.5600051879883,165414000,390.3900146484375
2018-06-28,395.4199981689453,395.4199981689453,396.89998626708984,387.09999084472656,395.0,122199000,395.4199981689453
2018-06-29,391.43001556396484,391.43001556396484,401.32999420166016,390.5500030517578,399.1899871826172,92525000,391.43001556396484
2018-07-02,398.1800079345703,398.1800079345703,398.38001251220703,380.0,385.4499816894531,81425000,398.1800079345703
2018-07-03,390.51998138427734,390.51998138427734,399.9800109863281,389.50000762939453,399.4900131225586,52803000,390.51998138427734
2018-07-05,398.39000701904297,398.39000701904297,399.23999786376953,390.8599853515625,393.80001068115234,84489000,398.39000701904297
2018-07-06,408.25000762939453,408.25000762939453,408.65001678466797,395.51998138427734,397.44998931884766,86296000,408.25000762939453
2018-07-09,418.9699935913086,418.9699935913086,419.11998748779297,411.1000061035156,415.95001220703125,111275000,418.9699935913086
2018-07-10,415.62999725341797,415.62999725341797,419.44000244140625,413.0799865722656,417.239990234375,93829000,415.62999725341797
2018-07-11,418.65001678466797,418.65001678466797,419.77001190185547,410.60001373291016,411.3399887084961,97139000,418.65001678466797
2018-07-12,413.49998474121094,413.49998474121094,416.7900085449219,407.79998779296875,415.1599884033203,127433000,413.49998474121094
2018-07-13,395.8000183105469,395.8000183105469,410.0,395.07999420166016,409.1899871826172,157190000,395.8000183105469
2018-07-16,400.4800033569336,400.4800033569336,403.3599853515625,391.74999237060547,398.97998809814453,229600000,400.4800033569336
2018-07-17,379.48001861572266,379.48001861572266,385.0,344.00001525878906,346.9499969482422,584104000,379.48001861572266
2018-07-18,375.1300048828125,375.1300048828125,383.12999725341797,372.36000061035156,381.24000549316406,217463000,375.1300048828125
2018-07-19,364.2300033569336,364.2300033569336,375.75000762939453,362.99999237060547,371.0599899291992,168787000,364.2300033569336
2018-07-20,361.0499954223633,361.0499954223633,370.49999237060547,360.13999938964844,364.92000579833984,150967000,361.0499954223633
2018-07-23,362.6599884033203,362.6599884033203,363.8999938964844,353.6000061035156,359.15000915527344,115052000,362.6599884033203
2018-07-24,357.31998443603516,357.31998443603516,367.40001678466797,354.5600128173828,366.94000244140625,128515000,357.31998443603516
2018-07-25,362.86998748779297,362.86998748779297,363.27999114990234,355.64998626708984,357.5699996948242,84678000,362.86998748779297
2018-07-26,363.08998107910156,363.08998107910156,365.5400085449219,356.6299819946289,358.19000244140625,69937000,363.08998107910156
2018-07-27,355.20999908447266,355.20999908447266,367.00000762939453,351.65000915527344,366.85001373291016,89495000,355.20999908447266
2018-07-30,334.9599838256836,334.9599838256836,352.02999114990234,334.02000427246094,351.9300079345703,182607000,334.9599838256836
2018-07-31,337.44998931884766,337.44998931884766,342.5,327.99999237060547,331.510009765625,140854000,337.44998931884766
2018-08-01,338.38001251220703,338.38001251220703,344.41001892089844,334.02000427246094,335.8700180053711,77905000,338.38001251220703
2018-08-02,344.50000762939453,344.50000762939453,345.0,334.7100067138672,337.22999572753906,71313000,344.50000762939453
2018-08-03,343.08998107910156,343.08998107910156,347.85999298095703,338.47999572753906,347.75001525878906,88484000,343.08998107910156
2018-08-06,350.9199905395508,350.9199905395508,351.98001861572266,341.73999786376953,342.86998748779297,81981000,350.9199905395508
2018-08-07,351.8299865722656,351.8299865722656,357.3099899291992,349.010009765625,353.23001861572266,79709000,351.8299865722656
2018-08-08,347.6100158691406,347.6100158691406,352.29000091552734,346.60999298095703,352.2100067138672,53947000,347.6100158691406
2018-08-09,349.3600082397461,349.3600082397461,352.4399948120117,345.82000732421875,347.9600143432617,48203000,349.3600082397461
2018-08-10,345.8700180053711,345.8700180053711,349.0999984741211,344.4200134277344,346.91001892089844,43284000,345.8700180053711
2018-08-13,341.3100051879883,341.3100051879883,347.1900177001953,339.0700149536133,339.8899841308594,68889000,341.3100051879883
2018-08-14,337.49000549316406,337.49000549316406,342.4100112915039,336.25,342.0899963378906,58052000,337.49000549316406
2018-08-15,326.3999938964844,326.3999938964844,335.49999237060547,320.99998474121094,334.0299987792969,117845000,326.3999938964844
2018-08-16,322.4399948120117,322.4399948120117,331.17000579833984,321.2099838256836,329.90001678466797,66897000,322.4399948120117
2018-08-17,316.7799949645996,316.7799949645996,324.37000274658203,312.9599952697754,319.0099906921387,104079000,316.7799949645996
2018-08-20,327.72998809814453,327.72998809814453,331.5999984741211,310.93000411987305,314.64000701904297,135911000,327.72998809814453
2018-08-21,338.01998138427734,338.01998138427734,341.50001525878906,329.70001220703125,330.99998474121094,147832000,338.01998138427734
2018-08-22,344.44000244140625,344.44000244140625,346.2099838256836,337.4100112915039,338.489990234375,89307000,344.44000244140625
2018-08-23,339.1699981689453,339.1699981689453,350.07999420166016,337.6499938964844,348.1100082397461,113364000,339.1699981689453
2018-08-24,358.8199996948242,358.8199996948242,359.15000915527344,344.5399856567383,345.99998474121094,147291000,358.8199996948242
2018-08-27,364.5800018310547,364.5800018310547,374.4900131225586,360.0,367.1500015258789,174273000,364.5800018310547
2018-08-28,368.489990234375,368.489990234375,369.99000549316406,360.3799819946289,367.22999572753906,92226000,368.489990234375
2018-08-29,368.0400085449219,368.0400085449219,369.86000061035156,362.9100036621094,367.20001220703125,81187000,368.0400085449219
2018-08-30,370.97999572753906,370.97999572753906,376.80999755859375,363.54000091552734,365.0,109810000,370.97999572753906
2018-08-31,367.68001556396484,367.68001556396484,375.99998474121094,367.0800018310547,370.66001892089844,79434000,367.68001556396484
2018-09-04,363.6000061035156,363.6000061035156,368.8800048828125,361.25999450683594,366.4699935913086,76052000,363.6000061035156
2018-09-05,341.1800003051758,341.1800003051758,363.39000701904297,335.8300018310547,360.0,130928000,341.1800003051758
2018-09-06,346.45999908447266,346.45999908447266,355.99998474121094,341.9900131225586,347.4399948120117,130502000,346.45999908447266
2018-09-07,348.6800003051758,348.6800003051758,355.75000762939453,341.25,342.20001220703125,91058000,348.6800003051758
2018-09-10,348.40999603271484,348.40999603271484,352.5,343.0799865722656,352.27001190185547,57522000,348.40999603271484
2018-09-11,355.9299850463867,355.9299850463867,356.15001678466797,343.8999938964844,344.6699905395508,61981000,355.9299850463867
2018-09-12,369.94998931884766,369.94998931884766,370.42999267578125,356.24000549316406,359.0800094604492,104808000,369.94998931884766
2018-09-13,368.14998626708984,368.14998626708984,374.09000396728516,366.83998107910156,371.91001892089844,83661000,368.14998626708984
2018-09-14,364.5600128173828,364.5600128173828,371.0900115966797,363.4600067138672,368.5499954223633,47564000,364.5600128173828
2018-09-17,350.3499984741211,350.3499984741211,367.33001708984375,349.57000732421875,364.22000885009766,70719000,350.3499984741211
2018-09-18,367.6499938964844,367.6499938964844,368.14998626708984,351.5599822998047,353.67000579833984,104140000,367.6499938964844
2018-09-19,366.9599914550781,366.9599914550781,377.6100158691406,359.1699981689453,373.9500045776367,118768000,366.9599914550781
2018-09-20,365.35999298095703,365.35999298095703,370.260009765625,363.1700134277344,370.260009765625,67681000,365.35999298095703
2018-09-21,361.1899948120117,361.1899948120117,372.2200012207031,360.7400131225586,366.59000396728516,119306000,361.1899948120117
2018-09-24,369.6099853515625,369.6099853515625,373.6399841308594,354.3299865722656,359.00001525878906,93225000,369.6099853515625
2018-09-25,369.4300079345703,369.4300079345703,371.3399887084961,364.4900131225586,370.22998809814453,67998000,369.4300079345703
2018-09-26,377.8799819946289,377.8799819946289,382.00000762939453,370.88001251220703,373.5900115966797,137997000,377.8799819946289
2018-09-27,380.7099914550781,380.7099914550781,383.1999969482422,375.99998474121094,379.8699951171875,73262000,380.7099914550781
2018-09-28,374.1299819946289,374.1299819946289,380.8000183105469,373.7300109863281,379.23999786376953,71149000,374.1299819946289
2018-10-01,381.43001556396484,381.43001556396484,386.11000061035156,375.58998107910156,375.84999084472656,83766000,381.43001556396484
2018-10-02,377.14000701904297,377.14000701904297,386.8000030517578,373.82999420166016,384.37999725341797,86387000,377.14000701904297
2018-10-03,377.0500183105469,377.0500183105469,380.9299850463867,374.87998962402344,378.5300064086914,57986000,377.0500183105469
2018-10-04,363.65001678466797,363.65001678466797,375.9199905395508,360.40000915527344,375.88001251220703,90744000,363.65001678466797
2018-10-05,351.34998321533203,351.34998321533203,363.49998474121094,342.99999237060547,359.77001190185547,135230000,351.34998321533203
2018-10-08,349.0999984741211,349.0999984741211,352.9499816894531,338.1100082397461,345.18001556396484,123755000,349.0999984741211
2018-10-09,355.7099914550781,355.7099914550781,358.7200164794922,347.0899963378906,348.47999572753906,87550000,355.7099914550781
2018-10-10,325.89000701904297,325.89000701904297,355.1499938964844,325.3900146484375,353.52001190185547,171831000,325.89000701904297
2018-10-11,321.1000061035156,321.1000061035156,334.1999816894531,315.8099937438965,324.9399948120117,160821000,321.1000061035156
2018-10-12,339.5600128173828,339.5600128173828,341.30001068115234,328.8999938964844,339.57000732421875,148708000,339.5600128173828
2018-10-15,333.12999725341797,333.12999725341797,339.2100143432617,326.9300079345703,337.6300048828125,112150000,333.12999725341797
2018-10-16,346.3999938964844,346.3999938964844,347.9499816894531,330.55999755859375,337.239990234375,201564000,346.3999938964844
2018-10-17,364.70001220703125,364.70001220703125,380.0,356.50001525878906,378.3300018310547,326109000,364.70001220703125
2018-10-18,346.7100143432617,346.7100143432617,362.20001220703125,346.0499954223633,360.6700134277344,184610000,346.7100143432617
2018-10-19,332.66998291015625,332.66998291015625,355.8000183105469,332.20001220703125,350.99998474121094,167172000,332.66998291015625
2018-10-22,329.5399856567383,329.5399856567383,335.8000183105469,320.34000396728516,333.10001373291016,170972000,329.5399856567383
2018-10-23,333.16001892089844,333.16001892089844,336.5800094604492,316.7700004577637,317.99999237060547,149073000,333.16001892089844
2018-10-24,301.83000564575195,301.83000564575195,332.99999237060547,300.7299995422363,332.2800064086914,190393000,301.83000564575195
2018-10-25,312.8700065612793,312.8700065612793,319.9399948120117,305.24999618530273,307.11999893188477,133469000,312.8700065612793
2018-10-26,299.8299980163574,299.8299980163574,313.9900016784668,292.2999954223633,300.51000595092773,196160000,299.8299980163574
2018-10-29,284.83999252319336,284.83999252319336,307.8899955749512,275.40000915527344,305.2599906921387,216988000,284.83999252319336
2018-10-30,285.8099937438965,285.8099937438965,290.5200004577637,271.2100028991699,275.5699920654297,236857000,285.8099937438965
2018-10-31,301.7799949645996,301.7799949645996,311.49999618530273,295.049991607666,297.77000427246094,203603000,301.7799949645996
2018-11-01,317.38000869750977,317.38000869750977,318.4499931335449,296.6699981689453,304.5899963378906,151215000,317.38000869750977
2018-11-02,309.0999984741211,309.0999984741211,321.87999725341797,308.3300018310547,317.99999237060547,134046000,309.0999984741211
2018-11-05,315.4400062561035,315.4400062561035,317.53000259399414,303.74000549316406,311.1000061035156,102830000,315.4400062561035
2018-11-06,310.8399963378906,310.8399963378906,320.2199935913086,305.3000068664551,314.7599983215332,97104000,310.8399963378906
2018-11-07,327.5,327.5,328.5599899291992,311.00000381469727,312.90000915527344,133283000,327.5
2018-11-08,317.9199981689453,317.9199981689453,332.0500183105469,316.60999298095703,327.99999237060547,110239000,317.9199981689453
2018-11-09,303.4700012207031,303.4700012207031,312.9800033569336,298.01000595092773,311.0700035095215,134808000,303.4700012207031
2018-11-12,294.06999588012695,294.06999588012695,302.49000549316406,290.62999725341797,300.0,109248000,294.06999588012695
2018-11-13,294.4000053405762,294.4000053405762,303.5499954223633,289.0999984741211,295.0,122322000,294.4000053405762
2018-11-14,286.7300033569336,286.7300033569336,301.8400001525879,278.29999923706055,300.40000915527344,168536000,286.7300033569336
2018-11-15,290.0600051879883,290.0600051879883,292.5,282.15999603271484,285.51000595092773,99671000,290.0600051879883
2018-11-16,286.2100028991699,286.2100028991699,291.72000885009766,281.00000381469727,287.14000701904297,90995000,286.2100028991699
2018-11-19,270.5999946594238,270.5999946594238,285.0900077819824,269.15000915527344,283.7899971008301,129938000,270.5999946594238
2018-11-20,266.9799995422363,266.9799995422363,276.3400077819824,250.0,254.6299934387207,166938000,266.9799995422363
2018-11-21,262.1299934387207,262.1299934387207,275.34000396728516,261.5099906921387,274.41999435424805,110230000,262.1299934387207
2018-11-23,258.8199996948242,258.8199996948242,265.49999237060547,256.8400001525879,260.1099967956543,52451000,258.8199996948242
2018-11-26,261.4299964904785,261.4299964904785,266.25,253.79999160766602,260.5500030517578,124986000,261.4299964904785
2018-11-27,266.63000106811523,266.63000106811523,269.0800094604492,256.1400032043457,259.23999786376953,111495000,266.63000106811523
2018-11-28,282.6499938964844,282.6499938964844,283.99999618530273,263.3399963378906,271.9799995422363,148013000,282.6499938964844
2018-11-29,288.75,288.75,290.48999786376953,275.49999237060547,282.3200035095215,154315000,288.75
2018-11-30,286.13000869750977,286.13000869750977,290.8099937438965,283.05999755859375,287.99999237060547,118601000,286.13000869750977
2018-12-03,290.3000068664551,290.3000068664551,298.71999740600586,284.5800018310547,293.19000244140625,141174000,290.3000068664551
2018-12-04,275.3300094604492,275.3300094604492,295.73999404907227,274.7200012207031,288.12999725341797,128006000,275.3300094604492
2018-12-06,282.88000106811523,282.88000106811523,283.2200050354004,267.14000701904297,268.3300018310547,130743000,282.88000106811523
2018-12-07,265.13999938964844,265.13999938964844,284.2099952697754,263.3799934387207,282.4799919128418,124667000,265.13999938964844
2018-12-10,269.6999931335449,269.6999931335449,271.1800003051758,260.6100082397461,264.1900062561035,96056000,269.6999931335449
2018-12-11,265.31999588012695,265.31999588012695,274.50000762939453,262.7599906921387,274.0800094604492,98432000,265.31999588012695
2018-12-12,274.88000869750977,274.88000869750977,281.7700004577637,266.48000717163086,267.66000747680664,114567000,274.88000869750977
2018-12-13,276.01999282836914,276.01999282836914,279.3199920654297,271.8499946594238,277.63999938964844,83793000,276.01999282836914
2018-12-14,266.8400001525879,266.8400001525879,277.6700019836426,265.0,271.80999755859375,99153000,266.8400001525879
2018-12-17,262.8000068664551,262.8000068664551,272.9800033569336,261.0799980163574,266.5099906921387,96347000,262.8000068664551
2018-12-18,270.939998626709,270.939998626709,275.75000762939453,263.2900047302246,263.29999923706055,103501000,270.939998626709
2018-12-19,266.7700004577637,266.7700004577637,280.86999893188477,263.7700080871582,269.9600028991699,137884000,266.7700004577637
2018-12-20,260.58000564575195,260.58000564575195,269.89999771118164,251.87999725341797,264.64000701904297,167929000,260.58000564575195
2018-12-21,246.38999938964844,246.38999938964844,264.50000762939453,241.28999710083008,263.82999420166016,213976000,246.38999938964844
2018-12-24,233.8800048828125,233.8800048828125,250.65000534057617,233.68000030517578,242.00000762939453,95476000,233.8800048828125
2018-12-26,253.67000579833984,253.67000579833984,254.50000762939453,231.2299919128418,233.92000198364258,144027000,253.67000579833984
2018-12-27,255.5699920654297,255.5699920654297,255.5900001525879,240.10000228881836,250.1099967956543,122352000,255.5699920654297
2018-12-28,256.0799980163574,256.0799980163574,261.9099998474121,249.79999542236328,257.9400062561035,109928000,256.0799980163574
2018-12-31,267.66000747680664,267.66000747680664,270.10000228881836,260.0,260.16000747680664,135089000,267.66000747680664
2019-01-02,267.66000747680664,267.66000747680664,269.75000381469727,256.5800094604492,259.2799949645996,116795000,267.66000747680664
2019-01-03,271.200008392334,271.200008392334,275.7900047302246,264.4300079345703,270.2000045776367,149696000,271.200008392334
2019-01-04,297.5699996948242,297.5699996948242,297.8000068664551,278.54000091552734,281.87999725341797,193301000,297.5699996948242
2019-01-07,315.34000396728516,315.34000396728516,316.8000030517578,301.65000915527344,302.09999084472656,186201000,315.34000396728516
2019-01-08,320.27000427246094,320.27000427246094,320.58998107910156,308.01000595092773,319.9799919128418,153592000,320.27000427246094
2019-01-09,319.9600028991699,319.9600028991699,323.34999084472656,313.50000381469727,317.70999908447266,133432000,319.9600028991699
2019-01-10,324.65999603271484,324.65999603271484,325.36998748779297,312.5,314.57000732421875,134725000,324.65999603271484
2019-01-11,337.5899887084961,337.5899887084961,341.0900115966797,328.52001190185547,330.9600067138672,195004000,337.5899887084961
2019-01-14,332.9399871826172,332.9399871826172,335.4800033569336,329.1299819946289,334.23999786376953,104996000,332.9399871826172
2019-01-15,354.64000701904297,354.64000701904297,357.2200012207031,347.00000762939453,349.59999084472656,211812000,354.64000701904297
2019-01-16,351.38999938964844,351.38999938964844,358.84998321533203,348.1100082397461,354.00001525878906,153855000,351.38999938964844
2019-01-17,353.19000244140625,353.19000244140625,355.7899856567383,346.4099884033203,349.50000762939453,188712000,353.19000244140625
2019-01-18,339.0999984741211,339.0999984741211,352.99999237060547,336.7300033569336,351.96998596191406,266210000,339.0999984741211
2019-01-22,325.1599884033203,325.1599884033203,336.87999725341797,321.0300064086914,334.8899841308594,179414000,325.1599884033203
2019-01-23,321.9900131225586,321.9900131225586,331.74999237060547,318.6000061035156,328.25000762939453,134801000,321.9900131225586
2019-01-24,326.6699981689453,326.6699981689453,331.8000030517578,318.99999618530273,320.60001373291016,111316000,326.6699981689453
2019-01-25,338.0500030517578,338.0500030517578,340.0,328.51001739501953,328.7200164794922,111529000,338.0500030517578
2019-01-28,335.66001892089844,335.66001892089844,336.30001068115234,328.8800048828125,334.70001220703125,86521000,335.66001892089844
2019-01-29,328.8999938964844,328.8999938964844,338.21998596191406,328.14998626708984,335.8700180053711,76552000,328.8999938964844
2019-01-30,340.66001892089844,340.66001892089844,341.78001403808594,330.8000183105469,332.75001525878906,92345000,340.66001892089844
2019-01-31,339.50000762939453,339.50000762939453,345.989990234375,338.08998107910156,339.6799850463867,85355000,339.50000762939453
2019-02-01,339.8500061035156,339.8500061035156,346.83998107910156,336.50001525878906,337.1799850463867,98278000,339.8500061035156
2019-02-04,351.3399887084961,351.3399887084961,352.00000762939453,341.30001068115234,342.59998321533203,90514000,351.3399887084961
2019-02-05,355.8100128173828,355.8100128173828,360.0,352.90000915527344,353.1999969482422,90466000,355.8100128173828
2019-02-06,352.1900177001953,352.1900177001953,357.0399856567383,347.1900177001953,357.00000762939453,67177000,352.1900177001953
2019-02-07,344.7100067138672,344.7100067138672,348.75,339.02000427246094,347.90000915527344,78645000,344.7100067138672
2019-02-08,347.5699996948242,347.5699996948242,347.99999237060547,337.99999237060547,337.99999237060547,75614000,347.5699996948242
2019-02-11,345.73001861572266,345.73001861572266,352.86998748779297,344.8099899291992,350.0,54549000,345.73001861572266
2019-02-12,359.9700164794922,359.9700164794922,360.0,346.52000427246094,348.08998107910156,104294000,359.9700164794922
2019-02-13,351.76998138427734,351.76998138427734,359.59999084472656,350.2799987792969,357.2999954223633,105591000,351.76998138427734
2019-02-14,359.0700149536133,359.0700149536133,360.4499816894531,348.3300018310547,351.74999237060547,92953000,359.0700149536133
2019-02-15,356.87000274658203,356.87000274658203,364.39998626708984,355.49999237060547,358.4700012207031,92300000,356.87000274658203
2019-02-19,361.9200134277344,361.9200134277344,365.0,355.3200149536133,355.8000183105469,73966000,361.9200134277344
2019-02-20,359.9100112915039,359.9100112915039,366.7100143432617,356.6999816894531,364.8500061035156,81107000,359.9100112915039
2019-02-21,356.96998596191406,356.96998596191406,362.8499984741211,353.8800048828125,360.0299835205078,62279000,356.96998596191406
2019-02-22,363.01998138427734,363.01998138427734,366.12998962402344,360.05001068115234,360.34000396728516,70882000,363.01998138427734
2019-02-25,363.9099884033203,363.9099884033203,371.48998260498047,363.7900161743164,367.01000213623047,75693000,363.9099884033203
2019-02-26,364.9700164794922,364.9700164794922,365.6999969482422,359.3299865722656,362.9800033569336,49446000,364.9700164794922
2019-02-27,362.86998748779297,362.86998748779297,368.03001403808594,359.7999954223633,363.49998474121094,56299000,362.86998748779297
2019-02-28,358.10001373291016,358.10001373291016,366.38999938964844,357.70999908447266,362.4700164794922,61868000,358.10001373291016
2019-03-01,357.31998443603516,357.31998443603516,362.86998748779297,354.6900177001953,362.26001739501953,55265000,357.31998443603516
2019-03-04,351.04000091552734,351.04000091552734,362.24998474121094,348.0400085449219,359.7200012207031,74870000,351.04000091552734
2019-03-05,354.3000030517578,354.3000030517578,356.17000579833984,348.25000762939453,351.45999908447266,59378000,354.3000030517578
2019-03-06,359.6099853515625,359.6099853515625,359.87998962402344,351.6999816894531,353.6000061035156,62119000,359.6099853515625
2019-03-07,352.59998321533203,352.59998321533203,362.85999298095703,350.49999237060547,360.1599884033203,61513000,352.59998321533203
2019-03-08,349.59999084472656,349.59999084472656,349.92000579833984,342.4700164794922,345.75000762939453,68988000,349.59999084472656
2019-03-11,358.8600158691406,358.8600158691406,358.97998809814453,350.0299835205078,352.00000762939453,53873000,358.8600158691406
2019-03-12,356.2699890136719,356.2699890136719,360.1300048828125,353.80001068115234,359.37000274658203,51646000,356.2699890136719
2019-03-13,361.2099838256836,361.2099838256836,362.4800109863281,352.77000427246094,355.8100128173828,64441000,361.2099838256836
2019-03-14,358.8199996948242,358.8199996948242,363.8399887084961,358.10001373291016,360.49999237060547,52714000,358.8199996948242
2019-03-15,361.45999908447266,361.45999908447266,364.00001525878906,358.88999938964844,361.02001190185547,84445000,361.45999908447266
2019-03-18,363.4400177001953,363.4400177001953,370.9700012207031,361.8600082397461,362.4700164794922,71947000,363.4400177001953
2019-03-19,358.7799835205078,358.7799835205078,366.9599914550781,356.8000030517578,366.3999938964844,75414000,358.7799835205078
2019-03-20,375.2199935913086,375.2199935913086,375.9000015258789,357.01000213623047,358.9099884033203,109172000,375.2199935913086
2019-03-21,377.86998748779297,377.86998748779297,379.00001525878906,370.6100082397461,374.00001525878906,85440000,377.86998748779297
2019-03-22,361.01001739501953,361.01001739501953,376.43001556396484,360.0400161743164,375.95001220703125,86613000,361.01001739501953
2019-03-25,366.2300109863281,366.2300109863281,367.0399856567383,357.4399948120117,359.00001525878906,84738000,366.2300109863281
2019-03-26,359.9700164794922,359.9700164794922,368.38001251220703,358.01998138427734,367.86998748779297,76665000,359.9700164794922
2019-03-27,353.3700180053711,353.3700180053711,362.4700164794922,350.36998748779297,360.99998474121094,78524000,353.3700180053711
2019-03-28,354.6099853515625,354.6099853515625,355.9400177001953,349.1999816894531,354.4900131225586,43610000,354.6099853515625
2019-03-29,356.5599822998047,356.5599822998047,358.25000762939453,353.7099838256836,357.15999603271484,47056000,356.5599822998047
2019-04-01,366.9599914550781,366.9599914550781,368.3300018310547,358.51001739501953,359.00001525878906,70361000,366.9599914550781
2019-04-02,367.7199935913086,367.7199935913086,368.4199905395508,362.2200012207031,366.25,51587000,367.7199935913086
2019-04-03,369.74998474121094,369.74998474121094,373.40999603271484,366.1899948120117,369.2599868774414,53689000,369.74998474121094
2019-04-04,367.8799819946289,367.8799819946289,372.0500183105469,362.40001678466797,370.0699996948242,46273000,367.8799819946289
2019-04-05,365.48999786376953,365.48999786376953,369.7999954223633,364.65999603271484,369.00001525878906,39055000,365.48999786376953
2019-04-08,361.4099884033203,361.4099884033203,365.9400177001953,359.9300003051758,365.1100158691406,46538000,361.4099884033203
2019-04-09,364.7100067138672,364.7100067138672,366.73999786376953,359.00001525878906,360.5400085449219,54392000,364.7100067138672
2019-04-10,363.91998291015625,363.91998291015625,368.84998321533203,362.24998474121094,365.7899856567383,45456000,363.91998291015625
2019-04-11,367.6499938964844,367.6499938964844,370.12001037597656,360.8100128173828,365.0,65269000,367.6499938964844
2019-04-12,351.1399841308594,351.1399841308594,361.74999237060547,349.3600082397461,360.69000244140625,156462000,351.1399841308594
2019-04-15,348.87001037597656,348.87001037597656,352.2100067138672,342.27001190185547,350.7099914550781,88423000,348.87001037597656
2019-04-16,359.4599914550781,359.4599914550781,364.48001861572266,352.7199935913086,355.0,187402000,359.4599914550781
2019-04-17,354.739990234375,354.739990234375,368.75999450683594,350.60001373291016,365.05001068115234,180541000,354.739990234375
2019-04-18,360.3499984741211,360.3499984741211,360.4100036621094,351.6400146484375,355.0,83532000,360.3499984741211
2019-04-22,377.3400115966797,377.3400115966797,377.6900100708008,359.00001525878906,359.70001220703125,119805000,377.3400115966797
2019-04-23,381.8899917602539,381.8899917602539,384.7999954223633,374.7100067138672,375.4499816894531,100898000,381.8899917602539
2019-04-24,374.2300033569336,374.2300033569336,381.89998626708984,373.2699966430664,381.06998443603516,65419000,374.2300033569336
2019-04-25,368.3300018310547,368.3300018310547,374.76001739501953,365.6999969482422,374.4900131225586,62555000,368.3300018310547
2019-04-26,374.8500061035156,374.8500061035156,375.13999938964844,366.24000549316406,368.34999084472656,56219000,374.8500061035156
2019-04-29,371.8299865722656,371.8299865722656,374.5800018310547,369.11998748779297,373.6800003051758,38217000,371.8299865722656
2019-04-30,370.5400085449219,370.5400085449219,374.50000762939453,368.34999084472656,369.5600128173828,38701000,370.5400085449219
2019-05-01,378.8100051879883,378.8100051879883,385.989990234375,373.1700134277344,374.00001525878906,92573000,378.8100051879883
2019-05-02,379.0599822998047,379.0599822998047,383.49998474121094,374.51000213623047,377.99999237060547,53982000,379.0599822998047
2019-05-03,385.0299835205078,385.0299835205078,385.0299835205078,378.2699966430664,381.5299987792969,51303000,385.0299835205078
2019-05-06,378.67000579833984,378.67000579833984,381.34998321533203,375.99998474121094,377.6900100708008,57931000,378.67000579833984
2019-05-07,370.4600143432617,370.4600143432617,379.9100112915039,365.8100128173828,377.00000762939453,69749000,370.4600143432617
2019-05-08,364.37000274658203,364.37000274658203,369.00001525878906,361.3600158691406,367.9199981689453,65720000,364.37000274658203
2019-05-09,362.75001525878906,362.75001525878906,364.1999816894531,352.75001525878906,360.9000015258789,58826000,362.75001525878906
2019-05-10,361.04000091552734,361.04000091552734,365.260009765625,353.05999755859375,361.61998748779297,56571000,361.04000091552734
2019-05-13,345.260009765625,345.260009765625,354.2599868774414,343.10001373291016,352.29000091552734,80267000,345.260009765625
2019-05-14,345.6100082397461,345.6100082397461,349.94998931884766,342.5,348.7099838256836,53530000,345.6100082397461
2019-05-15,354.99000549316406,354.99000549316406,356.50001525878906,341.38999938964844,343.3399963378906,63401000,354.99000549316406
2019-05-16,359.30999755859375,359.30999755859375,364.00001525878906,353.9400100708008,356.37001037597656,64415000,359.30999755859375
2019-05-17,354.4499969482422,354.4499969482422,359.6200180053711,353.7900161743164,356.38999938964844,47254000,354.4499969482422
2019-05-20,348.1100082397461,348.1100082397461,352.42000579833984,345.40000915527344,351.2300109863281,46215000,348.1100082397461
2019-05-21,354.26998138427734,354.26998138427734,356.43001556396484,349.9300003051758,350.95001220703125,40264000,354.26998138427734
2019-05-22,359.72999572753906,359.72999572753906,370.4600143432617,357.2999954223633,358.0099868774414,62294000,359.72999572753906
2019-05-23,352.2100067138672,352.2100067138672,357.42000579833984,347.7000045776367,355.49999237060547,56304000,352.2100067138672
2019-05-24,354.3899917602539,354.3899917602539,359.44000244140625,353.7900161743164,355.4100036621094,38310000,354.3899917602539
2019-05-28,355.0600051879883,355.0600051879883,361.19998931884766,353.65001678466797,354.3899917602539,47171000,355.0600051879883
2019-05-29,349.1899871826172,349.1899871826172,353.84998321533203,345.9000015258789,353.6000061035156,56589000,349.1899871826172
2019-05-30,351.85001373291016,351.85001373291016,354.2100143432617,348.3000183105469,350.5500030517578,40080000,351.85001373291016
2019-05-31,343.27999114990234,343.27999114990234,349.33998107910156,342.9199981689453,347.2200012207031,50234000,343.27999114990234
2019-06-03,336.6299819946289,336.6299819946289,347.6599884033203,332.6499938964844,343.5599899291992,78496000,336.6299819946289
2019-06-04,353.4000015258789,353.4000015258789,353.61000061035156,343.25000762939453,345.0,78916000,353.4000015258789
2019-06-05,355.73001861572266,355.73001861572266,357.8799819946289,348.7099838256836,354.37999725341797,50201000,355.73001861572266
2019-06-06,357.13001251220703,357.13001251220703,358.2099914550781,352.0899963378906,354.8400115966797,37100000,357.13001251220703
2019-06-07,360.8700180053711,360.8700180053711,365.1499938964844,355.69000244140625,357.3899841308594,47773000,360.8700180053711
2019-06-10,352.01000213623047,352.01000213623047,367.09999084472656,349.2900085449219,363.65001678466797,78103000,352.01000213623047
2019-06-11,351.2699890136719,351.2699890136719,357.57999420166016,348.49998474121094,355.0,53967000,351.2699890136719
2019-06-12,345.55999755859375,345.55999755859375,353.61000061035156,343.23001861572266,351.8199920654297,45847000,345.55999755859375
2019-06-13,343.4299850463867,343.4299850463867,348.49998474121094,339.24999237060547,347.22999572753906,62093000,343.4299850463867
2019-06-14,339.72999572753906,339.72999572753906,343.4000015258789,336.1600112915039,341.6299819946289,50190000,339.72999572753906
2019-06-17,350.62000274658203,350.62000274658203,351.76998138427734,342.0600128173828,342.6900100708008,53582000,350.62000274658203
2019-06-18,357.1200180053711,357.1200180053711,361.50001525878906,353.75,355.5699920654297,54285000,357.1200180053711
2019-06-19,363.52001190185547,363.52001190185547,364.739990234375,356.1199951171875,361.72000885009766,56672000,363.52001190185547
2019-06-20,365.20999908447266,365.20999908447266,370.12001037597656,361.2200164794922,365.90999603271484,58995000,365.20999908447266
2019-06-21,369.2100143432617,369.2100143432617,371.4500045776367,365.0,365.0,74484000,369.2100143432617
2019-06-24,371.04000091552734,371.04000091552734,375.0,370.2000045776367,370.27000427246094,48302000,371.04000091552734
2019-06-25,360.29998779296875,360.29998779296875,370.99998474121094,358.2899856567383,370.75000762939453,57504000,360.29998779296875
2019-06-26,362.20001220703125,362.20001220703125,366.7900085449219,361.5999984741211,361.5999984741211,36697000,362.20001220703125
2019-06-27,370.0199890136719,370.0199890136719,370.84999084472656,363.1999969482422,363.1999969482422,41386000,370.0199890136719
2019-06-28,367.31998443603516,367.31998443603516,371.5399932861328,364.8699951171875,370.260009765625,45927000,367.31998443603516
2019-07-01,374.59999084472656,374.59999084472656,376.6600036621094,372.00000762939453,373.49998474121094,49926000,374.59999084472656
2019-07-02,375.42999267578125,375.42999267578125,375.99998474121094,370.3099822998047,374.8899841308594,36250000,375.42999267578125
2019-07-03,381.72000885009766,381.72000885009766,381.9900131225586,375.8399963378906,376.6899871826172,37990000,381.72000885009766
2019-07-05,380.5500030517578,380.5500030517578,381.3999938964844,375.55999755859375,378.2899856567383,37322000,380.5500030517578
2019-07-08,376.1600112915039,376.1600112915039,378.25000762939453,375.35999298095703,378.19000244140625,31134000,376.1600112915039
2019-07-09,379.9300003051758,379.9300003051758,384.76001739501953,377.5,379.0599822998047,69328000,379.9300003051758
2019-07-10,380.99998474121094,380.99998474121094,384.33998107910156,362.68001556396484,382.77000427246094,58788000,380.99998474121094
2019-07-11,379.50000762939453,379.50000762939453,384.5399856567383,378.80001068115234,381.1000061035156,43363000,379.50000762939453
2019-07-12,373.25000762939453,373.25000762939453,379.739990234375,372.7899932861328,378.6800003051758,66369000,373.25000762939453
2019-07-15,366.5999984741211,366.5999984741211,373.6800003051758,362.2999954223633,372.9399871826172,79447000,366.5999984741211
2019-07-16,365.989990234375,365.989990234375,371.3399887084961,364.92000579833984,370.0899887084961,58632000,365.989990234375
2019-07-17,362.4399948120117,362.4399948120117,366.50001525878906,361.74999237060547,366.25,136395000,362.4399948120117
2019-07-18,325.20999908447266,325.20999908447266,329.8500061035156,320.29998779296875,323.75999450683594,312871000,325.20999908447266
2019-07-19,315.10000228881836,315.10000228881836,325.84999084472656,314.2300033569336,323.4000015258789,163025000,315.10000228881836
2019-07-22,310.62000274658203,310.62000274658203,314.5400047302246,305.8099937438965,312.00000762939453,177180000,310.62000274658203
2019-07-23,307.2999954223633,307.2999954223633,313.50000381469727,306.00000381469727,311.43999099731445,91711000,307.2999954223633
2019-07-24,317.9400062561035,317.9400062561035,319.99000549316406,307.25000381469727,310.51000595092773,119618000,317.9400062561035
2019-07-25,326.45999908447266,326.45999908447266,327.6900100708008,316.299991607666,318.8599967956543,107985000,326.45999908447266
2019-07-26,335.77999114990234,335.77999114990234,335.99998474121094,327.5,328.7900161743164,108475000,335.77999114990234
2019-07-29,332.7000045776367,332.7000045776367,336.3999938964844,328.7699890136719,335.97999572753906,57828000,332.7000045776367
2019-07-30,325.9299850463867,325.9299850463867,329.6500015258789,323.23001861572266,329.1999816894531,60293000,325.9299850463867
2019-07-31,322.98999786376953,322.98999786376953,331.76998138427734,318.5300064086914,325.1599884033203,62595000,322.98999786376953
2019-08-01,319.50000762939453,319.50000762939453,328.58001708984375,318.74000549316406,324.24999237060547,65632000,319.50000762939453
2019-08-02,318.82999420166016,318.82999420166016,319.4099998474121,311.8000030517578,317.49000549316406,62803000,318.82999420166016
2019-08-05,307.6300048828125,307.6300048828125,313.4199905395508,304.68000411987305,310.9600067138672,86925000,307.6300048828125
2019-08-06,310.10000228881836,310.10000228881836,311.87999725341797,305.3000068664551,310.58000564575195,61791000,310.10000228881836
2019-08-07,304.2900085449219,304.2900085449219,305.0,296.80999755859375,302.5600051879883,93224000,304.2900085449219
2019-08-08,315.9000015258789,315.9000015258789,316.3599967956543,306.63000106811523,311.0300064086914,59059000,315.9000015258789
2019-08-09,308.9299964904785,308.9299964904785,316.6399955749512,305.6800079345703,313.74000549316406,53491000,308.9299964904785
2019-08-12,310.8300018310547,310.8300018310547,312.8899955749512,303.23999404907227,305.4599952697754,65317000,310.8300018310547
2019-08-13,312.2800064086914,312.2800064086914,316.4299964904785,308.1599998474121,309.76999282836914,52894000,312.2800064086914
2019-08-14,299.10999298095703,299.10999298095703,308.40999603271484,298.01000595092773,308.01000595092773,73558000,299.10999298095703
2019-08-15,295.76000213623047,295.76000213623047,300.62999725341797,287.99999237060547,299.50000762939453,96292000,295.76000213623047
2019-08-16,302.8000068664551,302.8000068664551,303.5499954223633,296.2700080871582,298.8599967956543,69058000,302.8000068664551
2019-08-19,309.37999725341797,309.37999725341797,311.74999237060547,304.75000381469727,306.25,49422000,309.37999725341797
2019-08-20,298.9900016784668,298.9900016784668,305.0,297.6799964904785,304.57000732421875,73499000,298.9900016784668
2019-08-21,297.810001373291,297.810001373291,302.88000106811523,296.200008392334,301.60999298095703,56854000,297.810001373291
2019-08-22,296.9300079345703,296.9300079345703,300.3300094604492,293.1500053405762,298.64999771118164,49742000,296.9300079345703
2019-08-23,291.43999099731445,291.43999099731445,299.0099906921387,290.31999588012695,295.0,63249000,291.43999099731445
2019-08-26,294.9799919128418,294.9799919128418,296.9499969482422,292.5,295.2400016784668,46957000,294.9799919128418
2019-08-27,291.0300064086914,291.0300064086914,296.7700004577637,287.1999931335449,294.5400047302246,63094000,291.0300064086914
2019-08-28,291.7700004577637,291.7700004577637,292.81999588012695,287.74999618530273,289.4700050354004,39557000,291.7700004577637
2019-08-29,296.7799949645996,296.7799949645996,299.9300003051758,294.99000549316406,295.0,43885000,296.7799949645996
2019-08-30,293.75,293.75,298.93999099731445,290.84999084472656,298.78000259399414,44464000,293.75
2019-09-03,289.2900085449219,289.2900085449219,293.8999938964844,288.05999755859375,290.82000732421875,36828000,289.2900085449219
2019-09-04,291.52000427246094,291.52000427246094,292.38000869750977,286.5099906921387,291.25,46525000,291.52000427246094
2019-09-05,293.25000762939453,293.25000762939453,293.9699935913086,282.7899932861328,285.31999588012695,89668000,293.25000762939453
2019-09-06,290.1700019836426,290.1700019836426,293.34999084472656,287.02999114990234,293.34999084472656,51666000,290.1700019836426
2019-09-09,294.3400001525879,294.3400001525879,301.5500068664551,290.5999946594238,294.81000900268555,82327000,294.3400001525879
2019-09-10,287.98999786376953,287.98999786376953,297.1699905395508,282.66000747680664,291.1599922180176,123202000,287.98999786376953
2019-09-11,288.2699966430664,288.2699966430664,292.6499938964844,284.6100044250488,285.6999969482422,74059000,288.2699966430664
2019-09-12,288.8599967956543,288.8599967956543,292.73000717163086,286.5999984741211,288.0999946594238,50109000,288.8599967956543
2019-09-13,294.15000915527344,294.15000915527344,296.6200065612793,290.0399971008301,290.6100082397461,65831000,294.15000915527344
2019-09-16,294.2900085449219,294.2900085449219,297.4300003051758,289.7800064086914,294.2300033569336,53074000,294.2900085449219
2019-09-17,298.6000061035156,298.6000061035156,299.15000915527344,291.7900085449219,294.50000762939453,47771000,298.6000061035156
2019-09-18,291.560001373291,291.560001373291,296.0499954223633,287.450008392334,294.99000549316406,78111000,291.560001373291
2019-09-19,286.5999984741211,286.5999984741211,293.8100051879883,283.4000015258789,291.560001373291,84613000,286.5999984741211
2019-09-20,270.75000762939453,270.75000762939453,282.5,266.00000381469727,280.2599906921387,238328000,270.75000762939453
2019-09-23,265.9199905395508,265.9199905395508,273.39000701904297,261.8899917602539,268.34999084472656,134786000,265.9199905395508
2019-09-24,254.58999633789062,254.58999633789062,265.0,252.2800064086914,262.5,163382000,254.58999633789062
2019-09-25,264.75000381469727,264.75000381469727,266.5999984741211,253.70000839233398,255.70999145507812,116438000,264.75000381469727
2019-09-26,263.3099937438965,263.3099937438965,268.0500030517578,260.2000045776367,266.4200019836426,76840000,263.3099937438965
2019-09-27,263.08000564575195,263.08000564575195,267.4399948120117,260.3899955749512,266.1800003051758,73283000,263.08000564575195
2019-09-30,267.61999130249023,267.61999130249023,268.8800048828125,262.7799987792969,263.99999618530273,67272000,267.61999130249023
2019-10-01,269.5800018310547,269.5800018310547,272.1999931335449,264.0299987792969,267.3500061035156,86503000,269.5800018310547
2019-10-02,268.0299949645996,268.0299949645996,269.3499946594238,262.189998626709,263.61000061035156,76591000,268.0299949645996
2019-10-03,268.1500053405762,268.1500053405762,268.8400077819824,257.01000213623047,267.7799987792969,89510000,268.1500053405762
2019-10-04,272.7899932861328,272.7899932861328,275.4800033569336,266.4699935913086,268.1999969482422,98904000,272.7899932861328
2019-10-07,274.4599914550781,274.4599914550781,276.67999267578125,271.28000259399414,271.98999404907227,65256000,274.4599914550781
2019-10-08,270.7200050354004,270.7200050354004,275.5299949645996,270.6399917602539,273.0299949645996,62764000,270.7200050354004
2019-10-09,267.53000259399414,267.53000259399414,271.00000381469727,264.57000732421875,270.0200080871582,67944000,267.53000259399414
2019-10-10,280.4800033569336,280.4800033569336,280.5299949645996,265.03000259399414,265.9700012207031,108091000,280.4800033569336
2019-10-11,282.92999267578125,282.92999267578125,287.8700065612793,282.33999252319336,284.7999954223633,87861000,282.92999267578125
2019-10-14,285.5299949645996,285.5299949645996,286.9300079345703,282.00000762939453,283.9299964904785,55132000,285.5299949645996
2019-10-15,284.24999237060547,284.24999237060547,285.86999893188477,279.4000053405762,283.8199996948242,76856000,284.24999237060547
2019-10-16,286.28000259399414,286.28000259399414,288.16999435424805,280.73999404907227,283.12000274658203,161759000,286.28000259399414
2019-10-17,293.34999084472656,293.34999084472656,308.75,288.29999923706055,304.48999404907227,382589000,293.34999084472656
2019-10-18,275.3000068664551,275.3000068664551,290.9000015258789,273.3600044250488,289.3600082397461,234299000,275.3000068664551
2019-10-21,278.0500030517578,278.0500030517578,279.9399948120117,268.99999618530273,272.8899955749512,125992000,278.0500030517578
2019-10-22,266.6900062561035,266.6900062561035,275.4100036621094,265.79999923706055,271.1599922180176,118024000,266.6900062561035
2019-10-23,271.2700080871582,271.2700080871582,273.9200019836426,266.63000106811523,268.05999755859375,71335000,271.2700080871582
2019-10-24,271.49999618530273,271.49999618530273,274.02000427246094,268.799991607666,271.80999755859375,48274000,271.49999618530273
2019-10-25,276.8199920654297,276.8199920654297,277.77000427246094,270.1799964904785,270.6800079345703,47478000,276.8199920654297
2019-10-28,281.8600082397461,281.8600082397461,285.75000762939453,277.3500061035156,278.0500030517578,62484000,281.8600082397461
2019-10-29,281.2100028991699,281.2100028991699,284.4099998474121,277.549991607666,281.87000274658203,43562000,281.2100028991699
2019-10-30,291.4500045776367,291.4500045776367,293.4900093078613,282.99999237060547,284.3400001525879,93456000,291.4500045776367
2019-10-31,287.4099922180176,287.4099922180176,291.4500045776367,284.7800064086914,291.00000381469727,50900000,287.4099922180176
2019-11-01,286.80999755859375,286.80999755859375,289.1200065612793,283.0200004577637,288.700008392334,55943000,286.80999755859375
2019-11-04,292.85999298095703,292.85999298095703,295.3899955749512,287.15999603271484,287.99999237060547,55662000,292.85999298095703
2019-11-05,288.0299949645996,288.0299949645996,291.1899948120117,286.3100051879883,289.99000549316406,40624000,288.0299949645996
2019-11-06,288.58999252319336,288.58999252319336,290.55999755859375,285.8399963378906,288.19000244140625,34383000,288.58999252319336
2019-11-07,289.57000732421875,289.57000732421875,298.19000244140625,288.2699966430664,290.6999969482422,59285000,289.57000732421875
2019-11-08,291.56999588012695,291.56999588012695,293.9900016784668,287.50999450683594,288.7299919128418,45090000,291.56999588012695
2019-11-11,294.17999267578125,294.17999267578125,296.3599967956543,288.50000381469727,289.1600036621094,39443000,294.17999267578125
2019-11-12,292.01000213623047,292.01000213623047,295.3499984741211,288.700008392334,295.31999588012695,57728000,292.01000213623047
2019-11-13,283.1100082397461,283.1100082397461,293.40999603271484,281.1400032043457,291.0300064086914,91589000,283.1100082397461
2019-11-14,289.61999893188477,289.61999893188477,290.62999725341797,283.2200050354004,283.25000762939453,65290000,289.61999893188477
2019-11-15,295.03000259399414,295.03000259399414,295.82000732421875,287.5699996948242,290.5900001525879,63338000,295.03000259399414
2019-11-18,302.5699996948242,302.5699996948242,304.99000549316406,293.27999114990234,296.00000381469727,86166000,302.5699996948242
2019-11-19,302.60000228881836,302.60000228881836,305.66999435424805,298.51999282836914,304.0099906921387,59180000,302.60000228881836
2019-11-20,305.16000747680664,305.16000747680664,308.25000762939453,301.00000381469727,301.0099983215332,51118000,305.16000747680664
2019-11-21,311.6900062561035,311.6900062561035,312.68999099731445,304.26000595092773,306.00000381469727,74884000,311.6900062561035
2019-11-22,310.4800033569336,310.4800033569336,311.3999938964844,304.4099998474121,309.0999984741211,59701000,310.4800033569336
2019-11-25,315.5500030517578,315.5500030517578,315.7299995422363,305.24999618530273,308.82999420166016,78739000,315.5500030517578
2019-11-26,312.49000549316406,312.49000549316406,316.49999618530273,311.6900062561035,315.0,53210000,312.49000549316406
2019-11-27,315.93000411987305,315.93000411987305,316.8199920654297,312.74999618530273,313.9299964904785,40969000,315.93000411987305
2019-11-29,314.65999603271484,314.65999603271484,316.6200065612793,313.3399963378906,315.77999114990234,24117000,314.65999603271484
2019-12-02,309.99000549316406,309.99000549316406,314.3899917602539,303.75,314.3899917602539,62188000,309.99000549316406
2019-12-03,306.1599922180176,306.1599922180176,307.36000061035156,301.87999725341797,302.2200012207031,49928000,306.1599922180176
2019-12-04,304.3199920654297,304.3199920654297,308.43000411987305,303.2699966430664,308.43000411987305,35121000,304.3199920654297
2019-12-05,302.85999298095703,302.85999298095703,306.48000717163086,298.8100051879883,305.27000427246094,46155000,302.85999298095703
2019-12-06,307.3500061035156,307.3500061035156,307.8499984741211,302.60000228881836,304.6999931335449,44578000,307.3500061035156
2019-12-09,302.5,302.5,311.4900016784668,302.4399948120117,307.3500061035156,57484000,302.5
2019-12-10,293.12000274658203,293.12000274658203,298.93999099731445,292.0199966430664,296.1199951171875,104761000,293.12000274658203
2019-12-11,298.9299964904785,298.9299964904785,299.4300079345703,294.20000076293945,294.48999404907227,55898000,298.9299964904785
2019-12-12,298.439998626709,298.439998626709,299.1699981689453,295.0600051879883,295.66999435424805,47666000,298.439998626709
2019-12-13,298.50000381469727,298.50000381469727,301.8000030517578,297.25000381469727,298.50000381469727,38797000,298.50000381469727
2019-12-16,304.2099952697754,304.2099952697754,305.7099914550781,298.63000869750977,300.84999084472656,46589000,304.2099952697754
2019-12-17,315.4800033569336,315.4800033569336,316.8000030517578,306.5999984741211,307.36000061035156,104271000,315.4800033569336
2019-12-18,320.8000183105469,320.8000183105469,325.35999298095703,315.5999946594238,316.25999450683594,112074000,320.8000183105469
2019-12-19,332.2200012207031,332.2200012207031,332.8300094604492,324.17999267578125,324.50000762939453,98223000,332.2200012207031
2019-12-20,336.89998626708984,336.89998626708984,337.99999237060547,330.60001373291016,335.0,99149000,336.89998626708984
2019-12-23,333.10001373291016,333.10001373291016,337.9499816894531,331.02001190185547,337.760009765625,57653000,333.10001373291016
2019-12-24,333.1999969482422,333.1999969482422,335.6999969482422,331.5999984741211,334.010009765625,20193000,333.1999969482422
2019-12-26,332.6300048828125,332.6300048828125,336.45999908447266,332.01000213623047,334.59999084472656,35899000,332.6300048828125
2019-12-27,329.09000396728516,329.09000396728516,333.8199996948242,326.01001739501953,332.9600143432617,50361000,329.09000396728516
2019-12-30,323.3100128173828,323.3100128173828,329.1899871826172,322.85999298095703,329.0800094604492,43115000,323.3100128173828
2019-12-31,323.56998443603516,323.56998443603516,324.92000579833984,321.0900115966797,322.00000762939453,37133000,323.56998443603516
2020-01-02,329.8099899291992,329.8099899291992,329.9800109863281,324.7800064086914,326.1000061035156,44858000,329.8099899291992
2020-01-03,325.9000015258789,325.9000015258789,329.86000061035156,325.53001403808594,326.78001403808594,38069000,325.9000015258789
2020-01-06,335.8300018310547,335.8300018310547,336.3600158691406,321.19998931884766,323.12000274658203,56631000,335.8300018310547
2020-01-07,330.75000762939453,330.75000762939453,336.6999816894531,330.29998779296875,336.4699935913086,47032000,330.75000762939453
2020-01-08,339.2599868774414,339.2599868774414,342.7000045776367,331.0499954223633,331.48998260498047,71045000,339.2599868774414
2020-01-09,335.66001892089844,335.66001892089844,343.4199905395508,334.6099853515625,342.00000762939453,47093000,335.66001892089844
2020-01-10,329.04998779296875,329.04998779296875,338.49998474121094,327.27001190185547,337.13001251220703,47183000,329.04998779296875
2020-01-13,338.91998291015625,338.91998291015625,340.84999084472656,331.510009765625,331.8000030517578,62900000,338.91998291015625
2020-01-14,338.6899948120117,338.6899948120117,345.3799819946289,335.51998138427734,344.39998626708984,71994000,338.6899948120117
2020-01-15,339.0700149536133,339.0700149536133,343.1700134277344,336.5999984741211,338.6800003051758,51580000,339.0700149536133
2020-01-16,338.6199951171875,338.6199951171875,343.5599899291992,335.84999084472656,343.49998474121094,50160000,338.6199951171875
2020-01-17,339.6699905395508,339.6699905395508,341.5700149536133,337.37998962402344,340.99998474121094,60665000,339.6699905395508
2020-01-21,338.1100082397461,338.1100082397461,340.99998474121094,332.5899887084961,340.0,143503000,338.1100082397461
2020-01-22,325.99998474121094,325.99998474121094,336.30001068115234,323.6000061035156,332.55001068115234,217300000,325.99998474121094
2020-01-23,349.59999084472656,349.59999084472656,349.87998962402344,325.00999450683594,326.04000091552734,182003000,349.59999084472656
2020-01-24,353.16001892089844,353.16001892089844,359.8500061035156,345.88001251220703,348.4600067138672,179397000,353.16001892089844
2020-01-27,342.8799819946289,342.8799819946289,351.89998626708984,341.02001190185547,345.95001220703125,77095000,342.8799819946289
2020-01-28,348.52001190185547,348.52001190185547,352.40001678466797,342.7799987792969,345.88001251220703,68216000,348.52001190185547
2020-01-29,343.16001892089844,343.16001892089844,349.39998626708984,338.5499954223633,349.00001525878906,76435000,343.16001892089844
2020-01-30,347.73998260498047,347.73998260498047,348.1999969482422,339.24999237060547,341.1000061035156,53281000,347.73998260498047
2020-01-31,345.0899887084961,345.0899887084961,347.3899841308594,340.97999572753906,347.3899841308594,52300000,345.0899887084961
2020-02-03,357.99999237060547,357.99999237060547,359.63001251220703,346.2799835205078,347.239990234375,66706000,357.99999237060547
2020-02-04,369.010009765625,369.010009765625,369.57000732421875,356.1000061035156,360.99998474121094,71615000,369.010009765625
2020-02-05,369.6699905395508,369.6699905395508,375.25001525878906,362.2999954223633,375.1300048828125,64370000,369.6699905395508
2020-02-06,366.9499969482422,366.9499969482422,371.54998779296875,362.50999450683594,369.59999084472656,39204000,366.9499969482422
2020-02-07,366.76998138427734,366.76998138427734,371.8000030517578,363.56998443603516,365.0400161743164,43852000,366.76998138427734
2020-02-10,371.06998443603516,371.06998443603516,374.7999954223633,362.5199890136719,365.0,52941000,371.06998443603516
2020-02-11,373.6899948120117,373.6899948120117,378.1100082397461,369.7200012207031,373.75,47729000,373.6899948120117
2020-02-12,380.00999450683594,380.00999450683594,380.62000274658203,375.88001251220703,377.1799850463867,46248000,380.00999450683594
2020-02-13,381.3999938964844,381.3999938964844,385.36998748779297,376.510009765625,376.9599914550781,44854000,381.3999938964844
2020-02-14,380.40000915527344,380.40000915527344,385.1499938964844,379.4300079345703,381.4699935913086,37363000,380.40000915527344
2020-02-18,387.7799987792969,387.7799987792969,389.5399856567383,379.1899871826172,379.3000030517578,51739000,387.7799987792969
2020-02-19,386.1899948120117,386.1899948120117,392.9499816894531,384.90001678466797,388.12000274658203,48964000,386.1899948120117
2020-02-20,385.99998474121094,385.99998474121094,389.70001220703125,376.67999267578125,386.5599822998047,40794000,385.99998474121094
2020-02-21,380.0699996948242,380.0699996948242,387.31998443603516,377.90000915527344,385.3300094604492,39301000,380.0699996948242
2020-02-24,368.69998931884766,368.69998931884766,372.8200149536133,360.99998474121094,364.76001739501953,69364000,368.69998931884766
2020-02-25,360.0899887084961,360.0899887084961,375.64998626708984,357.7199935913086,372.00000762939453,64812000,360.0899887084961
2020-02-26,379.23999786376953,379.23999786376953,382.00000762939453,365.0,366.3100051879883,89341000,379.23999786376953
2020-02-27,371.7100143432617,371.7100143432617,391.5599822998047,370.60001373291016,371.45999908447266,109677000,371.7100143432617
2020-02-28,369.0299987792969,369.0299987792969,376.76998138427734,356.8000030517578,364.2100143432617,111686000,369.0299987792969
2020-03-02,381.0499954223633,381.0499954223633,381.3600158691406,364.50000762939453,373.1100082397461,69979000,381.0499954223633
2020-03-03,368.7699890136719,368.7699890136719,393.52001190185547,367.40001678466797,381.0300064086914,83646000,368.7699890136719
2020-03-04,383.7900161743164,383.7900161743164,384.010009765625,370.5099868774414,377.77000427246094,54873000,383.7900161743164
2020-03-05,372.7799987792969,372.7799987792969,391.3999938964844,368.6399841308594,380.99998474121094,87470000,372.7799987792969
2020-03-06,368.9699935913086,368.9699935913086,371.3100051879883,356.85001373291016,367.7000045776367,81472000,368.9699935913086
2020-03-09,346.48998260498047,346.48998260498047,357.4700164794922,341.72000885009766,343.8600158691406,74055000,346.48998260498047
2020-03-10,364.1299819946289,364.1299819946289,364.5399856567383,347.8499984741211,356.43001556396484,76044000,364.1299819946289
2020-03-11,349.92000579833984,349.92000579833984,362.9800033569336,344.79000091552734,358.91998291015625,60360000,349.92000579833984
2020-03-12,315.24999618530273,315.24999618530273,335.71998596191406,307.3200035095215,326.50001525878906,120716000,315.24999618530273
2020-03-13,336.30001068115234,336.30001068115234,336.41998291015625,307.3900032043457,330.5099868774414,94582000,336.30001068115234
2020-03-16,298.8400077819824,298.8400077819824,334.35001373291016,294.75000381469727,306.63000106811523,105599000,298.8400077819824
2020-03-17,319.75000381469727,319.75000381469727,322.90000915527344,290.24999618530273,306.1899948120117,100139000,319.75000381469727
2020-03-18,315.47000885009766,315.47000885009766,331.5800094604492,300.0,302.39999771118164,125936000,315.47000885009766
2020-03-19,332.02999114990234,332.02999114990234,348.51001739501953,316.8199920654297,324.3299865722656,106160000,332.02999114990234
2020-03-20,332.8300094604492,332.8300094604492,350.48999786376953,332.00000762939453,342.3099899291992,108538000,332.8300094604492
2020-03-23,360.27000427246094,360.27000427246094,366.11000061035156,340.88001251220703,347.8900146484375,134494000,360.27000427246094
2020-03-24,357.31998443603516,357.31998443603516,372.92999267578125,353.03001403808594,369.99000549316406,116387000,357.31998443603516
2020-03-25,342.3899841308594,342.3899841308594,362.00000762939453,339.1699981689453,361.02001190185547,87672000,342.3899841308594
2020-03-26,362.98999786376953,362.98999786376953,363.8399887084961,341.7300033569336,344.00001525878906,72296000,362.98999786376953
2020-03-27,357.1200180053711,357.1200180053711,368.5599899291992,352.99999237060547,359.09000396728516,79488000,357.1200180053711
2020-03-30,370.9600067138672,370.9600067138672,377.79998779296875,361.17000579833984,362.99999237060547,86220000,370.9600067138672
2020-03-31,375.49999237060547,375.49999237060547,383.0099868774414,366.4400100708008,367.92999267578125,93665000,375.49999237060547
2020-04-01,364.0800094604492,364.0800094604492,380.22998809814453,361.02001190185547,376.0499954223633,66725000,364.0800094604492
2020-04-02,370.07999420166016,370.07999420166016,370.989990234375,360.0600051879883,364.0800094604492,45925000,370.07999420166016
2020-04-03,361.7599868774414,361.7599868774414,370.9000015258789,357.50999450683594,367.4700164794922,48608000,361.7599868774414
2020-04-06,379.9599838256836,379.9599838256836,380.2899932861328,361.7100143432617,365.2199935913086,81839000,379.9599838256836
2020-04-07,372.2800064086914,372.2800064086914,381.32999420166016,369.33998107910156,380.0,70464000,372.2800064086914
2020-04-08,371.1199951171875,371.1199951171875,378.39000701904297,368.3100128173828,374.010009765625,69089000,371.1199951171875
2020-04-09,370.71998596191406,370.71998596191406,372.09999084472656,363.03001403808594,371.0599899291992,77113000,370.71998596191406
2020-04-13,396.72000885009766,396.72000885009766,400.5099868774414,367.7000045776367,371.3100051879883,116929000,396.72000885009766
2020-04-14,413.5499954223633,413.5499954223633,417.8200149536133,394.8500061035156,397.5,115810000,413.5499954223633
2020-04-15,426.74999237060547,426.74999237060547,434.9800109863281,412.24998474121094,412.99999237060547,135612000,426.74999237060547
2020-04-16,439.1699981689453,439.1699981689453,449.5199966430664,431.60999298095703,437.00000762939453,161287000,439.1699981689453
2020-04-17,422.9600143432617,422.9600143432617,432.00000762939453,414.70001220703125,430.99998474121094,126163000,422.9600143432617
2020-04-20,437.49000549316406,437.49000549316406,444.4900131225586,430.55999755859375,435.16998291015625,126558000,437.49000549316406
2020-04-21,433.82999420166016,433.82999420166016,447.00000762939453,425.60001373291016,444.77001190185547,231776000,433.82999420166016
2020-04-22,421.41998291015625,421.41998291015625,432.99999237060547,412.99999237060547,429.72999572753906,210848000,421.41998291015625
2020-04-23,426.6999816894531,426.6999816894531,438.40999603271484,419.2599868774414,419.2599868774414,139523000,426.6999816894531
2020-04-24,424.99000549316406,424.99000549316406,427.1699905395508,415.88001251220703,425.0,86589000,424.99000549316406
2020-04-27,421.3800048828125,421.3800048828125,429.00001525878906,420.8399963378906,425.0,62775000,421.3800048828125
2020-04-28,403.82999420166016,403.82999420166016,420.99998474121094,402.9100036621094,419.99000549316406,101012000,403.82999420166016
2020-04-29,411.8899917602539,411.8899917602539,415.8599853515625,393.6000061035156,399.52999114990234,96931000,411.8899917602539
2020-04-30,419.8500061035156,419.8500061035156,424.44000244140625,407.99999237060547,410.3099822998047,79540000,419.8500061035156
2020-05-01,415.27000427246094,415.27000427246094,427.97000885009766,411.7300033569336,415.09998321533203,82999000,415.27000427246094
2020-05-04,428.14998626708984,428.14998626708984,428.54000091552734,414.8699951171875,417.7799987792969,77991000,428.14998626708984
2020-05-05,424.6799850463867,424.6799850463867,430.99998474121094,421.5599822998047,427.5600051879883,62863000,424.6799850463867
2020-05-06,434.2599868774414,434.2599868774414,439.77001190185547,426.38999938964844,429.3000030517578,66607000,434.2599868774414
2020-05-07,436.5299987792969,436.5299987792969,438.8800048828125,430.66001892089844,436.8899917602539,56419000,436.5299987792969
2020-05-08,435.5500030517578,435.5500030517578,442.00000762939453,433.6399841308594,434.1400146484375,50493000,435.5500030517578
2020-05-11,440.51998138427734,440.51998138427734,444.8899841308594,435.55999755859375,436.32999420166016,54860000,440.51998138427734
2020-05-12,431.8199920654297,431.8199920654297,444.1699981689453,431.3600158691406,442.00000762939453,45982000,431.8199920654297
2020-05-13,438.2699966430664,438.2699966430664,447.00000762939453,427.27001190185547,435.69000244140625,70146000,438.2699966430664
2020-05-14,441.9499969482422,441.9499969482422,452.37998962402344,432.8200149536133,444.90001678466797,90075000,441.9499969482422
2020-05-15,454.1899871826172,454.1899871826172,455.0,437.50999450683594,440.6999969482422,72440000,454.1899871826172
2020-05-18,452.57999420166016,452.57999420166016,456.3600158691406,443.34999084472656,451.1600112915039,77735000,452.57999420166016
2020-05-19,451.04000091552734,451.04000091552734,458.9699935913086,450.47000885009766,453.4000015258789,48105000,451.04000091552734
2020-05-20,447.66998291015625,447.66998291015625,455.8100128173828,444.00001525878906,454.24999237060547,56073000,447.66998291015625
2020-05-21,436.25,436.25,448.95999908447266,430.25001525878906,448.5599899291992,91173000,436.25
2020-05-22,429.3199920654297,429.3199920654297,439.09000396728516,427.1799850463867,437.00000762939453,54223000,429.3199920654297
2020-05-26,414.77001190185547,414.77001190185547,428.49998474121094,413.1399917602539,427.77000427246094,78811000,414.77001190185547
2020-05-27,419.8899841308594,419.8899841308594,420.0199890136719,397.85999298095703,410.3799819946289,104463000,419.8899841308594
2020-05-28,413.4400177001953,413.4400177001953,422.3699951171875,411.50001525878906,417.239990234375,56551000,413.4400177001953
2020-05-29,419.72999572753906,419.72999572753906,420.29998779296875,411.85001373291016,417.4599838256836,52549000,419.72999572753906
2020-06-01,425.9199905395508,425.9199905395508,426.72000885009766,415.97999572753906,418.82999420166016,37437000,425.9199905395508
2020-06-02,427.3099899291992,427.3099899291992,427.5899887084961,419.4599914550781,425.8700180053711,34948000,427.3099899291992
2020-06-03,421.96998596191406,421.96998596191406,427.09999084472656,418.0500030517578,426.9499969482422,43160000,421.96998596191406
2020-06-04,414.3299865722656,414.3299865722656,428.7099838256836,410.0299835205078,422.3899841308594,54105000,414.3299865722656
2020-06-05,419.59999084472656,419.59999084472656,420.23998260498047,404.24999237060547,407.29000091552734,50996000,419.59999084472656
2020-06-08,419.4900131225586,419.4900131225586,420.8000183105469,406.50001525878906,415.99998474121094,58515000,419.4900131225586
2020-06-09,434.04998779296875,434.04998779296875,434.72999572753906,420.3099822998047,421.65000915527344,67970000,434.04998779296875
2020-06-10,434.48001861572266,434.48001861572266,439.6900177001953,430.5500030517578,435.99998474121094,48969000,434.48001861572266
2020-06-11,425.55999755859375,425.55999755859375,445.5699920654297,424.1600036621094,428.1999969482422,74629000,425.55999755859375
2020-06-12,418.0699920654297,418.0699920654297,434.0599822998047,412.44998931884766,429.00001525878906,64611000,418.0699920654297
2020-06-15,425.49999237060547,425.49999237060547,426.48998260498047,415.4199981689453,421.3999938964844,44679000,425.49999237060547
2020-06-16,436.12998962402344,436.12998962402344,437.9600143432617,425.18001556396484,425.76000213623047,55079000,436.12998962402344
2020-06-17,447.77000427246094,447.77000427246094,450.4600143432617,439.22000885009766,441.8199920654297,65296000,447.77000427246094
2020-06-18,449.8699951171875,449.8699951171875,452.760009765625,442.79998779296875,448.7300109863281,42776000,449.8699951171875
2020-06-19,453.7200164794922,453.7200164794922,453.9699935913086,445.60001373291016,449.11998748779297,59345000,453.7200164794922
2020-06-22,468.0400085449219,468.0400085449219,468.5900115966797,454.2100143432617,455.00999450683594,62721000,468.0400085449219
2020-06-23,466.25999450683594,466.25999450683594,474.010009765625,464.50000762939453,466.50001525878906,59484000,466.25999450683594
2020-06-24,457.8499984741211,457.8499984741211,472.36000061035156,454.00001525878906,468.54000091552734,48262000,457.8499984741211
2020-06-25,465.90999603271484,465.90999603271484,467.01000213623047,454.00001525878906,458.8600158691406,41345000,465.90999603271484
2020-06-26,443.4000015258789,443.4000015258789,468.03001403808594,442.239990234375,466.38999938964844,68047000,443.4000015258789
2020-06-29,447.239990234375,447.239990234375,447.66998291015625,432.14000701904297,445.22998809814453,48440000,447.239990234375
2020-06-30,455.0400161743164,455.0400161743164,457.5899887084961,447.00000762939453,450.0199890136719,41985000,455.0400161743164
2020-07-01,485.6399917602539,485.6399917602539,488.23001861572266,454.00001525878906,454.00001525878906,97059000,485.6399917602539
2020-07-02,476.8899917602539,476.8899917602539,492.2800064086914,475.53001403808594,485.6399917602539,63515000,476.8899917602539
2020-07-06,493.8100051879883,493.8100051879883,499.50000762939453,479.7999954223633,480.7699966430664,78390000,493.8100051879883
2020-07-07,493.16001892089844,493.16001892089844,504.81998443603516,490.8300018310547,497.3099899291992,56699000,493.16001892089844
2020-07-08,502.7799987792969,502.7799987792969,505.09998321533203,493.8100051879883,498.58001708984375,56917000,502.7799987792969
2020-07-09,507.760009765625,507.760009765625,510.0,495.77999114990234,508.4000015258789,58405000,507.760009765625
2020-07-10,548.7300109863281,548.7300109863281,555.880012512207,511.2799835205078,519.7299957275391,216056000,548.7300109863281
2020-07-13,525.4999923706055,525.4999923706055,575.369987487793,520.9600067138672,567.9800033569336,183990000,525.4999923706055
2020-07-14,524.8799896240234,524.8799896240234,525.4999923706055,490.48999786376953,517.0800018310547,150833000,524.8799896240234
2020-07-15,523.2600021362305,523.2600021362305,529.0000152587891,510.18001556396484,516.3000106811523,100667000,523.2600021362305
2020-07-16,527.3899841308594,527.3899841308594,535.5400085449219,504.3600082397461,526.4799880981445,244990000,527.3899841308594
2020-07-17,492.98999786376953,492.98999786376953,503.5900115966797,484.1400146484375,494.8699951171875,249914000,492.98999786376953
2020-07-20,502.4100112915039,502.4100112915039,504.50000762939453,484.1999816894531,489.1400146484375,119403000,502.4100112915039
2020-07-21,490.09998321533203,490.09998321533203,506.2200164794922,488.61000061035156,505.99998474121094,91137000,490.09998321533203
2020-07-22,489.81998443603516,489.81998443603516,497.20001220703125,487.20001220703125,492.1900177001953,69541000,489.81998443603516
2020-07-23,477.57999420166016,477.57999420166016,491.89998626708984,472.0199966430664,491.12998962402344,77220000,477.57999420166016
2020-07-24,480.4499816894531,480.4499816894531,487.1699905395508,467.5400161743164,468.7699890136719,77462000,480.4499816894531
2020-07-27,495.64998626708984,495.64998626708984,496.9200134277344,482.3099899291992,484.51000213623047,78631000,495.64998626708984
2020-07-28,488.51001739501953,488.51001739501953,497.7899932861328,487.760009765625,496.02001190185547,59867000,488.51001739501953
2020-07-29,484.48001861572266,484.48001861572266,494.92000579833984,484.1299819946289,492.24998474121094,66118000,484.48001861572266
2020-07-30,485.8000183105469,485.8000183105469,488.34999084472656,477.50999450683594,480.7099914550781,66086000,485.8000183105469
2020-07-31,488.8800048828125,488.8800048828125,494.7999954223633,484.50000762939453,488.2899856567383,59163000,488.8800048828125
2020-08-03,498.6199951171875,498.6199951171875,503.08998107910156,490.22998809814453,490.8599853515625,58731000,498.6199951171875
2020-08-04,509.64000701904297,509.64000701904297,510.4399871826172,498.65001678466797,498.65001678466797,56080000,509.64000701904297
2020-08-05,502.1099853515625,502.1099853515625,510.09998321533203,501.19998931884766,508.6800003051758,43082000,502.1099853515625
2020-08-06,509.0800094604492,509.0800094604492,510.82000732421875,498.69998931884766,504.10999298095703,37259000,509.0800094604492
2020-08-07,494.72999572753906,494.72999572753906,508.2899856567383,486.67999267578125,505.4499816894531,59103000,494.72999572753906
2020-08-10,483.38001251220703,483.38001251220703,497.4599838256836,478.62998962402344,493.34999084472656,46912000,483.38001251220703
2020-08-11,466.9300079345703,466.9300079345703,480.9199905395508,466.54998779296875,479.74998474121094,73292000,466.9300079345703
2020-08-12,475.47000885009766,475.47000885009766,482.49000549316406,470.18001556396484,471.3399887084961,54392000,475.47000885009766
2020-08-13,481.32999420166016,481.32999420166016,484.4499969482422,476.4500045776367,478.4000015258789,30089000,481.32999420166016
2020-08-14,482.68001556396484,482.68001556396484,488.3300018310547,480.20999908447266,482.8200149536133,29435000,482.68001556396484
2020-08-17,482.3500061035156,482.3500061035156,486.24000549316406,479.0999984741211,484.1899871826172,24235000,482.3500061035156
2020-08-18,491.87000274658203,491.87000274658203,495.29998779296875,482.79998779296875,484.35001373291016,35055000,491.87000274658203
2020-08-19,484.52999114990234,484.52999114990234,494.50000762939453,483.49998474121094,493.93001556396484,31562000,484.52999114990234
2020-08-20,497.90000915527344,497.90000915527344,498.9400100708008,483.88999938964844,484.6900177001953,51325000,497.90000915527344
2020-08-21,492.3099899291992,492.3099899291992,498.12999725341797,490.0,496.45999908447266,39213000,492.3099899291992
2020-08-24,488.8100051879883,488.8100051879883,500.99998474121094,483.16001892089844,495.4399871826172,47622000,488.8100051879883
2020-08-25,490.5799865722656,490.5799865722656,492.4700164794922,485.0899887084961,488.19000244140625,57277000,490.5799865722656
2020-08-26,547.5299835205078,547.5299835205078,549.0399932861328,492.0800018310547,492.5,203737000,547.5299835205078
2020-08-27,526.2699890136719,526.2699890136719,540.9999847412109,521.25,537.7799987792969,90629000,526.2699890136719
2020-08-28,523.8899993896484,523.8899993896484,539.0000152587891,522.0000076293945,532.0000076293945,44175000,523.8899993896484
2020-08-31,529.5600128173828,529.5600128173828,531.9900131225586,517.5799942016602,521.1600112915039,49414000,529.5600128173828
2020-09-01,556.5499877929688,556.5499877929688,557.3899841308594,532.4499893188477,532.599983215332,95727000,556.5499877929688
2020-09-02,552.8400039672852,552.8400039672852,556.5000152587891,537.3699951171875,553.7799835205078,58869000,552.8400039672852
2020-09-03,525.7500076293945,525.7500076293945,554.0000152587891,521.3199996948242,545.0,90711000,525.7500076293945
2020-09-04,516.0499954223633,516.0499954223633,527.3600006103516,485.97999572753906,520.1800155639648,82701000,516.0499954223633
2020-09-08,507.0199966430664,507.0199966430664,522.0000076293945,495.0,498.4000015258789,55727000,507.0199966430664
2020-09-09,500.1900100708008,500.1900100708008,520.0,492.5699996948242,519.2100143432617,68481000,500.1900100708008
2020-09-10,480.6700134277344,480.6700134277344,506.2900161743164,478.8399887084961,503.34999084472656,62402000,480.6700134277344
2020-09-11,482.02999114990234,482.02999114990234,493.7300109863281,476.80999755859375,486.48998260498047,50352000,482.02999114990234
2020-09-14,476.25999450683594,476.25999450683594,488.98998260498047,471.30001068115234,480.62000274658203,73591000,476.25999450683594
2020-09-15,495.989990234375,495.989990234375,497.4700164794922,481.6299819946289,484.00001525878906,53370000,495.989990234375
2020-09-16,483.8600158691406,483.8600158691406,504.65999603271484,483.3100128173828,499.99000549316406,43949000,483.8600158691406
2020-09-17,470.2000045776367,470.2000045776367,478.4000015258789,463.2699966430664,475.1599884033203,53793000,470.2000045776367
2020-09-18,469.9599838256836,469.9599838256836,479.39998626708984,458.6000061035156,472.50999450683594,67177000,469.9599838256836
2020-09-21,487.3500061035156,487.3500061035156,487.7799987792969,466.3199996948242,467.6900100708008,54575000,487.3500061035156
2020-09-22,491.17000579833984,491.17000579833984,491.8199920654297,479.2599868774414,489.010009765625,34823000,491.17000579833984
2020-09-23,470.6100082397461,470.6100082397461,491.04000091552734,469.00001525878906,491.04000091552734,37264000,470.6100082397461
2020-09-24,473.0799865722656,473.0799865722656,477.00000762939453,467.8200149536133,470.53001403808594,37272000,473.0799865722656
2020-09-25,482.8799819946289,482.8799819946289,484.8699951171875,468.03001403808594,474.3899917602539,37694000,482.8799819946289
2020-09-28,490.64998626708984,490.64998626708984,492.00000762939453,477.8799819946289,489.10999298095703,47735000,490.64998626708984
2020-09-29,493.47999572753906,493.47999572753906,496.2900161743164,486.5299987792969,489.50000762939453,35415000,493.47999572753906
2020-09-30,500.0299835205078,500.0299835205078,504.63001251220703,489.26998138427734,492.5699996948242,46341000,500.0299835205078
2020-10-01,527.5099945068359,527.5099945068359,529.5500183105469,503.6000061035156,506.0300064086914,81537000,527.5099945068359
2020-10-02,503.05999755859375,503.05999755859375,526.3700103759766,502.7000045776367,516.4300155639648,60712000,503.05999755859375
2020-10-05,520.6499862670898,520.6499862670898,520.989990234375,501.6999816894531,506.8000030517578,40881000,520.6499862670898
2020-10-06,505.8700180053711,505.8700180053711,521.8199920654297,504.1600036621094,518.7200164794922,41990000,505.8700180053711
2020-10-07,534.6599960327148,534.6599960327148,536.4899826049805,515.8200073242188,517.9999923706055,79887000,534.6599960327148
2020-10-08,531.7900085449219,531.7900085449219,535.0,524.1500091552734,533.4799957275391,53865000,531.7900085449219
2020-10-09,539.4400024414062,539.4400024414062,544.2800140380859,535.0,537.8300094604492,47813000,539.4400024414062
2020-10-12,539.8099899291992,539.8099899291992,551.8099975585938,538.2400131225586,548.8100051879883,53911000,539.8099899291992
2020-10-13,554.0900039672852,554.0900039672852,557.6499938964844,537.2000122070312,540.5599975585938,56025000,554.0900039672852
2020-10-14,541.4500045776367,541.4500045776367,572.4900054931641,540.9999847412109,562.6100158691406,94990000,541.4500045776367
2020-10-15,541.9400024414062,541.9400024414062,551.2200164794922,535.099983215332,545.5199813842773,51131000,541.9400024414062
2020-10-16,530.7899856567383,530.7899856567383,554.3299865722656,530.0299835205078,549.5000076293945,63474000,530.7899856567383
2020-10-19,530.7199859619141,530.7199859619141,541.8000030517578,525.3799819946289,537.0700073242188,75675000,530.7199859619141
2020-10-20,525.4199981689453,525.4199981689453,533.7799835205078,522.2600173950195,528.1399917602539,100472000,525.4199981689453
2020-10-21,489.04998779296875,489.04998779296875,506.85001373291016,488.25000762939453,501.0300064086914,174057000,489.04998779296875
2020-10-22,485.22998809814453,485.22998809814453,495.13999938964844,482.00000762939453,494.6900177001953,69979000,485.22998809814453
2020-10-23,488.27999114990234,488.27999114990234,490.0600051879883,481.34998321533203,488.1100082397461,49279000,488.27999114990234
2020-10-26,488.2400131225586,488.2400131225586,496.8199920654297,478.8999938964844,487.02999114990234,61861000,488.2400131225586
2020-10-27,488.93001556396484,488.93001556396484,490.48999786376953,482.92999267578125,490.00999450683594,36272000,488.93001556396484
2020-10-28,486.24000549316406,486.24000549316406,494.00001525878906,483.27999114990234,486.3600158691406,59927000,486.24000549316406
2020-10-29,504.2100143432617,504.2100143432617,513.8999938964844,479.33998107910156,488.49998474121094,111207000,504.2100143432617
2020-10-30,475.7400131225586,475.7400131225586,505.88001251220703,472.2100067138672,502.01000213623047,78079000,475.7400131225586
2020-11-02,484.11998748779297,484.11998748779297,486.30001068115234,475.0,478.87001037597656,44082000,484.11998748779297
2020-11-03,487.2200012207031,487.2200012207031,495.3099822998047,478.75999450683594,484.9300003051758,36902000,487.2200012207031
2020-11-04,496.9499969482422,496.9499969482422,507.72998809814453,493.97998809814453,495.35999298095703,51373000,496.9499969482422
2020-11-05,513.7599945068359,513.7599945068359,518.7300109863281,503.45001220703125,506.5599822998047,53728000,513.7599945068359
2020-11-06,514.7299957275391,514.7299957275391,515.2099990844727,502.50999450683594,515.0,42363000,514.7299957275391
2020-11-09,470.49999237060547,470.49999237060547,495.84999084472656,467.26001739501953,485.5400085449219,104197000,470.49999237060547
2020-11-10,480.23998260498047,480.23998260498047,484.59999084472656,463.40999603271484,470.95001220703125,83061000,480.23998260498047
2020-11-11,490.76000213623047,490.76000213623047,491.67999267578125,478.26000213623047,482.99999237060547,54605000,490.76000213623047
2020-11-12,486.76998138427734,486.76998138427734,496.52000427246094,480.42999267578125,490.99998474121094,50637000,486.76998138427734
2020-11-13,482.84000396728516,482.84000396728516,488.9400100708008,477.79998779296875,486.76998138427734,30027000,482.84000396728516
2020-11-16,479.0999984741211,479.0999984741211,485.5799865722656,477.2999954223633,480.0,39536000,479.0999984741211
2020-11-17,480.62999725341797,480.62999725341797,487.50999450683594,478.84998321533203,480.12001037597656,36981000,480.62999725341797
2020-11-18,481.7900085449219,481.7900085449219,488.61000061035156,477.7199935913086,481.9499969482422,36292000,481.7900085449219
2020-11-19,484.6699905395508,484.6699905395508,487.79998779296875,480.47000885009766,482.00000762939453,22547000,484.6699905395508
2020-11-20,488.2400131225586,488.2400131225586,494.76001739501953,481.5700149536133,485.2199935913086,42534000,488.2400131225586
2020-11-23,476.61998748779297,476.61998748779297,491.15001678466797,475.8399963378906,490.4600143432617,54166000,476.61998748779297
2020-11-24,482.8799819946289,482.8799819946289,484.04998779296875,475.89000701904297,478.8399887084961,35505000,482.8799819946289
2020-11-25,485.0,485.0,486.89998626708984,478.91998291015625,485.1300048828125,35986000,485.0
2020-11-27,491.3600158691406,491.3600158691406,493.25000762939453,481.85001373291016,486.5800094604492,28058000,491.3600158691406
2020-11-30,490.6999969482422,490.6999969482422,492.55001068115234,481.2699890136719,490.07999420166016,35309000,490.6999969482422
2020-12-01,504.5800018310547,504.5800018310547,509.46998596191406,491.98001861572266,492.3400115966797,50527000,504.5800018310547
2020-12-02,503.38001251220703,503.38001251220703,506.8000030517578,493.49998474121094,501.61998748779297,30284000,503.38001251220703
2020-12-03,497.5199890136719,497.5199890136719,508.7699890136719,496.04000091552734,502.98999786376953,28261000,497.5199890136719
2020-12-04,498.3100128173828,498.3100128173828,504.50000762939453,493.6399841308594,497.5,36662000,498.3100128173828
2020-12-07,515.7799911499023,515.7799911499023,517.760009765625,497.77000427246094,500.00999450683594,42893000,515.7799911499023
2020-12-08,512.6599884033203,512.6599884033203,521.4899826049805,505.5500030517578,517.9000091552734,42290000,512.6599884033203
2020-12-09,493.6000061035156,493.6000061035156,514.5000076293945,491.2900161743164,510.53001403808594,41788000,493.6000061035156
2020-12-10,501.0900115966797,501.0900115966797,503.7699890136719,492.9100036621094,494.5600128173828,30182000,501.0900115966797
2020-12-11,503.21998596191406,503.21998596191406,503.3399963378906,494.8500061035156,495.0,32109000,503.21998596191406
2020-12-14,522.4200057983398,522.4200057983398,524.1600036621094,501.1800003051758,505.4399871826172,57704000,522.4200057983398
2020-12-15,519.7800064086914,519.7800064086914,524.7000122070312,513.5599899291992,518.4999847412109,33949000,519.7800064086914
2020-12-16,524.8300170898438,524.8300170898438,527.3799896240234,517.6900100708008,520.1100158691406,36824000,524.8300170898438
2020-12-17,532.9000091552734,532.9000091552734,535.4899978637695,526.4400100708008,529.0000152587891,31934000,532.9000091552734
2020-12-18,534.4499969482422,534.4499969482422,536.3700103759766,526.0200119018555,533.1999969482422,45027000,534.4499969482422
2020-12-21,528.9099884033203,528.9099884033203,532.6200103759766,521.150016784668,530.0500106811523,38940000,528.9099884033203
2020-12-22,527.3300170898438,527.3300170898438,530.4000091552734,520.4999923706055,527.6900100708008,19066000,527.3300170898438
2020-12-23,514.4800186157227,514.4800186157227,526.3199996948242,514.1999816894531,524.7600173950195,23932000,514.4800186157227
2020-12-24,513.9699935913086,513.9699935913086,519.3500137329102,512.2100067138672,515.1200103759766,11440000,513.9699935913086
2020-12-28,519.119987487793,519.119987487793,523.6600112915039,507.13001251220703,516.4300155639648,28919000,519.119987487793
2020-12-29,530.8700180053711,530.8700180053711,536.5499877929688,515.4800033569336,519.900016784668,40224000,530.8700180053711
2020-12-30,524.5899963378906,524.5899963378906,533.2600021362305,523.6899948120117,530.1300048828125,18763000,524.5899963378906
2020-12-31,540.7300186157227,540.7300186157227,545.4999923706055,523.1499862670898,525.5300140380859,53923000,540.7300186157227
2021-01-04,522.859992980957,522.859992980957,540.8000183105469,515.0899887084961,539.0000152587891,44444000,522.859992980957
2021-01-05,520.8000183105469,520.8000183105469,526.7800140380859,515.890007019043,521.5499877929688,31339000,520.8000183105469
2021-01-06,500.48999786376953,500.48999786376953,513.1000137329102,499.50000762939453,511.96998596191406,53462000,500.48999786376953
2021-01-07,508.88999938964844,508.88999938964844,516.4400100708008,506.41998291015625,508.27999114990234,36864000,508.88999938964844
2021-01-08,510.40000915527344,510.40000915527344,513.2400131225586,504.51000213623047,511.3100051879883,29739000,510.40000915527344
2021-01-11,499.0999984741211,499.0999984741211,510.73001861572266,497.9499816894531,507.84000396728516,38062000,499.0999984741211
2021-01-12,494.24999237060547,494.24999237060547,501.0900115966797,485.6700134277344,500.0,59904000,494.24999237060547
2021-01-13,507.7899932861328,507.7899932861328,512.3500061035156,493.0099868774414,495.49999237060547,50321000,507.7899932861328
2021-01-14,500.8599853515625,500.8599853515625,514.5000076293945,499.5800018310547,507.3500061035156,41774000,500.8599853515625
2021-01-15,497.9800033569336,497.9800033569336,506.3199996948242,495.09998321533203,500.0,58958000,497.9800033569336
2021-01-19,501.76998138427734,501.76998138427734,509.24999237060547,493.54000091552734,500.99998474121094,123158000,501.76998138427734
2021-01-20,586.3399887084961,586.3399887084961,593.2899856567383,556.8600082397461,565.4199981689453,326375000,586.3399887084961
2021-01-21,579.8400115966797,579.8400115966797,588.75,570.4000091552734,582.4499893188477,118021000,579.8400115966797
2021-01-22,565.1699829101562,565.1699829101562,583.9899826049805,564.3500137329102,582.0999908447266,75508000,565.1699829101562
2021-01-25,556.7800140380859,556.7800140380859,569.7499847412109,548.650016784668,567.0000076293945,72073000,556.7800140380859
2021-01-26,561.9300079345703,561.9300079345703,567.9899978637695,554.0599822998047,554.7299957275391,50238000,561.9300079345703
2021-01-27,523.2799911499023,523.2799911499023,556.4199829101562,515.7300186157227,550.7099914550781,86703000,523.2799911499023
2021-01-28,538.6000061035156,538.6000061035156,553.1499862670898,530.7400131225586,535.880012512207,59690000,538.6000061035156
2021-01-29,532.3899841308594,532.3899841308594,540.9999847412109,530.1800155639648,537.9999923706055,43253000,532.3899841308594
2021-02-01,539.0399932861328,539.0399932861328,545.0600051879883,531.7300033569336,536.7900085449219,35475000,539.0399932861328
2021-02-02,548.1600189208984,548.1600189208984,555.4800033569336,538.9300155639648,542.0100021362305,37676000,548.1600189208984
2021-02-03,539.4499969482422,539.4499969482422,550.4800033569336,538.2400131225586,550.1699829101562,31723000,539.4499969482422
2021-02-04,552.1599960327148,552.1599960327148,559.4800186157227,537.5099945068359,539.8099899291992,51645000,552.1599960327148
2021-02-05,550.7899856567383,550.7899856567383,554.4400024414062,545.4800033569336,552.2600173950195,23762000,550.7899856567383
2021-02-08,547.9199981689453,547.9199981689453,555.0,543.6999893188477,555.0,27917000,547.9199981689453
2021-02-09,559.0700149536133,559.0700149536133,565.9999847412109,542.9999923706055,545.9999847412109,37035000,559.0700149536133
2021-02-10,563.5900115966797,563.5900115966797,566.6500091552734,553.4600067138672,562.5,39913000,563.5900115966797
2021-02-11,557.5899887084961,557.5899887084961,565.9299850463867,554.2200088500977,564.4400024414062,27306000,557.5899887084961
2021-02-12,556.5200042724609,556.5200042724609,561.25,550.8499908447266,556.9400024414062,21971000,556.5200042724609
2021-02-16,557.2800064086914,557.2800064086914,563.6299896240234,552.7299880981445,557.2900009155273,26241000,557.2800064086914
2021-02-17,551.3399887084961,551.3399887084961,555.2500152587891,543.0300140380859,550.989990234375,20696000,551.3399887084961
2021-02-18,548.2199859619141,548.2199859619141,550.0,538.2300186157227,549.0000152587891,24562000,548.2199859619141
2021-02-19,540.2199935913086,540.2199935913086,548.9899826049805,538.8100051879883,547.9999923706055,28415000,540.2199935913086
2021-02-22,533.7799835205078,533.7799835205078,541.7900085449219,530.7899856567383,534.9900054931641,30786000,533.7799835205078
2021-02-23,546.150016784668,546.150016784668,548.5400009155273,518.2799911499023,525.0,41365000,546.150016784668
2021-02-24,553.4099960327148,553.4099960327148,556.8500137329102,539.0700149536133,539.7999954223633,32450000,553.4099960327148
2021-02-25,546.6999816894531,546.6999816894531,556.4799880981445,535.7500076293945,550.2700042724609,42529000,546.6999816894531
2021-02-26,538.849983215332,538.849983215332,553.0899810791016,537.9999923706055,546.510009765625,37556000,538.849983215332
2021-03-01,550.6399917602539,550.6399917602539,552.140007019043,542.0000076293945,545.5699920654297,30414000,550.6399917602539
2021-03-02,547.8200149536133,547.8200149536133,556.9900131225586,546.0200119018555,553.3399963378906,30422000,547.8200149536133
2021-03-03,520.6999969482422,520.6999969482422,548.0099868774414,517.8099822998047,545.9299850463867,53624000,520.6999969482422
2021-03-04,511.2900161743164,511.2900161743164,531.5000152587891,507.68001556396484,521.5000152587891,50348000,511.2900161743164
2021-03-05,516.3899993896484,516.3899993896484,517.760009765625,498.7900161743164,511.98001861572266,50700000,516.3899993896484
2021-03-08,493.3300018310547,493.3300018310547,518.8399887084961,492.8499984741211,514.4599914550781,39818000,493.3300018310547
2021-03-09,506.4400100708008,506.4400100708008,513.1100082397461,503.8199996948242,507.3099899291992,34700000,506.4400100708008
2021-03-10,504.5399856567383,504.5399856567383,518.9699935913086,504.24999237060547,513.4999847412109,37715000,504.5399856567383
2021-03-11,523.0599975585938,523.0599975585938,530.2399826049805,510.7099914550781,512.2000122070312,47145000,523.0599975585938
2021-03-12,518.0199813842773,518.0199813842773,526.510009765625,506.59000396728516,512.5,39817000,518.0199813842773
2021-03-15,520.2500152587891,520.2500152587891,520.7300186157227,508.03001403808594,516.3199996948242,34843000,520.2500152587891
2021-03-16,524.0299987792969,524.0299987792969,533.4199905395508,523.2099914550781,524.4699859619141,32389000,524.0299987792969
2021-03-17,524.4400024414062,524.4400024414062,528.3700180053711,514.3000030517578,522.0000076293945,28174000,524.4400024414062
2021-03-18,504.79000091552734,504.79000091552734,517.9000091552734,503.84998321533203,516.3999938964844,40945000,504.79000091552734
2021-03-19,512.1799850463867,512.1799850463867,513.1900024414062,501.6299819946289,504.9599838256836,43864000,512.1799850463867
2021-03-22,523.1100082397461,523.1100082397461,529.3099975585938,509.1299819946289,509.1299819946289,33606000,523.1100082397461
2021-03-23,535.0899887084961,535.0899887084961,543.120002746582,529.3999862670898,529.8699951171875,55835000,535.0899887084961
2021-03-24,520.8100128173828,520.8100128173828,534.4200134277344,520.0,533.7799835205078,41022000,520.8100128173828
2021-03-25,502.85999298095703,502.85999298095703,518.5300064086914,497.00000762939453,516.9900131225586,49268000,502.85999298095703
2021-03-26,508.0500030517578,508.0500030517578,508.7200164794922,496.67999267578125,502.8200149536133,34678000,508.0500030517578
2021-03-29,513.9500045776367,513.9500045776367,517.9999923706055,504.39998626708984,505.66001892089844,33300000,513.9500045776367
2021-03-30,513.390007019043,513.390007019043,514.4100189208984,506.91001892089844,510.5099868774414,24181000,513.390007019043
2021-03-31,521.6600036621094,521.6600036621094,528.129997253418,515.4399871826172,515.6700134277344,35031000,521.6600036621094
2021-04-01,539.4200134277344,539.4200134277344,540.4999923706055,527.0299911499023,529.9300003051758,39386000,539.4200134277344
2021-04-05,540.6700134277344,540.6700134277344,542.8499984741211,529.2300033569336,540.0099945068359,33559000,540.6700134277344
2021-04-06,544.5299911499023,544.5299911499023,554.1699981689453,543.3000183105469,544.8099899291992,34742000,544.5299911499023
2021-04-07,546.9900131225586,546.9900131225586,549.640007019043,541.4500045776367,543.4999847412109,21513000,546.9900131225586
2021-04-08,554.5800018310547,554.5800018310547,556.8999862670898,547.5699996948242,551.1299896240234,43098000,554.5800018310547
2021-04-09,555.3099822998047,555.3099822998047,556.8999862670898,547.1099853515625,552.6900100708008,28940000,555.3099822998047
2021-04-12,552.7799987792969,552.7799987792969,557.9800033569336,549.5800018310547,551.0499954223633,29441000,552.7799987792969
2021-04-13,553.7300109863281,553.7300109863281,559.7499847412109,550.2999877929688,557.0000076293945,27203000,553.7300109863281
2021-04-14,540.0199890136719,540.0199890136719,554.8699951171875,538.5300064086914,554.8699951171875,37403000,540.0199890136719
2021-04-15,549.2200088500977,549.2200088500977,553.489990234375,542.6599884033203,544.1699981689453,31391000,549.2200088500977
2021-04-16,546.5399932861328,546.5399932861328,551.9800186157227,539.5100021362305,550.5400085449219,32091000,546.5399932861328
2021-04-19,554.4400024414062,554.4400024414062,556.4400100708008,545.5300140380859,546.8999862670898,42887000,554.4400024414062
2021-04-20,549.5700073242188,549.5700073242188,563.5599899291992,546.3000106811523,554.4200134277344,112576000,549.5700073242188
2021-04-21,508.8999938964844,508.8999938964844,515.4600143432617,503.6000061035156,507.99999237060547,228974000,508.8999938964844
2021-04-22,508.7799835205078,508.7799835205078,513.9599990844727,500.5500030517578,513.8199996948242,90611000,508.7799835205078
2021-04-23,505.5500030517578,505.5500030517578,509.70001220703125,500.6999969482422,509.010009765625,73077000,505.5500030517578
2021-04-26,510.29998779296875,510.29998779296875,510.4800033569336,502.99999237060547,506.7599868774414,43888000,510.29998779296875
2021-04-27,505.5500030517578,505.5500030517578,512.9899978637695,504.5800018310547,512.6200103759766,37613000,505.5500030517578
2021-04-28,506.52000427246094,506.52000427246094,508.4000015258789,503.3399963378906,505.2000045776367,31930000,506.52000427246094
2021-04-29,509.00001525878906,509.00001525878906,509.2900085449219,499.00001525878906,507.59998321533203,51278000,509.00001525878906
2021-04-30,513.4700012207031,513.4700012207031,514.5500183105469,505.0,505.0,44132000,513.4700012207031
2021-05-03,509.10999298095703,509.10999298095703,518.9500045776367,505.2000045776367,512.6499938964844,40919000,509.10999298095703
2021-05-04,503.1800079345703,503.1800079345703,511.6299819946289,496.7900085449219,510.77999114990234,43495000,503.1800079345703
2021-05-05,496.08001708984375,496.08001708984375,507.7799987792969,494.63001251220703,504.99000549316406,31294000,496.08001708984375
2021-05-06,499.5500183105469,499.5500183105469,499.5500183105469,491.37001037597656,495.989990234375,37837000,499.5500183105469
2021-05-07,503.8399887084961,503.8399887084961,508.5499954223633,501.1199951171875,504.6200180053711,31328000,503.8399887084961
2021-05-10,486.6899871826172,486.6899871826172,503.14998626708984,486.11000061035156,502.00000762939453,51316000,486.6899871826172
2021-05-11,495.07999420166016,495.07999420166016,497.98999786376953,478.62998962402344,479.74998474121094,44010000,495.07999420166016
2021-05-12,484.9800109863281,484.9800109863281,493.54000091552734,482.7000045776367,486.8299865722656,41215000,484.9800109863281
2021-05-13,486.6600036621094,486.6600036621094,490.77999114990234,482.70999908447266,489.1299819946289,27125000,486.6600036621094
2021-05-14,493.3700180053711,493.3700180053711,494.8500061035156,486.59000396728516,487.85999298095703,28825000,493.3700180053711
2021-05-17,488.9400100708008,488.9400100708008,492.70999908447266,482.8099822998047,485.58998107910156,27052000,488.9400100708008
2021-05-18,486.2799835205078,486.2799835205078,493.47999572753906,486.1899948120117,488.4000015258789,23505000,486.2799835205078
2021-05-19,487.7000045776367,487.7000045776367,488.56998443603516,478.54000091552734,481.6299819946289,33499000,487.7000045776367
2021-05-20,501.6699981689453,501.6699981689453,502.7000045776367,488.97998809814453,489.5500183105469,37212000,501.6699981689453
2021-05-21,497.8900146484375,497.8900146484375,505.40000915527344,497.26001739501953,503.12000274658203,33229000,497.8900146484375
2021-05-24,502.90000915527344,502.90000915527344,504.24999237060547,499.51000213623047,501.0499954223633,24126000,502.90000915527344
2021-05-25,501.3399887084961,501.3399887084961,506.37001037597656,499.22000885009766,505.99998474121094,26995000,501.3399887084961
2021-05-26,502.36000061035156,502.36000061035156,504.1400146484375,500.49999237060547,502.3400115966797,24653000,502.36000061035156
2021-05-27,503.8600158691406,503.8600158691406,505.09998321533203,498.54000091552734,501.8000030517578,32538000,503.8600158691406
2021-05-28,502.8099822998047,502.8099822998047,511.7599868774414,502.5299835205078,504.39998626708984,29103000,502.8099822998047
2021-06-01,499.0800094604492,499.0800094604492,505.4100036621094,497.73998260498047,504.010009765625,24826000,499.0800094604492
2021-06-02,499.23999786376953,499.23999786376953,503.21998596191406,495.82000732421875,499.81998443603516,22690000,499.23999786376953
2021-06-03,489.4300079345703,489.4300079345703,496.6600036621094,487.24998474121094,495.1900100708008,38874000,489.4300079345703
2021-06-04,494.739990234375,494.739990234375,501.8600082397461,490.95001220703125,492.00000762939453,31605000,494.739990234375
2021-06-07,494.65999603271484,494.65999603271484,496.6999816894531,490.5500030517578,492.9199981689453,27919000,494.65999603271484
2021-06-08,492.3899841308594,492.3899841308594,498.8199996948242,489.37000274658203,497.00000762939453,23740000,492.3899841308594
2021-06-09,485.8100128173828,485.8100128173828,496.0900115966797,484.6500015258789,494.50000762939453,30550000,485.8100128173828
2021-06-10,487.27001190185547,487.27001190185547,490.20999908447266,482.14000701904297,487.1699905395508,43829000,487.27001190185547
2021-06-11,488.7699890136719,488.7699890136719,491.4099884033203,487.7799987792969,490.0,31240000,488.7699890136719
2021-06-14,499.8899841308594,499.8899841308594,503.49998474121094,486.91001892089844,489.6799850463867,44002000,499.8899841308594
2021-06-15,491.89998626708984,491.89998626708984,501.2300109863281,490.40000915527344,501.2300109863281,31041000,491.89998626708984
2021-06-16,492.4100112915039,492.4100112915039,496.45999908447266,486.2799835205078,495.0,35332000,492.4100112915039
2021-06-17,498.3399963378906,498.3399963378906,501.8000030517578,490.1499938964844,490.25001525878906,31983000,498.3399963378906
2021-06-18,500.7699966430664,500.7699966430664,504.4900131225586,495.23998260498047,496.3999938964844,51976000,500.7699966430664
2021-06-21,497.00000762939453,497.00000762939453,502.0500183105469,492.2800064086914,501.6400146484375,52773000,497.00000762939453
2021-06-22,508.8199996948242,508.8199996948242,513.5499954223633,495.8000183105469,498.54000091552734,58093000,508.8199996948242
2021-06-23,512.7399826049805,512.7399826049805,516.6299819946289,508.1999969482422,508.47999572753906,39448000,512.7399826049805
2021-06-24,518.0599975585938,518.0599975585938,520.9600067138672,514.3999862670898,517.9600143432617,33612000,518.0599975585938
2021-06-25,527.0700073242188,527.0700073242188,533.0599975585938,525.0,528.8399887084961,52991000,527.0700073242188
2021-06-28,533.0300140380859,533.0300140380859,533.9400100708008,524.5600128173828,528.120002746582,28202000,533.0300140380859
2021-06-29,533.4999847412109,533.4999847412109,536.1299896240234,528.5699844360352,533.5499954223633,23146000,533.4999847412109
2021-06-30,528.2099914550781,528.2099914550781,534.379997253418,526.8199920654297,534.0599822998047,27734000,528.2099914550781
2021-07-01,533.5400009155273,533.5400009155273,537.0399856567383,525.7199859619141,525.7199859619141,28054000,533.5400009155273
2021-07-02,533.9799880981445,533.9799880981445,538.5400009155273,529.3899917602539,535.4999923706055,19755000,533.9799880981445
2021-07-06,541.6400146484375,541.6400146484375,542.859992980957,532.9999923706055,532.9999923706055,27751000,541.6400146484375
2021-07-07,535.9600067138672,535.9600067138672,544.640007019043,531.6600036621094,544.2399978637695,27225000,535.9600067138672
2021-07-08,530.7600021362305,530.7600021362305,535.4999923706055,529.0900039672852,530.9299850463867,32690000,530.7600021362305
2021-07-09,535.9799957275391,535.9799957275391,538.2600021362305,528.5800170898438,530.9999847412109,27772000,535.9799957275391
2021-07-12,537.3099899291992,537.3099899291992,540.6499862670898,532.9199981689453,540.2999877929688,17807000,537.3099899291992
2021-07-13,540.6800079345703,540.6800079345703,545.3300094604492,535.7600021362305,535.7600021362305,27516000,540.6800079345703
2021-07-14,547.9499816894531,547.9499816894531,554.0999984741211,541.0100173950195,541.0100173950195,46595000,547.9499816894531
2021-07-15,542.9499816894531,542.9499816894531,557.5400161743164,538.1999969482422,553.9699935913086,57139000,542.9499816894531
2021-07-16,530.3099822998047,530.3099822998047,544.0599822998047,527.0500183105469,541.8099975585938,34421000,530.3099822998047
2021-07-19,532.2800064086914,532.2800064086914,534.9100112915039,522.239990234375,526.0499954223633,38858000,532.2800064086914
2021-07-20,531.0499954223633,531.0499954223633,536.6400146484375,520.2999877929688,526.0699844360352,69304000,531.0499954223633
2021-07-21,513.6299896240234,513.6299896240234,530.989990234375,505.6100082397461,526.1299896240234,119068000,513.6299896240234
2021-07-22,511.76998138427734,511.76998138427734,513.6800003051758,507.00000762939453,510.20999908447266,43281000,511.76998138427734
2021-07-23,515.4100036621094,515.4100036621094,517.4100112915039,504.65999603271484,512.1599960327148,38205000,515.4100036621094
2021-07-26,516.4899826049805,516.4899826049805,521.1299896240234,509.010009765625,514.379997253418,22545000,516.4899826049805
2021-07-27,518.9099884033203,518.9099884033203,521.9499969482422,512.0500183105469,518.0799865722656,27590000,518.9099884033203
2021-07-28,519.3000030517578,519.3000030517578,524.4699859619141,516.9800186157227,521.8199920654297,23905000,519.3000030517578
2021-07-29,514.2499923706055,514.2499923706055,520.7799911499023,513.7900161743164,519.9599838256836,17360000,514.2499923706055
2021-07-30,517.5699996948242,517.5699996948242,519.7900009155273,510.9600067138672,512.6900100708008,25371000,517.5699996948242
2021-08-02,515.1499938964844,515.1499938964844,519.8500061035156,510.5099868774414,519.0000152587891,20966000,515.1499938964844
2021-08-03,510.82000732421875,510.82000732421875,515.629997253418,505.36998748779297,514.3899917602539,25794000,510.82000732421875
2021-08-04,517.3500061035156,517.3500061035156,517.9800033569336,510.36998748779297,512.9999923706055,20394000,517.3500061035156
2021-08-05,524.8899841308594,524.8899841308594,525.4100036621094,514.0200042724609,517.130012512207,25567000,524.8899841308594
2021-08-06,520.5500030517578,520.5500030517578,526.8399810791016,519.3899917602539,524.0000152587891,19198000,520.5500030517578
2021-08-09,519.9700164794922,519.9700164794922,522.6699829101562,517.9899978637695,521.150016784668,13678000,519.9700164794922
2021-08-10,515.8399963378906,515.8399963378906,520.7899856567383,512.9700088500977,520.0,19605000,515.8399963378906
2021-08-11,512.400016784668,512.400016784668,519.5700073242188,509.77001190185547,517.0000076293945,16739000,512.400016784668
2021-08-12,510.71998596191406,510.71998596191406,512.9999923706055,507.20001220703125,511.8600082397461,16857000,510.71998596191406
2021-08-13,515.9199905395508,515.9199905395508,521.4400100708008,511.510009765625,512.6399993896484,21777000,515.9199905395508
2021-08-16,517.9199981689453,517.9199981689453,523.380012512207,512.2999954223633,515.2399826049805,20328000,517.9199981689453
2021-08-17,518.9099884033203,518.9099884033203,520.7899856567383,514.1999816894531,515.4700088500977,23098000,518.9099884033203
2021-08-18,521.870002746582,521.870002746582,526.3800048828125,518.650016784668,520.0,25820000,521.870002746582
2021-08-19,543.7099838256836,543.7099838256836,548.390007019043,521.870002746582,522.7399826049805,74973000,543.7099838256836
2021-08-20,546.879997253418,546.879997253418,551.3899993896484,539.0999984741211,545.0899887084961,37764000,546.879997253418
2021-08-23,553.3300018310547,553.3300018310547,555.5500030517578,543.7400054931641,545.9799957275391,26020000,553.3300018310547
2021-08-24,553.4099960327148,553.4099960327148,555.3099822998047,549.2699813842773,551.4799880981445,21095000,553.4099960327148
2021-08-25,547.5799942016602,547.5799942016602,552.8400039672852,545.4499816894531,550.1599884033203,20656000,547.5799942016602
2021-08-26,550.1200103759766,550.1200103759766,552.599983215332,545.9000015258789,546.1600112915039,15955000,550.1200103759766
2021-08-27,558.9199829101562,558.9199829101562,564.1699981689453,549.2499923706055,551.5999984741211,32526000,558.9199829101562
2021-08-30,566.1800003051758,566.1800003051758,567.1599960327148,556.4500045776367,557.2499847412109,24348000,566.1800003051758
2021-08-31,569.1899871826172,569.1899871826172,569.4800186157227,561.609992980957,566.1199951171875,24319000,569.1899871826172
2021-09-01,582.0700073242188,582.0700073242188,590.9999847412109,569.0000152587891,569.0000152587891,56262000,582.0700073242188
2021-09-02,588.5499954223633,588.5499954223633,598.7599945068359,583.6800003051758,583.6800003051758,61799000,588.5499954223633
2021-09-03,590.5300140380859,590.5300140380859,591.879997253418,583.1399917602539,585.8000183105469,26812000,590.5300140380859
2021-09-07,606.7100143432617,606.7100143432617,613.849983215332,593.9899826049805,594.6900177001953,58214000,606.7100143432617
2021-09-08,606.0499954223633,606.0499954223633,615.6000137329102,595.7099914550781,603.8399887084961,54245000,606.0499954223633
2021-09-09,597.5400161743164,597.5400161743164,609.4400024414062,596.5499877929688,606.4699935913086,29542000,597.5400161743164
2021-09-10,598.7200164794922,598.7200164794922,609.4499969482422,593.6700057983398,598.1600189208984,39508000,598.7200164794922
2021-09-13,589.2900085449219,589.2900085449219,598.5699844360352,582.7799987792969,598.5699844360352,30629000,589.2900085449219
2021-09-14,577.760009765625,577.760009765625,587.2800064086914,575.5599975585938,584.8899841308594,34570000,577.760009765625
2021-09-15,582.869987487793,582.869987487793,584.6200180053711,575.369987487793,578.1700134277344,27556000,582.869987487793
2021-09-16,586.5000152587891,586.5000152587891,587.4800109863281,577.7199935913086,584.3000030517578,18320000,586.5000152587891
2021-09-17,589.3500137329102,589.3500137329102,590.2799987792969,580.8499908447266,587.8499984741211,41451000,589.3500137329102
2021-09-20,575.4299926757812,575.4299926757812,591.5299987792969,568.0799865722656,586.7900085449219,37322000,575.4299926757812
2021-09-21,573.1399917602539,573.1399917602539,581.879997253418,569.370002746582,578.3100128173828,22509000,573.1399917602539
2021-09-22,590.6499862670898,590.6499862670898,595.6499862670898,579.6900177001953,579.6900177001953,40218000,590.6499862670898
2021-09-23,593.2600021362305,593.2600021362305,599.3199920654297,589.1299819946289,590.7899856567383,25262000,593.2600021362305
2021-09-24,592.3899841308594,592.3899841308594,592.9800033569336,583.6399841308594,592.5,21262000,592.3899841308594
2021-09-27,592.6399993896484,592.6399993896484,593.5800170898438,576.9300079345703,587.9499816894531,25047000,592.6399993896484
2021-09-28,583.849983215332,583.849983215332,599.5399856567383,580.1599884033203,589.0000152587891,44311000,583.849983215332
2021-09-29,599.0599822998047,599.0599822998047,609.8799896240234,588.0099868774414,589.010009765625,62210000,599.0599822998047
2021-09-30,610.3400039672852,610.3400039672852,619.0000152587891,608.0500030517578,608.0500030517578,66126000,610.3400039672852
2021-10-01,613.1499862670898,613.1499862670898,614.9900054931641,597.5099945068359,604.2399978637695,40908000,613.1499862670898
2021-10-04,603.3499908447266,603.3499908447266,626.1299896240234,594.6799850463867,613.390007019043,49959000,603.3499908447266
2021-10-05,634.8099899291992,634.8099899291992,640.3900146484375,606.8899917602539,606.9400024414062,95343000,634.8099899291992
2021-10-06,639.0999984741211,639.0999984741211,639.8699951171875,626.3600158691406,628.1800079345703,45804000,639.0999984741211
2021-10-07,631.8500137329102,631.8500137329102,646.8399810791016,630.4499816894531,642.2299957275391,35569000,631.8500137329102
2021-10-08,632.6599884033203,632.6599884033203,643.7999725341797,630.8599853515625,634.1699981689453,32721000,632.6599884033203
2021-10-11,627.0399856567383,627.0399856567383,639.4200134277344,626.7800140380859,633.1999969482422,28625000,627.0399856567383
2021-10-12,624.9399948120117,624.9399948120117,637.6599884033203,621.9900131225586,633.0199813842773,32273000,624.9399948120117
2021-10-13,629.7600173950195,629.7600173950195,632.1799850463867,622.0999908447266,632.1799850463867,24203000,629.7600173950195
2021-10-14,633.8000106811523,633.8000106811523,636.879997253418,626.7900085449219,632.2299957275391,26717000,633.8000106811523
2021-10-15,628.2899856567383,628.2899856567383,639.4200134277344,625.1599884033203,637.9999923706055,41169000,628.2899856567383
2021-10-18,637.9700088500977,637.9700088500977,638.4099960327148,620.5899810791016,632.0999908447266,46691000,637.9700088500977
2021-10-19,639.0000152587891,639.0000152587891,640.9999847412109,632.2999954223633,636.9699859619141,76331000,639.0000152587891
2021-10-20,625.1399993896484,625.1399993896484,637.400016784668,617.1500015258789,625.5699920654297,106220000,625.1399993896484
2021-10-21,653.1600189208984,653.1600189208984,654.010009765625,628.650016784668,628.8899993896484,84371000,653.1600189208984
2021-10-22,664.7799682617188,664.7799682617188,665.4599761962891,651.8099975585938,651.8099975585938,61860000,664.7799682617188
2021-10-25,671.6600036621094,671.6600036621094,675.8799743652344,657.0700073242188,663.7400054931641,38335000,671.6600036621094
2021-10-26,668.5199737548828,668.5199737548828,676.4900207519531,662.7700042724609,673.7599945068359,29048000,668.5199737548828
2021-10-27,662.9199981689453,662.9199981689453,671.4099884033203,661.8499755859375,669.0000152587891,22769000,662.9199981689453
2021-10-28,674.0499877929688,674.0499877929688,676.8000030517578,668.0300140380859,670.9500122070312,28594000,674.0499877929688
2021-10-29,690.3099822998047,690.3099822998047,690.9700012207031,671.2400054931641,673.0599975585938,38253000,690.3099822998047
2021-11-01,681.1699676513672,681.1699676513672,689.9700164794922,676.5399932861328,689.0599822998047,31109000,681.1699676513672
2021-11-02,677.7200317382812,677.7200317382812,687.6799774169922,673.8200378417969,683.1099700927734,38886000,677.7200317382812
2021-11-03,688.2900238037109,688.2900238037109,689.3900299072266,677.2699737548828,677.2699737548828,23349000,688.2900238037109
2021-11-04,668.3999633789062,668.3999633789062,685.9400177001953,665.5000305175781,685.8899688720703,48650000,668.3999633789062
2021-11-05,645.7199859619141,645.7199859619141,665.6400299072266,645.0099945068359,663.9700317382812,52835000,645.7199859619141
2021-11-08,651.4499664306641,651.4499664306641,655.9999847412109,643.7899780273438,650.2899932861328,28875000,651.4499664306641
2021-11-09,655.989990234375,655.989990234375,660.5000305175781,650.52001953125,653.7000274658203,24156000,655.989990234375
2021-11-10,646.9100189208984,646.9100189208984,660.3299713134766,642.1099853515625,653.0100250244141,24058000,646.9100189208984
2021-11-11,657.5800323486328,657.5800323486328,665.8200073242188,649.7100067138672,650.2400207519531,28683000,657.5800323486328
2021-11-12,682.6100158691406,682.6100158691406,683.3399963378906,653.8200378417969,660.0099945068359,41984000,682.6100158691406
2021-11-15,679.3299865722656,679.3299865722656,685.260009765625,671.4900207519531,681.2400054931641,28722000,679.3299865722656
2021-11-16,687.3999786376953,687.3999786376953,688.3599853515625,676.9000244140625,678.2700347900391,20774000,687.3999786376953
2021-11-17,691.6899871826172,691.6899871826172,700.989990234375,686.0900115966797,690.0,27328000,691.6899871826172
2021-11-18,682.0200347900391,682.0200347900391,691.7400360107422,679.739990234375,691.6100311279297,20129000,682.0200347900391
2021-11-19,678.7999725341797,678.7999725341797,694.1600036621094,675.0,692.3500061035156,26137000,678.7999725341797
2021-11-22,659.1999816894531,659.1999816894531,679.47998046875,656.4700317382812,676.0199737548828,27644000,659.1999816894531
2021-11-23,654.0599822998047,654.0599822998047,666.4299774169922,646.0500335693359,658.1800079345703,23202000,654.0599822998047
2021-11-24,658.2900238037109,658.2900238037109,661.4399719238281,651.1000061035156,658.0100250244141,18673000,658.2900238037109
2021-11-26,665.6400299072266,665.6400299072266,676.4099884033203,660.6700134277344,675.0,28725000,665.6400299072266
2021-11-29,663.8400268554688,663.8400268554688,667.9900360107422,658.2900238037109,663.1999969482422,25294000,663.8400268554688
2021-11-30,641.9000244140625,641.9000244140625,675.3800201416016,640.0099945068359,668.1999969482422,56089000,641.9000244140625
2021-12-01,617.7700042724609,617.7700042724609,654.5200347900391,617.0700073242188,649.47998046875,38828000,617.7700042724609
2021-12-02,616.4699935913086,616.4699935913086,625.359992980957,612.8799819946289,617.0999908447266,33311000,616.4699935913086
2021-12-03,602.130012512207,602.130012512207,625.4999923706055,594.0000152587891,622.7500152587891,48293000,602.130012512207
2021-12-06,612.6900100708008,612.6900100708008,617.2900009155273,600.9999847412109,606.0100173950195,30757000,612.6900100708008
2021-12-07,625.5799865722656,625.5799865722656,628.8899993896484,611.3999938964844,619.8300170898438,31252000,625.5799865722656
2021-12-08,628.0799865722656,628.0799865722656,632.4599838256836,623.1999969482422,630.0,22203000,628.0799865722656
2021-12-09,610.9999847412109,610.9999847412109,630.2399826049805,610.4399871826172,627.5799942016602,23763000,610.9999847412109
2021-12-10,611.6600036621094,611.6600036621094,617.7399826049805,605.880012512207,616.7800140380859,27488000,611.6600036621094
2021-12-13,604.5600128173828,604.5600128173828,612.6399993896484,599.5199966430664,612.0000076293945,25179000,604.5600128173828
2021-12-14,597.9899978637695,597.9899978637695,602.2900009155273,588.129997253418,598.7099838256836,29845000,597.9899978637695
2021-12-15,605.0400161743164,605.0400161743164,605.6900024414062,584.5100021362305,598.1800079345703,28662000,605.0400161743164
2021-12-16,591.0599899291992,591.0599899291992,602.8300094604492,587.9999923706055,597.0899963378906,31432000,591.0599899291992
2021-12-17,586.7300033569336,586.7300033569336,593.2500076293945,581.7399978637695,591.609992980957,43869000,586.7300033569336
2021-12-20,593.7400054931641,593.7400054931641,602.8799819946289,584.2599868774414,586.4300155639648,33584000,593.7400054931641
2021-12-21,604.9200057983398,604.9200057983398,607.8200149536133,593.8600158691406,597.5400161743164,23194000,604.9200057983398
2021-12-22,614.2399978637695,614.2399978637695,614.8199844360352,602.6300048828125,603.3599853515625,23357000,614.2399978637695
2021-12-23,614.0900039672852,614.0900039672852,616.879997253418,607.5699996948242,616.3999938964844,16211000,614.0900039672852
2021-12-27,613.120002746582,613.120002746582,615.0,609.2499923706055,615.0,20615000,613.120002746582
2021-12-28,610.7099914550781,610.7099914550781,618.4099960327148,609.6900177001953,614.9499893188477,18828000,610.7099914550781
2021-12-29,610.5400085449219,610.5400085449219,613.9799880981445,604.6799850463867,610.7099914550781,12872000,610.5400085449219
2021-12-30,612.0899963378906,612.0899963378906,620.6100082397461,611.2400054931641,612.9899978637695,16251000,612.0899963378906
2021-12-31,602.4399948120117,602.4399948120117,614.0800094604492,602.0500183105469,610.0099945068359,19959000,602.4399948120117
2022-01-03,597.3699951171875,597.3699951171875,609.9900054931641,590.5599975585938,605.6100082397461,30675000,597.3699951171875
2022-01-04,591.150016784668,591.150016784668,600.4100036621094,581.5999984741211,599.9100112915039,43931000,591.150016784668
2022-01-05,567.5199890136719,567.5199890136719,592.8400039672852,566.879997253418,592.0000076293945,41487000,567.5199890136719
2022-01-06,553.2899856567383,553.2899856567383,563.3599853515625,542.0100021362305,554.3399810791016,57118000,553.2899856567383
2022-01-07,541.0599899291992,541.0599899291992,553.4299850463867,538.2199859619141,549.4599914550781,33829000,541.0599899291992
2022-01-10,539.8500061035156,539.8500061035156,543.6899948120117,526.3199996948242,538.489990234375,44861000,539.8500061035156
2022-01-11,540.8399963378906,540.8399963378906,543.9099884033203,530.0699996948242,536.9900131225586,30778000,540.8399963378906
2022-01-12,537.2200012207031,537.2200012207031,544.2699813842773,532.0199966430664,544.2699813842773,37874000,537.2200012207031
2022-01-13,519.1999816894531,519.1999816894531,540.7899856567383,518.2600021362305,537.0600128173828,44751000,519.1999816894531
2022-01-14,525.6900024414062,525.6900024414062,538.3700180053711,511.87999725341797,517.599983215332,78611000,525.6900024414062
2022-01-18,510.8000183105469,510.8000183105469,521.7499923706055,508.6800003051758,520.0799942016602,48391000,510.8000183105469
2022-01-19,515.8599853515625,515.8599853515625,523.2099914550781,510.5099868774414,515.0,43535000,515.8599853515625
2022-01-20,508.25000762939453,508.25000762939453,526.6400146484375,506.9300079345703,517.7500152587891,126590000,508.25000762939453
2022-01-21,397.5,397.5,409.15000915527344,379.99000549316406,400.42999267578125,589043000,397.5
2022-01-24,387.1500015258789,387.1500015258789,387.26001739501953,351.45999908447266,383.9099884033203,323460000,387.1500015258789
2022-01-25,366.41998291015625,366.41998291015625,387.70999908447266,365.1300048828125,379.1400146484375,151458000,366.41998291015625
2022-01-26,359.70001220703125,359.70001220703125,382.6599884033203,356.61998748779297,378.2699966430664,126840000,359.70001220703125
2022-01-27,386.6999816894531,386.6999816894531,394.7999954223633,378.10001373291016,382.0600128173828,243247000,386.6999816894531
2022-01-28,384.3600082397461,384.3600082397461,387.00000762939453,372.0800018310547,386.7599868774414,119666000,384.3600082397461
2022-01-31,427.14000701904297,427.14000701904297,427.7000045776367,398.1999969482422,401.96998596191406,200475000,427.14000701904297
2022-02-01,457.13001251220703,457.13001251220703,458.47999572753906,425.5400085449219,432.9600143432617,225681000,457.13001251220703
2022-02-02,429.48001861572266,429.48001861572266,451.98001861572266,426.47998809814453,448.25000762939453,143460000,429.48001861572266
2022-02-03,405.60001373291016,405.60001373291016,429.2599868774414,404.28001403808594,421.4400100708008,99052000,405.60001373291016
2022-02-04,410.16998291015625,410.16998291015625,412.77000427246094,396.6400146484375,407.3099899291992,77898000,410.16998291015625
2022-02-07,402.09999084472656,402.09999084472656,412.3500061035156,393.5499954223633,410.16998291015625,82329000,402.09999084472656
2022-02-08,403.5300064086914,403.5300064086914,406.60999298095703,395.8300018310547,398.1800079345703,68185000,403.5300064086914
2022-02-09,412.8900146484375,412.8900146484375,412.9800033569336,398.7900161743164,408.65001678466797,77382000,412.8900146484375
2022-02-10,406.2699890136719,406.2699890136719,407.99999237060547,396.3600158691406,402.09999084472656,84529000,406.2699890136719
2022-02-11,391.3100051879883,391.3100051879883,411.60999298095703,387.6499938964844,405.3300094604492,75589000,391.3100051879883
2022-02-14,396.5700149536133,396.5700149536133,409.3600082397461,386.8899917602539,387.5899887084961,72022000,396.5700149536133
2022-02-15,407.4599838256836,407.4599838256836,409.1600036621094,401.01001739501953,403.7900161743164,53923000,407.4599838256836
2022-02-16,398.0799865722656,398.0799865722656,401.5599822998047,390.3799819946289,401.5299987792969,52777000,398.0799865722656
2022-02-17,386.6699981689453,386.6699981689453,399.10999298095703,385.6999969482422,394.23999786376953,46692000,386.6699981689453
2022-02-18,391.2900161743164,391.2900161743164,402.86998748779297,389.04998779296875,392.5299835205078,68017000,391.2900161743164
2022-02-22,377.37998962402344,377.37998962402344,392.42000579833984,373.01998138427734,388.9500045776367,66975000,377.37998962402344
2022-02-23,367.4599838256836,367.4599838256836,385.99998474121094,366.6600036621094,382.7199935913086,46143000,367.4599838256836
2022-02-24,390.0299835205078,390.0299835205078,390.73001861572266,354.7200012207031,355.0899887084961,70687000,390.0299835205078
2022-02-25,390.8000183105469,390.8000183105469,391.2900161743164,375.5799865722656,386.60999298095703,48416000,390.8000183105469
2022-02-28,394.5199966430664,394.5199966430664,397.75001525878906,382.13001251220703,387.33001708984375,50350000,394.5199966430664
2022-03-01,386.24000549316406,386.24000549316406,395.0,383.7099838256836,391.5999984741211,32904000,386.24000549316406
2022-03-02,380.0299835205078,380.0299835205078,389.22000885009766,375.20999908447266,388.93001556396484,53568000,380.0299835205078
2022-03-03,368.0699920654297,368.0699920654297,386.1199951171875,364.6500015258789,385.99998474121094,60768000,368.0699920654297
2022-03-04,361.7300033569336,361.7300033569336,374.81998443603516,357.1699905395508,367.99999237060547,53255000,361.7300033569336
2022-03-07,350.260009765625,350.260009765625,362.00000762939453,350.2000045776367,360.4100036621094,57084000,350.260009765625
2022-03-08,341.7599868774414,341.7599868774414,358.8600158691406,340.6700134277344,349.7999954223633,64287000,341.7599868774414
2022-03-09,358.7900161743164,358.7900161743164,364.1400146484375,350.5099868774414,357.6900100708008,65202000,358.7900161743164
2022-03-10,356.76998138427734,356.76998138427734,367.0199966430664,353.3000183105469,356.19998931884766,48078000,356.76998138427734
2022-03-11,340.3200149536133,340.3200149536133,363.3599853515625,340.0,361.1899948120117,48199000,340.3200149536133
2022-03-14,331.01001739501953,331.01001739501953,341.3199996948242,329.81998443603516,338.7200164794922,59078000,331.01001739501953
2022-03-15,343.75,343.75,345.35999298095703,332.36000061035156,335.09998321533203,54606000,343.75
2022-03-16,357.5299835205078,357.5299835205078,359.99000549316406,343.05999755859375,348.1999969482422,69825000,357.5299835205078
2022-03-17,371.3999938964844,371.3999938964844,373.3100128173828,354.87998962402344,359.70001220703125,58183000,371.3999938964844
2022-03-18,380.60001373291016,380.60001373291016,381.8000030517578,368.4700012207031,372.00000762939453,83248000,380.60001373291016
2022-03-21,374.5899963378906,374.5899963378906,381.8199920654297,368.9400100708008,378.01998138427734,48665000,374.5899963378906
2022-03-22,382.9199981689453,382.9199981689453,386.6600036621094,366.7599868774414,371.1399841308594,42428000,382.9199981689453
2022-03-23,374.4900131225586,374.4900131225586,382.4599838256836,374.4900131225586,379.77001190185547,37290000,374.4900131225586
2022-03-24,375.7099914550781,375.7099914550781,379.76001739501953,368.8999938964844,379.76001739501953,38885000,375.7099914550781
2022-03-25,373.84998321533203,373.84998321533203,377.63999938964844,366.43001556396484,377.07000732421875,35745000,373.84998321533203
2022-03-28,378.51001739501953,378.51001739501953,380.2799987792969,366.7300033569336,375.22998809814453,43234000,378.51001739501953
2022-03-29,391.8199920654297,391.8199920654297,396.50001525878906,380.3300094604492,384.3899917602539,58807000,391.8199920654297
2022-03-30,381.4699935913086,381.4699935913086,392.7000045776367,378.62998962402344,389.5500183105469,40233000,381.4699935913086
2022-03-31,374.5899963378906,374.5899963378906,384.00001525878906,373.61000061035156,383.5900115966797,41347000,374.5899963378906
2022-04-01,373.4700012207031,373.4700012207031,380.8700180053711,368.49998474121094,376.8000030517578,46442000,373.4700012207031
2022-04-04,391.50001525878906,391.50001525878906,396.02001190185547,373.12999725341797,373.5499954223633,70018000,391.50001525878906
2022-04-05,380.1499938964844,380.1499938964844,390.0,377.3099899291992,389.3000030517578,42345000,380.1499938964844
2022-04-06,368.34999084472656,368.34999084472656,376.4699935913086,362.72998809814453,374.15000915527344,43549000,368.34999084472656
2022-04-07,362.1500015258789,362.1500015258789,368.54000091552734,353.6899948120117,365.0,49489000,362.1500015258789
2022-04-08,355.88001251220703,355.88001251220703,362.5,354.8699951171875,361.9599914550781,40252000,355.88001251220703
2022-04-11,347.99999237060547,347.99999237060547,354.7800064086914,345.2000045776367,350.0,37771000,347.99999237060547
2022-04-12,344.0999984741211,344.0999984741211,359.41001892089844,342.24998474121094,355.90999603271484,38243000,344.0999984741211
2022-04-13,350.42999267578125,350.42999267578125,352.00000762939453,341.1600112915039,343.91998291015625,32310000,350.42999267578125
2022-04-14,341.12998962402344,341.12998962402344,352.00000762939453,339.86000061035156,350.95001220703125,43438000,341.12998962402344
2022-04-18,337.85999298095703,337.85999298095703,342.36000061035156,331.61998748779297,340.0,51050000,337.85999298095703
2022-04-19,348.61000061035156,348.61000061035156,351.67999267578125,333.21998596191406,333.21998596191406,209069000,348.61000061035156
2022-04-20,226.18999481201172,226.18999481201172,248.70000839233398,212.50999450683594,245.20000457763672,1333875000,226.18999481201172
2022-04-21,218.2200050354004,218.2200050354004,227.67999649047852,211.52000427246094,220.0,535016000,218.2200050354004
2022-04-22,215.52000045776367,215.52000045776367,226.2700080871582,210.04999160766602,220.17999649047852,375151000,215.52000045776367
2022-04-25,209.90999221801758,209.90999221801758,216.66000366210938,204.51000213623047,213.81000518798828,281520000,209.90999221801758
2022-04-26,198.4000015258789,198.4000015258789,209.15000915527344,198.27999114990234,208.79999160766602,203181000,198.4000015258789
2022-04-27,188.54000091552734,188.54000091552734,200.18999099731445,187.77000427246094,194.00999069213867,222984000,188.54000091552734
2022-04-28,199.5199966430664,199.5199966430664,201.48000717163086,185.59999465942383,191.56000137329102,213632000,199.5199966430664
2022-04-29,190.35999298095703,190.35999298095703,204.7100067138672,190.0,198.68000030517578,163919000,190.35999298095703
2022-05-02,199.45999145507812,199.45999145507812,200.20999908447266,190.00999450683594,191.7099952697754,145916000,199.45999145507812
2022-05-03,199.8699951171875,199.8699951171875,203.1999969482422,194.76999282836914,198.2900047302246,118394000,199.8699951171875
2022-05-04,204.00999069213867,204.00999069213867,204.37999725341797,191.0099983215332,197.64999389648438,122188000,204.00999069213867
2022-05-05,188.32000732421875,188.32000732421875,200.70999145507812,186.00000381469727,200.45000076293945,139713000,188.32000732421875
2022-05-06,180.97000122070312,180.97000122070312,187.2100067138672,175.80999374389648,186.74999237060547,171855000,180.97000122070312
2022-05-09,173.09999465942383,173.09999465942383,183.1999969482422,172.29999542236328,177.66000747680664,140313000,173.09999465942383
2022-05-10,177.66000747680664,177.66000747680664,181.87000274658203,170.5699920654297,176.0099983215332,138839000,177.66000747680664
2022-05-11,166.36999130249023,166.36999130249023,180.91999053955078,165.5500030517578,176.08999252319336,126655000,166.36999130249023
2022-05-12,174.30999755859375,174.30999755859375,177.57999420166016,162.70999908447266,163.95999908447266,176621000,174.30999755859375
2022-05-13,187.63999938964844,187.63999938964844,187.77000427246094,176.0099983215332,177.15999603271484,131363000,187.63999938964844
2022-05-16,186.50999069213867,186.50999069213867,195.89000701904297,185.6999969482422,193.29999923706055,161450000,186.50999069213867
2022-05-17,190.55999755859375,190.55999755859375,191.39999389648438,185.17000198364258,189.1699981689453,98767000,190.55999755859375
2022-05-18,177.18999862670898,177.18999862670898,187.70000457763672,176.2700080871582,186.72000885009766,96656000,177.18999862670898
2022-05-19,183.47999572753906,183.47999572753906,186.29999160766602,175.70999145507812,178.0500030517578,104485000,183.47999572753906
2022-05-20,186.35000228881836,186.35000228881836,190.18999099731445,179.76999282836914,185.86999893188477,104294000,186.35000228881836
2022-05-23,187.43999481201172,187.43999481201172,187.66000747680664,177.88999557495117,186.14999771118164,96020000,187.43999481201172
2022-05-24,180.34000396728516,180.34000396728516,183.99999618530273,177.16999053955078,182.00000762939453,77064000,180.34000396728516
2022-05-25,187.83000946044922,187.83000946044922,188.86999130249023,180.17000198364258,180.27999877929688,85221000,187.83000946044922
2022-05-26,191.39999389648438,191.39999389648438,192.33999252319336,183.0900001525879,186.4900016784668,80499000,191.39999389648438
2022-05-27,195.18999099731445,195.18999099731445,195.24999618530273,190.3700065612793,193.19000244140625,85860000,195.18999099731445
2022-05-31,197.43999481201172,197.43999481201172,199.95000839233398,190.79999923706055,196.18000030517578,113985000,197.43999481201172
2022-06-01,192.91000366210938,192.91000366210938,202.7400016784668,191.66000366210938,198.70000839233398,84162000,192.91000366210938
2022-06-02,205.09000778198242,205.09000778198242,205.47000885009766,191.72000885009766,192.0199966430664,96231000,205.09000778198242
2022-06-03,198.98000717163086,198.98000717163086,202.95000076293945,198.0500030517578,200.13999938964844,71918000,198.98000717163086
2022-06-06,197.14000701904297,197.14000701904297,203.86999130249023,195.38000106811523,202.08999633789062,53720000,197.14000701904297
2022-06-07,198.61000061035156,198.61000061035156,199.59999084472656,192.99999237060547,194.8699951171875,48395000,198.61000061035156
2022-06-08,202.83000946044922,202.83000946044922,207.38000869750977,197.63999938964844,197.95000076293945,72441000,202.83000946044922
2022-06-09,192.77000427246094,192.77000427246094,201.69000625610352,192.53999710083008,200.65000534057617,69490000,192.77000427246094
2022-06-10,182.94000625610352,182.94000625610352,185.86000442504883,180.84999084472656,182.63999938964844,130656000,182.94000625610352
2022-06-13,169.68999862670898,169.68999862670898,179.09000396728516,168.95999908447266,177.07000732421875,102224000,169.68999862670898
2022-06-14,167.53999710083008,167.53999710083008,172.05999374389648,164.2799949645996,169.75000381469727,115553000,167.53999710083008
2022-06-15,180.1099967956543,180.1099967956543,183.85000228881836,168.5300064086914,169.26000595092773,123960000,180.1099967956543
2022-06-16,173.34999084472656,173.34999084472656,176.2700080871582,171.56000137329102,173.99999618530273,82013000,173.34999084472656
2022-06-17,175.51000595092773,175.51000595092773,179.6500015258789,173.33999633789062,173.63000869750977,121334000,175.51000595092773
2022-06-21,170.90999603271484,170.90999603271484,178.6199951171875,169.79999542236328,177.60000228881836,121776000,170.90999603271484
2022-06-22,178.88999938964844,178.88999938964844,182.81999588012695,170.20000457763672,170.75000762939453,119924000,178.88999938964844
2022-06-23,181.7099952697754,181.7099952697754,182.75999069213867,175.86999893188477,180.49999237060547,95382000,181.7099952697754
2022-06-24,190.84999084472656,190.84999084472656,191.18999481201172,181.8400001525879,183.50000381469727,124240000,190.84999084472656
2022-06-27,189.13999557495117,189.13999557495117,191.7799949645996,182.3900032043457,191.77000045776367,83639000,189.13999557495117
2022-06-28,179.59999084472656,179.59999084472656,192.19999313354492,179.37000274658203,189.20000076293945,71854000,179.59999084472656
2022-06-29,178.36000442504883,178.36000442504883,180.66999435424805,175.10000228881836,179.54999923706055,57668000,178.36000442504883
2022-06-30,174.8699951171875,174.8699951171875,179.4499969482422,170.30000686645508,177.07000732421875,78947000,174.8699951171875
2022-07-01,179.95000839233398,179.95000839233398,180.10000228881836,174.27000045776367,176.4900016784668,52016000,179.95000839233398
2022-07-05,185.8799934387207,185.8799934387207,185.91999053955078,172.67999649047852,176.28000259399414,73343000,185.8799934387207
2022-07-06,184.06000137329102,184.06000137329102,186.21999740600586,180.82000732421875,185.20000457763672,57534000,184.06000137329102
2022-07-07,189.27000045776367,189.27000045776367,190.20999908447266,183.50000381469727,184.27000045776367,63345000,189.27000045776367
2022-07-08,186.97999954223633,186.97999954223633,189.90999221801758,182.74999618530273,186.01999282836914,58357000,186.97999954223633
2022-07-11,177.33999252319336,177.33999252319336,184.99000549316406,176.8899917602539,184.72999572753906,60388000,177.33999252319336
2022-07-12,174.4499969482422,174.4499969482422,179.7800064086914,173.41999053955078,177.32999801635742,68453000,174.4499969482422
2022-07-13,176.56000137329102,176.56000137329102,179.17999267578125,169.69999313354492,170.49999237060547,127344000,176.56000137329102
2022-07-14,174.7800064086914,174.7800064086914,177.5200080871582,171.8199920654297,175.55999755859375,90395000,174.7800064086914
2022-07-15,189.10999298095703,189.10999298095703,189.22000885009766,174.55999374389648,175.58000564575195,163191000,189.10999298095703
2022-07-18,190.91999053955078,190.91999053955078,199.66999053955078,189.79999542236328,192.5,163228000,190.91999053955078
2022-07-19,201.63000106811523,201.63000106811523,201.9700050354004,188.4000015258789,193.02000045776367,281787000,201.63000106811523
2022-07-20,216.43999099731445,216.43999099731445,216.9700050354004,200.10000228881836,208.16999435424805,539203000,216.43999099731445
2022-07-21,223.8800048828125,223.8800048828125,224.3199920654297,211.49999618530273,214.3000030517578,234301000,223.8800048828125
2022-07-22,220.44000625610352,220.44000625610352,229.34999465942383,218.43999862670898,222.38000869750977,178055000,220.44000625610352
2022-07-25,218.5099983215332,218.5099983215332,225.23000717163086,216.35000228881836,221.31000518798828,109352000,218.5099983215332
2022-07-26,213.91000747680664,213.91000747680664,219.3899917602539,211.63999557495117,216.66000366210938,95085000,213.91000747680664
2022-07-27,226.74999237060547,226.74999237060547,227.77999877929688,214.5800018310547,216.48000717163086,105084000,226.74999237060547
2022-07-28,226.01999282836914,226.01999282836914,228.09999465942383,219.66999053955078,224.59999084472656,89727000,226.01999282836914
2022-07-29,224.89999771118164,224.89999771118164,230.75000762939453,222.39999771118164,223.2900047302246,90649000,224.89999771118164
2022-08-01,226.21000289916992,226.21000289916992,228.39000701904297,221.00000381469727,223.09999465942383,55250000,226.21000289916992
2022-08-02,221.42000198364258,221.42000198364258,228.1999969482422,220.8799934387207,222.75999069213867,63613000,221.42000198364258
2022-08-03,226.7300033569336,226.7300033569336,228.09999465942383,222.42000579833984,224.79000091552734,64007000,226.7300033569336
2022-08-04,229.90999221801758,229.90999221801758,232.07000732421875,225.04999160766602,227.67999649047852,71427000,229.90999221801758
2022-08-05,226.7799949645996,226.7799949645996,228.6199951171875,222.8700065612793,225.30000686645508,55397000,226.7799949645996
2022-08-08,233.49000930786133,233.49000930786133,241.95999145507812,226.41000747680664,227.49000549316406,109821000,233.49000930786133
2022-08-09,229.93999481201172,229.93999481201172,232.19999313354492,224.6500015258789,231.6200065612793,61812000,229.93999481201172
2022-08-10,244.10999298095703,244.10999298095703,244.5400047302246,236.5999984741211,236.98999404907227,92548000,244.10999298095703
2022-08-11,242.70000457763672,242.70000457763672,251.6200065612793,241.50999069213867,244.68000411987305,87801000,242.70000457763672
2022-08-12,249.3000030517578,249.3000030517578,249.4099998474121,243.75999450683594,244.81000900268555,60985000,249.3000030517578
2022-08-15,249.10999298095703,249.10999298095703,251.98999404907227,247.50999450683594,248.1100082397461,65274000,249.10999298095703
2022-08-16,245.69000244140625,245.69000244140625,249.29000854492188,244.02999877929688,247.15999603271484,51368000,245.69000244140625
2022-08-17,241.14999771118164,241.14999771118164,244.23999786376953,237.56000518798828,241.18000030517578,56272000,241.14999771118164
2022-08-18,245.17000198364258,245.17000198364258,246.48000717163086,239.2799949645996,241.95999145507812,52804000,245.17000198364258
2022-08-19,241.15999221801758,241.15999221801758,243.2900047302246,235.6800079345703,240.94999313354492,75047000,241.15999221801758
2022-08-22,226.5399932861328,226.5399932861328,233.47999572753906,224.58999633789062,232.54999160766602,86301000,226.5399932861328
2022-08-23,224.54999923706055,224.54999923706055,229.89999771118164,224.3000030517578,226.45999908447266,52769000,224.54999923706055
2022-08-24,229.61000442504883,229.61000442504883,234.0999984741211,223.93999099731445,225.6599998474121,54263000,229.61000442504883
2022-08-25,233.98000717163086,233.98000717163086,234.16000366210938,228.99999618530273,230.2400016784668,37669000,233.98000717163086
2022-08-26,223.27999114990234,223.27999114990234,236.9499969482422,223.15000534057617,233.63000869750977,53498000,223.27999114990234
2022-08-29,224.57000732421875,224.57000732421875,229.8699951171875,221.52000427246094,221.9300079345703,71094000,224.57000732421875
2022-08-30,220.65000534057617,220.65000534057617,229.79000091552734,218.74000549316406,226.66000366210938,57404000,220.65000534057617
2022-08-31,223.56000900268555,223.56000900268555,233.8800048828125,223.43000411987305,227.00000762939453,86159000,223.56000900268555
2022-09-01,230.03999710083008,230.03999710083008,230.3700065612793,219.4700050354004,220.7200050354004,72929000,230.03999710083008
2022-09-02,226.11000061035156,226.11000061035156,233.8800048828125,225.03999710083008,231.0300064086914,81649000,226.11000061035156
2022-09-06,218.39000701904297,218.39000701904297,226.84999465942383,214.68999862670898,225.5900001525879,74690000,218.39000701904297
2022-09-07,228.95999908447266,228.95999908447266,229.33000564575195,218.2699966430664,220.20999908447266,81493000,228.95999908447266
2022-09-08,227.43999481201172,227.43999481201172,228.74000549316406,221.29999160766602,224.16000366210938,67374000,227.43999481201172
2022-09-09,233.57000350952148,233.57000350952148,234.7800064086914,229.61999893188477,229.61999893188477,66996000,233.57000350952148
2022-09-12,236.52999877929688,236.52999877929688,239.48999404907227,233.36999893188477,233.61000061035156,60474000,236.52999877929688
2022-09-13,218.12999725341797,218.12999725341797,227.68999099731445,217.7199935913086,226.49999618530273,80001000,218.12999725341797
2022-09-14,224.1200065612793,224.1200065612793,227.99999237060547,215.79999923706055,219.82000350952148,82303000,224.1200065612793
2022-09-15,235.38000106811523,235.38000106811523,242.29000091552734,229.0999984741211,230.47000885009766,194541000,235.38000106811523
2022-09-16,240.1300048828125,240.1300048828125,241.3599967956543,227.83000946044922,231.21999740600586,189142000,240.1300048828125
2022-09-19,243.63000869750977,243.63000869750977,245.24999618530273,235.75000762939453,245.04999160766602,179124000,243.63000869750977
2022-09-20,242.8499984741211,242.8499984741211,250.48999786376953,239.65999603271484,240.3700065612793,160374000,242.8499984741211
2022-09-21,236.87000274658203,236.87000274658203,248.29999923706055,236.67999267578125,242.67000198364258,91668000,236.87000274658203
2022-09-22,237.04999923706055,237.04999923706055,240.49999237060547,231.66000366210938,235.3499984741211,100180000,237.04999923706055
2022-09-23,226.41000747680664,226.41000747680664,236.45000457763672,221.42999649047852,235.13999938964844,112072000,226.41000747680664
2022-09-26,224.06999588012695,224.06999588012695,232.70000457763672,223.01000595092773,225.59999465942383,82343000,224.06999588012695
2022-09-27,224.3600082397461,224.3600082397461,230.6399917602539,220.7200050354004,228.63000869750977,77622000,224.3600082397461
2022-09-28,245.20000457763672,245.20000457763672,246.65000915527344,227.38000869750977,229.68999862670898,175797000,245.20000457763672
2022-09-29,239.7100067138672,239.7100067138672,246.97999954223633,235.6800079345703,241.60999298095703,189949000,239.7100067138672
2022-09-30,235.44000625610352,235.44000625610352,242.43999481201172,233.26000213623047,237.00000762939453,118486000,235.44000625610352
2022-10-03,239.0399932861328,239.0399932861328,241.5399932861328,232.8499984741211,237.8499984741211,86574000,239.0399932861328
2022-10-04,240.73999404907227,240.73999404907227,245.79999923706055,233.25000762939453,244.83999252319336,139259000,240.73999404907227
2022-10-05,236.7300033569336,236.7300033569336,241.59000396728516,227.38000869750977,238.75999450683594,108256000,236.7300033569336
2022-10-06,240.0200080871582,240.0200080871582,244.2799949645996,233.91000747680664,236.67999267578125,91889000,240.0200080871582
2022-10-07,224.75000381469727,224.75000381469727,237.32999801635742,224.2799949645996,235.7699966430664,98061000,224.75000381469727
2022-10-10,229.9799919128418,229.9799919128418,233.82999420166016,224.2300033569336,225.6399917602539,99911000,229.9799919128418
2022-10-11,214.29000854492188,214.29000854492188,230.44000625610352,213.70000839233398,226.04999542236328,152824000,214.29000854492188
2022-10-12,220.86999893188477,220.86999893188477,223.67000579833984,212.63999938964844,214.3000030517578,129526000,220.86999893188477
2022-10-13,232.50999450683594,232.50999450683594,234.4700050354004,211.7300033569336,212.68999099731445,175050000,232.50999450683594
2022-10-14,230.0,230.0,238.79999160766602,229.51000213623047,237.80000686645508,152934000,230.0
2022-10-17,245.10000228881836,245.10000228881836,249.92000579833984,234.40000534057617,234.4099998474121,210578000,245.10000228881836
2022-10-18,240.86000442504883,240.86000442504883,250.3700065612793,237.73000717163086,249.79999542236328,257767000,240.86000442504883
2022-10-19,272.38000869750977,272.38000869750977,279.3000030517578,262.66000747680664,265.0,466853000,272.38000869750977
2022-10-20,268.1599998474121,268.1599998474121,278.3799934387207,266.3800048828125,272.7799987792969,172071000,268.1599998474121
